Localidade,Indígenas 2010 Total,Indígenas 2010 Urbano,Indígenas 2010 Rural,Indígenas 2010 TI Total,Indígenas 2010 TI Urbano,Indígenas 2010 TI Rural,Indígenas 2010 Fora TI Total,Indígenas 2010 Fora TI Urbano,Indígenas 2010 Fora TI Rural,Indígenas 2022 Total,Indígenas 2022 Urbano,Indígenas 2022 Rural,Indígenas 2022 TI Total,Indígenas 2022 TI Urbano,Indígenas 2022 TI Rural,Indígenas 2022 Fora TI Total,Indígenas 2022 Fora TI Urbano,Indígenas 2022 Fora TI Rural,% Indígenas 2010 Urbano,% Indígenas 2010 Rural,% Indígenas 2010 TI Urbano,% Indígenas 2010 TI Rural,% Indígenas 2010 Fora TI Urbano,% Indígenas 2010 Fora TI Rural,% Indígenas 2022 Urbano,% Indígenas 2022 Rural,% Indígenas 2022 TI Urbano,% Indígenas 2022 TI Rural,% Indígenas 2022 Fora TI Urbano,% Indígenas 2022 Fora TI Rural
Brasil,896917,324834,572083,517383,25963,491420,379534,298871,80663,1694836,914746,780090,622844,69986,552858,1071992,844760,227232,36.21672908418505,63.78327091581495,5.018139366774711,94.9818606332253,78.746831640907,21.253168359092996,53.97253775586547,46.02746224413454,11.236521504582207,88.76347849541779,78.8028268867678,21.197173113232186
