{"type":"Topology","objects":{"data":{"geometries":[{"properties":{"CD_UF":"43","NM_UF":"Rio Grande do Sul","SIGLA_UF":"RS"},"type":"MultiPolygon","arcs":[[[-942,-941,940,-940,-939,938,-938,-937,936,-936,-935,934,-934,-933,932,-932,-931,930,-930,-929,928,-928,0]],[[1]]],"id":0},{"properties":{"CD_UF":"35","NM_UF":"S\u00e3o Paulo","SIGLA_UF":"SP"},"type":"MultiPolygon","arcs":[[[2]],[[3]],[[4]],[[5]],[[6]],[[7]],[[8]],[[9]],[[10]],[[11]],[[12]],[[13]],[[14]],[[-17,15]],[[16,17]],[[18]],[[19]],[[20]],[[21]],[[22]],[[23]],[[-1499,-1161,-1160,1159,24,1194,-558,-557,556,-556,-555,554,-554,-553,552,-552,550,-550,-549,548,-548,-547,-546,-545,544,545,-544,-543,542,-542,-541,540,-540,-539,538,-538,-537,536,-536,-535,-534,-533,-532,-531,-530,528,529,-528,-527,526,-526,-525,524,-524,-523,522,-522,520,-520,-519,518,-518,-517,516,-516,-515,514,-514,-513,512,-609,-608,607,-607,-606,605,-605,25,-108,26,-926,-924]],[[27]],[[28]],[[29]],[[30]],[[31]],[[32]],[[33]],[[34]],[[35]],[[36]],[[37]],[[38]],[[39]],[[40]],[[41]],[[42]],[[43]],[[44]],[[45]],[[46]],[[47]],[[48]],[[49]],[[50]],[[51]],[[52]],[[53]],[[54]],[[55]],[[56]],[[57]],[[58]],[[59]],[[60]],[[61]],[[62]],[[-65,63]],[[64,65]],[[66]],[[67]],[[68]],[[69]],[[70]],[[71]],[[72]],[[73]],[[74]],[[75]],[[76]],[[77]],[[78]],[[79]],[[80]],[[81]],[[82]],[[83]],[[84]],[[85]],[[86]],[[87]],[[88]],[[89]],[[90]],[[91]],[[92]],[[93]],[[94]],[[95]],[[96]],[[97]],[[98]],[[99]],[[100]],[[101]],[[102]],[[103]],[[104]],[[105]],[[106,107]],[[108]],[[109]],[[110]],[[111]],[[112]],[[113]],[[114]],[[115]],[[116]],[[117]],[[118]],[[119]],[[120]],[[121]],[[122]],[[123]],[[124]],[[125]],[[126]]],"id":1},{"properties":{"CD_UF":"32","NM_UF":"Esp\u00edrito Santo","SIGLA_UF":"ES"},"type":"MultiPolygon","arcs":[[[127]],[[128]],[[129]],[[130]],[[131]],[[132]],[[133]],[[134]],[[135]],[[136]],[[137]],[[138]],[[139]],[[-575,-574,573,-573,-572,571,-571,-570,569,-569,-568,567,-567,-566,565,-565,563,-563,-562,561,-561,-560,559,-559,-1164,-1163,1162,-1162,-1985,140,-147,141]],[[142]],[[143]],[[144]],[[145]],[[146,147]],[[148]],[[149]],[[150]],[[151]],[[152]],[[153]],[[154]],[[155]],[[156]],[[157]],[[158]],[[159]],[[160]],[[161]],[[162]],[[163]],[[164]],[[165]],[[166]],[[167]],[[168]],[[169]],[[170]],[[171]],[[172]],[[173]],[[174]],[[175]],[[176]],[[177]],[[178]],[[179]],[[180]],[[181]],[[182]],[[183]],[[184]],[[185]],[[186]],[[187]],[[188]],[[189]],[[-192,190]],[[191,192]],[[193]],[[194]],[[195]],[[196]],[[197]],[[198]],[[199]],[[200]],[[201]],[[202]],[[203]],[[204]],[[205]],[[206]],[[207]],[[208]],[[209]],[[210]],[[211]],[[212]],[[213]]],"id":2},{"properties":{"CD_UF":"33","NM_UF":"Rio de Janeiro","SIGLA_UF":"RJ"},"type":"MultiPolygon","arcs":[[[214]],[[215]],[[216]],[[217]],[[218]],[[219]],[[220]],[[221]],[[222]],[[223]],[[-603,224]],[[225]],[[226]],[[227]],[[228]],[[229]],[[230]],[[231]],[[232]],[[233]],[[234]],[[235]],[[236]],[[237]],[[238]],[[239]],[[240]],[[241]],[[242]],[[243]],[[244]],[[245]],[[246]],[[247]],[[248]],[[249]],[[250]],[[251]],[[252]],[[253]],[[254]],[[255]],[[256]],[[257]],[[258]],[[259]],[[260]],[[261]],[[262]],[[263]],[[264]],[[265]],[[266]],[[267]],[[268]],[[269]],[[270]],[[271]],[[272]],[[273]],[[274]],[[275]],[[276]],[[277]],[[278]],[[279]],[[280]],[[281]],[[282]],[[283]],[[284]],[[285]],[[286]],[[287]],[[288]],[[289]],[[290]],[[291]],[[292]],[[293]],[[294]],[[295]],[[296]],[[297]],[[298]],[[299]],[[300]],[[301]],[[302]],[[303]],[[304]],[[305]],[[306]],[[307]],[[308]],[[309]],[[310]],[[311]],[[312]],[[313]],[[314]],[[315]],[[316]],[[317]],[[318]],[[319]],[[320]],[[321]],[[322]],[[323]],[[324]],[[325]],[[326]],[[327]],[[328]],[[329]],[[330]],[[331]],[[332]],[[333]],[[334]],[[335]],[[336]],[[337]],[[338]],[[339]],[[340]],[[341]],[[342]],[[343]],[[344]],[[345]],[[346]],[[347]],[[348]],[[349]],[[350]],[[-599,351]],[[352]],[[353]],[[354]],[[355]],[[600,-601]],[[356]],[[357]],[[358]],[[359]],[[360]],[[361]],[[362]],[[363]],[[364]],[[365]],[[366]],[[367]],[[368]],[[369]],[[370]],[[371]],[[372]],[[373]],[[374]],[[375]],[[376]],[[377]],[[378]],[[379]],[[-382,380]],[[381,382]],[[383]],[[384]],[[385]],[[386]],[[387]],[[388]],[[389]],[[390]],[[391]],[[392]],[[393]],[[394]],[[395]],[[396]],[[397]],[[398]],[[399]],[[400]],[[401]],[[402]],[[403]],[[404]],[[405]],[[406]],[[407]],[[408]],[[409]],[[410]],[[411]],[[412]],[[413]],[[414]],[[415]],[[416]],[[417]],[[418]],[[419]],[[420]],[[421]],[[422]],[[423]],[[424]],[[425]],[[426]],[[427]],[[428]],[[429]],[[430]],[[431]],[[432]],[[433]],[[434]],[[-597,435,-595,436,-593,437]],[[438]],[[439]],[[440]],[[441]],[[442]],[[443]],[[444]],[[445]],[[446]],[[447]],[[448]],[[449]],[[450]],[[451]],[[452]],[[453]],[[454]],[[455]],[[456]],[[457]],[[458]],[[459]],[[460]],[[461]],[[462]],[[463]],[[464]],[[465]],[[466]],[[467]],[[468]],[[469]],[[470]],[[471]],[[472]],[[473]],[[474]],[[475]],[[476]],[[477]],[[478]],[[479]],[[480]],[[481]],[[482]],[[483]],[[484]],[[485]],[[486]],[[487]],[[488]],[[489]],[[490]],[[491]],[[492]],[[493]],[[494]],[[495]],[[496]],[[497]],[[498]],[[499]],[[500]],[[501]],[[502]],[[503]],[[504]],[[504]],[[505]],[[506]],[[507,508,-511]],[[509,510,-590,511]],[[690,-691]],[[-513,512,513,-515,514,515,-517,516,517,-519,518,519,520,521,-523,522,523,-525,524,525,-527,526,527,-530,528,529,530,531,532,533,534,535,-537,536,537,-539,538,539,-541,540,541,-543,542,543,-546,-545,544,545,546,547,-549,548,549,550,551,-553,552,553,-555,554,555,-557,556,557,-1195,-1194,-1193,1192,-1192,-1191,1190,-1190,-1189,1188,-1188,-1187,1186,-1186,-1185,1184,-1184,-1183,1182,-1182,1180,-1180,-1179,1178,-1178,-1177,1176,-1176,-1175,1174,-1174,-1173,1172,-1172,-1171,1170,-1170,-1169,1168,-1168,-1167,1166,-1166,-1165,558,-560,559,560,-562,561,562,563,564,-566,565,566,-568,567,568,-570,569,570,-572,571,572,-574,573,574,575,-908,576,-866,577,861,578,579,-632,580,-635,581,-656,582,583,-654,584,-652,585,-650,586,-648,587,-676,588,589,590,-690,-688,591,592,593,594,595,596,597,598,599,600,601,602,603,604,-606,605,606,-608,607,608]],[[609]],[[610]],[[611]],[[612]],[[613]],[[614]],[[615]],[[-641,616,-627,617,-623,618]],[[619]],[[620]],[[621,-625,624]],[[622,623]],[[624,-625]],[[625]],[[626,627]],[[628]],[[629]],[[-634,630,631,632]],[[633,-634]],[[634,635]],[[636]],[[637]],[[638]],[[-644,639]],[[640,641,-646,642,643,644]],[[645,646]],[[647,648,649,650,651,652,653,654,655,656]],[[657]],[[658]],[[659]],[[-671,660]],[[661]],[[662]],[[663]],[[664]],[[665]],[[666]],[[667]],[[668]],[[669]],[[670,671]],[[672]],[[673]],[[674]],[[675,676]],[[677]],[[678]],[[679]],[[680]],[[681]],[[682]],[[683]],[[684]],[[-689,685,686,687]],[[688,689,690,691]],[[-694,692]],[[693,694]],[[695]],[[696]],[[697]],[[698]],[[699]],[[700]],[[701]],[[702]],[[703]],[[704]],[[705]],[[770,706]],[[773]],[[707]],[[707]],[[708]],[[709]],[[710]],[[711]],[[712]],[[713]],[[714]],[[715]],[[716]],[[717]],[[718]],[[719]],[[720]],[[721]],[[722]],[[723]],[[724]],[[725]],[[726]],[[727]],[[728]],[[729]],[[730]],[[731]],[[732]],[[733]],[[734]],[[735]],[[736]],[[741,-742]],[[737]],[[738]],[[738]],[[738]],[[739]],[[740]],[[-742,741,742,743,744]],[[745]],[[745]],[[745]],[[745]],[[745]],[[745]],[[745]],[[747]],[[746]],[[747]],[[747]],[[748]],[[749]],[[750]],[[751]],[[752]],[[753]],[[754]],[[755]],[[756]],[[757]],[[758]],[[759]],[[760]],[[761,-766]],[[762]],[[763]],[[766,-767]],[[764,765,766,767]],[[769,-770]],[[768,-769]],[[769,770,771]],[[772]],[[773]],[[773]],[[774]],[[775]],[[776]],[[777]],[[778]],[[779]],[[780]],[[781]],[[782]],[[783]],[[784]],[[785]],[[786]],[[787]],[[788]],[[789]],[[790]],[[791]],[[792]],[[793]],[[794]],[[-798,795]],[[796,797]],[[798]],[[799]],[[800]],[[801]],[[802]],[[803]],[[804]],[[-807,805]],[[806,807]],[[808]],[[809]],[[810]],[[811]],[[812]],[[813]],[[814]],[[815]],[[816]],[[817]],[[818]],[[819]],[[820]],[[821]],[[822]],[[823]],[[824]],[[825]],[[826]],[[827]],[[828]],[[829]],[[830]],[[831]],[[832]],[[833]],[[834]],[[835]],[[836]],[[837]],[[838]],[[839]],[[840]],[[841]],[[842]],[[843]],[[844]],[[845]],[[846]],[[847]],[[848]],[[849]],[[850]],[[851]],[[852]],[[853]],[[854]],[[855]],[[856]],[[857]],[[858]],[[859]],[[860]],[[861,-862]],[[862]],[[863]],[[864]],[[865,866]],[[867]],[[868]],[[869]],[[870]],[[871]],[[872]],[[873]],[[874]],[[875]],[[876]],[[877]],[[878]],[[879]],[[-882,880]],[[881,882]],[[883]],[[884]],[[885]],[[886]],[[887]],[[888]],[[889]],[[890]],[[891]],[[892]],[[893]],[[895]],[[894]],[[895]],[[896]],[[897]],[[898]],[[899]],[[900]],[[901]],[[902]],[[903]],[[904]],[[905]],[[906]],[[907,908]],[[909]],[[910]],[[911]],[[912]],[[913]],[[914]],[[915]],[[916]],[[917]],[[918]]],"id":3},{"properties":{"CD_UF":"41","NM_UF":"Paran\u00e1","SIGLA_UF":"PR"},"type":"MultiPolygon","arcs":[[[919]],[[920]],[[921]],[[-945,944,-944,922,-1500,923,924,-1080,-1079,1078,-1078,-1077,1076,-1076,-1075,1074,-1074,-1073,-1072,1071,-1071,-1070,-1069,-1068,-1067,-1066,-1065,-1064,-1063,1062,-1062,-1061,1060,-1060,-1059,-1058,1057,-1057,-1056,-1055,1054,-1054,-1053,1052,-1052,-1051,-1050,-1049,-1048,1046,-1046,-1045,1044,-1044,-1043,1042,-1042,1040,-1040,-1039,1038,-1038,1036,-1036,1034,-1034,-1033,1032,-1032,-1031,1030,-1030,-1029,-1028,-1027,-1026,1027,-1025,-1024,1023,-1023,1021,-1021,1019,-1019,1017,-1017,1015,-1015,1013,-1013,-1012,1011,-1011,-1010,1009,-1009,-1008,-1007,-1006,-1005,1003,-1003,-1002,1001,-1001,-1000,-999,-998,996,-996,-995,994,-994,-993,992,-992,-991,990,-990,-989,988,-988,987,-987,985,-985,983,-983,-982,981,-981,-980,979,-979,-978,977,-977,975,-975,973,-973,-972,971,-971,970,-970,-969,968,-968,-967,966,-966,-965,964,-964,-963,962,-962,-961,960,-960,-959,958,-958,-957,956,-956,-955,954,-954,-953,952,-952,950,-950,-949,-948,947,-947,-946]],[[925,926]]],"id":4},{"properties":{"CD_UF":"42","NM_UF":"Santa Catarina","SIGLA_UF":"SC"},"type":"MultiPolygon","arcs":[[[927,-929,928,929,-931,930,931,-933,932,933,-935,934,935,-937,936,937,-939,938,939,-941,940,941,942,943,-945,944,945,946,-948,947,948,949,950,951,-953,952,953,-955,954,955,-957,956,957,-959,958,959,-961,960,961,-963,962,963,-965,964,965,-967,966,967,-969,968,969,-971,970,-972,971,972,973,974,975,976,-978,977,978,-980,979,980,-982,981,982,983,984,985,986,-988,987,-989,988,989,-991,990,991,-993,992,993,-995,994,995,996,997,998,999,1000,-1002,1001,1002,1003,1004,1005,1006,1007,1008,-1010,1009,1010,-1012,1011,1012,1013,1014,1015,1016,1017,1018,1019,1020,1021,1022,-1024,1023,1024,-1028,1025,1026,1027,1028,1029,-1031,1030,1031,-1033,1032,1033,1034,1035,1036,1037,-1039,1038,1039,1040,1041,-1043,1042,1043,-1045,1044,1045,1046,1047,1048,1049,1050,1051,-1053,1052,1053,-1055,1054,1055,1056,-1058,1057,1058,1059,-1061,1060,1061,-1063,1062,1063,1064,1065,1066,1067,1068,1069,1070,-1072,1071,1072,1073,-1075,1074,1075,-1077,1076,1077,-1079,1078,1079,1080]],[[1081]],[[1082]],[[1083]],[[1084]],[[1085]],[[1086]],[[1087]],[[1088]],[[1089]],[[1090]],[[1091]],[[1092]],[[1093]],[[1094]],[[1095]],[[1096]],[[1097]],[[1098]],[[1099]],[[1100]],[[1101]],[[1102]],[[1103]],[[1104]],[[1105]],[[1106]],[[1107]],[[1108]],[[1109]],[[1110]],[[1111]],[[1112]],[[1113]],[[1114]],[[1115]],[[1116]],[[1117]],[[1118]],[[1119]],[[1120]],[[1121]],[[1122]],[[1123]],[[1124]],[[1125]],[[1126]],[[1127]],[[1128]],[[1129]],[[1130]],[[1131]],[[1132]],[[1133]],[[1134]],[[1135]],[[1136]],[[1137]],[[1138]],[[1139]],[[1140]],[[1141]],[[1142]],[[1143]],[[1144]],[[1145]],[[1146]],[[1147]],[[1148]],[[1149]],[[1150]],[[1151]],[[1152]],[[1153]],[[1154]],[[1155]],[[1156]],[[1157]],[[1158]]],"id":5},{"properties":{"CD_UF":"31","NM_UF":"Minas Gerais","SIGLA_UF":"MG"},"type":"Polygon","arcs":[[-1160,1159,1160,-1498,-1281,-1280,-1279,-1278,1276,-1276,-1275,1274,-1274,-1273,-1272,-1271,1270,-1270,-1269,1268,-1268,-1490,-1267,-1266,1265,-1265,1263,-1263,-1262,1261,-1261,1259,-1259,-1258,1257,-1257,-1256,1255,-1255,1253,-1253,1251,-1251,1249,-1249,-1248,-1247,1246,-1246,-1245,-1244,-1243,1242,-1242,-1241,-1240,1239,-1239,-1238,-1237,-1236,1234,-1234,-1233,1232,-1232,-1231,1230,-1230,-1229,-1228,-1227,-1226,-1225,1224,-1224,-1223,1222,-1222,-1221,1220,-1220,-1219,1218,-1218,1216,-1216,-1215,1214,-1214,-1213,1212,-1212,-1211,1210,-1210,-1209,1208,-1208,-1207,-1206,1205,-1205,-1204,1203,-1203,-1202,1201,-1201,-2009,-2008,2007,-2007,-2006,2005,-2005,-2004,2003,-2003,-2002,-2001,2000,-2000,1998,-1998,-1997,1996,-1996,-1995,1994,-1994,-1993,1992,-1992,-1991,1990,-1990,-1989,1988,-1988,-1987,1986,-1986,1161,-1163,1162,1163,1164,1165,-1167,1166,1167,-1169,1168,1169,-1171,1170,1171,-1173,1172,1173,-1175,1174,1175,-1177,1176,1177,-1179,1178,1179,1180,1181,-1183,1182,1183,-1185,1184,1185,-1187,1186,1187,-1189,1188,1189,-1191,1190,1191,-1193,1192,1193,1194,1195]],"id":6},{"properties":{"CD_UF":"23","NM_UF":"Cear\u00e1","SIGLA_UF":"CE"},"type":"Polygon","arcs":[[-1494,1196,-1282,-1561,-1560,-1567],[1197],[1198],[1199]],"id":7},{"properties":{"CD_UF":"52","NM_UF":"Goi\u00e1s","SIGLA_UF":"GO"},"type":"Polygon","arcs":[[-1497,-1496,1495,-1495,-1530,-1529,1528,-1528,-1527,1526,-1526,-1525,-1524,1523,-1523,-1522,-1521,-1520,1519,-1519,-1518,1516,-1516,-1515,-1514,-1513,-1512,-1511,-1510,1509,-1509,-1508,1507,-1507,-1506,-1505,-1504,1503,-1503,-1502,1501,-1543,-1542,1541,-1541,-1540,1539,-1539,-1635,-1634,1633,-1633,-1632,1631,-1631,-1630,1629,-1629,-1628,1627,-1627,1626,-1626,-1625,1624,-1624,-1623,1622,-1622,-1621,1620,-1620,-1619,1618,-1618,-1617,1616,-1616,-1615,-1614,-1613,1612,-1612,-1611,1610,-1610,-1609,1608,-1608,-1607,1606,-1982,-1981,1980,-1980,-1979,1978,-1978,-1977,-1976,-1975,1974,-1974,-1973,1972,-1972,-1971,-1970,-1969,1968,-1968,-1967,-1966,-1965,-1964,-1963,-1962,-1961,-1960,-1959,1958,-1958,-1957,1956,-1956,-1955,1954,-1954,-1953,1952,-1952,-1951,1950,-1950,-1949,1948,-1948,-1947,-1946,-1945,1944,-1944,-1943,1942,-1942,-1941,1940,-1940,-1939,-1938,-1937,1936,-1936,-1935,1934,-1934,-1933,1932,-1932,-1931,1930,-1930,-1929,1928,-1928,-1927,1926,-1926,-1925,1924,-1924,-1923,-1922,-1921,-1920,-1919,1918,-1918,-1917,1916,-1916,-1915,1914,-1914,-1913,1912,-1912,-1911,1910,-1910,-1909,1908,-1908,-1907,1906,-1906,-1905,1904,-1904,-1903,-1902,-1901,-1900,-1899,1898,-1898,-1897,1896,-1896,-1895,1894,-1894,-1893,-1892,-1891,-1890,-1889,1888,-1888,-1887,1886,-1886,-1885,-1884,-1883,1882,-1882,-1881,1880,-1880,-1879,1878,-1878,-1877,1876,-1876,-1875,-1874,1873,-1873,-1872,1871,-1871,-1870,1869,-1869,-1868,1867,-1867,-1866,-1865,-1864,1863,-1863,-1862,1861,-1861,-1860,-1859,-1858,1857,-1857,-1856,-1855,-1854,-1853,1852,-1852,-1851,1850,-1850,-1849,1848,-1848,-1847,1846,-1846,-1845,-1844,-1843,1842,-1842,-1841,1840,-1840,-1839,-1838,-1837,-1836,-1835,-1834,1833,-1833,-1832,1831,-1831,-1830,1829,-1829,-1828,1827,-1827,-1826,1825,-1825,-1824,1823,-1823,-1822,1821,-1821,-1820,1819,-1819,-1818,1817,-1817,-1816,1815,-1815,-1814,-1813,1812,-1812,-1811,1810,-1810,-1809,1808,-1808,-1807,1806,-1806,-1805,1804,-1804,-1803,1802,-1802,-1801,1800,-1800,-1799,1798,-1798,-1797,1796,-1796,-1795,1794,-1794,-1793,-1792,1791,-1791,-1790,1789,-1789,-1788,1787,-1787,-1786,-1785,-1784,-1783,-1782,1781,-1781,-1780,1779,-1779,-1778,1777,-1777,-1776,1775,-1775,-1774,1773,-1773,-1772,-1771,-1770,1769,-1769,-1768,1767,-1767,-1766,-1765,1765,-1764,-1763,1762,-1762,-1761,1760,-1760,-1759,-1758,-1757,1756,-1756,-1755,-1754,-1753,1752,-1752,-1751,1750,-1750,-1749,1748,-1748,-1747,1746,-1746,-1745,1744,-1744,-1743,1742,-1742,-1741,1740,-1740,-1739,1738,-1738,-1737,1736,-1736,-1735,1734,-1734,-1733,1732,-1732,-1731,-1730,-2010,1200,-1202,1201,1202,-1204,1203,1204,-1206,1205,1206,1207,-1209,1208,1209,-1211,1210,1211,-1213,1212,1213,-1215,1214,1215,-1217,1217,-1219,1218,1219,-1221,1220,1221,-1223,1222,1223,-1225,1224,1225,1226,1227,1228,1229,-1231,1230,1231,-1233,1232,1233,-1235,1235,1236,1237,1238,-1240,1239,1240,1241,-1243,1242,1243,1244,1245,-1247,1246,1247,1248,-1250,1250,-1252,1252,-1254,1254,-1256,1255,1256,-1258,1257,1258,-1260,1260,-1262,1261,1262,-1264,1264,-1266,1265,1266,-1489,-1488,1487,-1487,-1486,1485,-1485,-1484,-1483,-1482,1481,-1481,-1480,1479,-1479,-1478,1477,-1477,-1476,1475,-1475,-1474,1473,-1473,-1472,1471,-1471,-1470,1469,-1469,-1468,-1467,-1466,1465,-1465,-1464,-1463,-1462,1461,-1461,-1460,1459,-1459,-1458,1457,-1457,-1456,-1455,-1454,1453,-1453,-1452,1451,-1451,1450,-1450,-1449,1448,-1448,-1447,1446,-1446,-1445,1444,-1444,-1443,-1442,-1441,-1440,-1439,1438,-1438,-1437,1436,-1436,-1435,1434,-1434,-1433,1432,-1432,-1431,1430,-1430,-1429,-1428,-1427,1426,-1426,-1425,1424,-1424,-1423,1422,-1422,-1421,1420,-1420,-1419,1418,-1418,-1417,-1416,1415,-1415,-1414,1413,-1413,-1412,-1411,-1410,-1409,1408,-1408,-1407,1406,-1406,-1405,1404,-1404,-1403,1402,-1402,-1401,1400,-1400,-1399,1398,-1398,-1397,1395,-1395,-1394,-1393,-1392,-1391,1390,-1390,-1389,1388,-1388,-1387,-1386,-1385,1384,-1384,-1383,1382,-1382,-1381,1380,-1380,-1379,-1378,1377,-1377,-1376,1375,-1375,-1374,1373,-1373,-1372,1371,-1371,-1370,-1369,-1368,1367,-1367,-1366,1365,-1365,-1364,1363,-1363,-1362,1361,-1361,-1360,1359,-1359,-1358,1357,-1357,-1356,1355,-1355,-1354,1353,-1353,-1352,1351,-1351,-1350,-1349,-1348,-1347,-1346,-1491,1267,-1269,1268,1269,-1271,1270,1271,1272,1273,-1275,1274,1275,-1277,1277,1278,1279,1280]],"id":8},{"properties":{"CD_UF":"24","NM_UF":"Rio Grande do Norte","SIGLA_UF":"RN"},"type":"MultiPolygon","arcs":[[[1281,1282,-1562]],[[1283]]],"id":9},{"properties":{"CD_UF":"21","NM_UF":"Maranh\u00e3o","SIGLA_UF":"MA"},"type":"MultiPolygon","arcs":[[[-1728,-1727,1726,-1726,-1725,1724,-1724,-1723,1722,-1722,-1721,1720,-1720,-1719,1718,-1718,-1717,1716,-1716,-1715,1714,-1714,1712,-1712,-1711,1710,-1710,-1709,1708,-1708,-1707,1706,-1706,-1705,1704,-1704,-1703,-1702,1701,-1701,-1700,1699,-1699,-1698,1697,-1697,-1696,1695,-1695,-1694,1693,-1693,-1692,1691,-1691,-1690,1689,-1689,1687,-1687,-1686,1685,-1685,-1684,1683,-1683,-1682,-1681,-1680,1679,-1679,1678,1680,-1678,1676,-1676,-1675,1674,-1674,1672,-1672,1670,-1670,-1669,1668,-1668,-1667,-1666,1665,-1665,-1664,1663,-1663,-1662,1661,-1661,-1660,1659,-1659,1657,-1657,-1656,1655,-1655,-1654,1653,-1653,-1652,1651,-1651,-1650,1649,-1649,-1648,1647,-1647,-1646,1645,-1645,-1644,1643,-1643,-1642,1641,-1641,-1640,1639,-1639,-1638,1637,-1637,-2897,-2896,2895,-2895,2893,-2893,1284,-1492]],[[1285]],[[1286]],[[1287]],[[1288]],[[1289]],[[1290]],[[1291]],[[1292]],[[1293]],[[1294]],[[1295]],[[1296]],[[1297]],[[1298]],[[1299]],[[1300]],[[1301]],[[1302]],[[1303]],[[1304]],[[1305]],[[1306]],[[1307]],[[1308]],[[1309]],[[1310]],[[1311]],[[1312]],[[1313]],[[1314]],[[1315]],[[1316]],[[1317]],[[1318]],[[1319]],[[1320]],[[1321]],[[1322]],[[1323]],[[1324]],[[1325]],[[1326]],[[1327]],[[1328]],[[1329]],[[1330]],[[1331]],[[1332]],[[1333]],[[1334]],[[1335]],[[1336]],[[1337]],[[1338]],[[1339]],[[1340]],[[1341]],[[1342]],[[1343]],[[1344]]],"id":10},{"properties":{"CD_UF":"53","NM_UF":"Distrito Federal","SIGLA_UF":"DF"},"type":"Polygon","arcs":[[1345,1346,-1348,1348,-1350,1350,-1352,1351,1352,-1354,1353,1354,-1356,1355,1356,-1358,1357,1358,-1360,1359,1360,-1362,1361,1362,-1364,1363,1364,-1366,1365,1366,-1368,1367,1368,1369,1370,-1372,1371,1372,-1374,1373,1374,-1376,1375,1376,-1378,1377,1378,1379,-1381,1380,1381,-1383,1382,1383,-1385,1384,1385,-1387,1387,-1389,1388,1389,-1391,1390,1391,-1393,1393,1394,1395,1396,1397,-1399,1398,1399,-1401,1400,1401,-1403,1402,1403,-1405,1404,1405,-1407,1406,1407,-1409,1408,1409,-1411,-1412,1411,1412,-1414,1413,1414,-1416,1415,1416,1417,-1419,1418,1419,-1421,1420,1421,-1423,1422,1423,-1425,1424,1425,-1427,1426,1427,-1429,1429,-1431,1430,1431,-1433,1432,1433,-1435,1434,1435,-1437,1436,1437,-1439,1438,1439,1440,-1442,1442,1443,-1445,1444,1445,-1447,1446,1447,-1449,1448,1449,-1451,1450,-1452,1451,1452,-1454,1453,1454,-1456,1456,-1458,1457,1458,-1460,1459,1460,-1462,1461,1462,-1464,1464,-1466,1465,1466,-1468,1468,-1470,1469,1470,-1472,1471,1472,-1474,1473,1474,-1476,1475,1476,-1478,1477,1478,-1480,1479,1480,-1482,1481,1482,-1484,1484,-1486,1485,1486,-1488,1487,1488,1489,1490]],"id":11},{"properties":{"CD_UF":"22","NM_UF":"Piau\u00ed","SIGLA_UF":"PI"},"type":"Polygon","arcs":[[-1729,1491,1492,1493,-1566,-2452]],"id":12},{"properties":{"CD_UF":"50","NM_UF":"Mato Grosso do Sul","SIGLA_UF":"MS"},"type":"Polygon","arcs":[[-1537,-1536,1535,-1535,-1534,1533,-1533,-1532,1531,-1531,1494,-1496,1495,1496,1497,1498,1499,1500]],"id":13},{"properties":{"CD_UF":"51","NM_UF":"Mato Grosso","SIGLA_UF":"MT"},"type":"Polygon","arcs":[[-1502,1501,1502,-1504,1503,1504,1505,1506,-1508,1507,1508,-1510,1509,1510,1511,1512,1513,1514,1515,1516,1517,1518,-1520,1519,1520,1521,1522,-1524,1523,1524,1525,-1527,1526,1527,-1529,1528,1529,1530,-1532,1531,1532,-1534,1533,1534,-1536,1535,1536,1537,-1602,-1601,1600,-1600,-1599,1598,-1598,-1597,1596,-1596,-1553,-2887,-1636,1538,-1540,1539,1540,-1542,1541,1542]],"id":14},{"properties":{"CD_UF":"27","NM_UF":"Alagoas","SIGLA_UF":"AL"},"type":"MultiPolygon","arcs":[[[1543]],[[-1549,1548,-1548,-2454,-1570,1544,-1550]]],"id":15},{"properties":{"CD_UF":"12","NM_UF":"Acre","SIGLA_UF":"AC"},"type":"Polygon","arcs":[[-1554,-1588,1545]],"id":16},{"properties":{"CD_UF":"28","NM_UF":"Sergipe","SIGLA_UF":"SE"},"type":"MultiPolygon","arcs":[[[1546]],[[-2855,2854,-2854,-2853,2852,-2852,-2851,2850,-2850,-2849,2848,-2848,-2847,2846,-2846,-2845,2844,-2844,-2843,2842,-2842,-2841,2840,-2840,-2839,2838,-2838,-2837,2836,-2836,-2835,2834,-2834,-2833,2832,-2832,-2831,2830,-2830,-2829,2828,-2828,2827,-2827,2825,-2825,-2824,2823,-2823,-2822,2821,-2821,-2820,2819,-2819,-2818,2817,-2817,-2816,2815,-2815,-2814,2813,-2813,-2812,2811,-2811,-2810,2809,-2809,-2808,2807,-2807,-2806,2805,-2805,-2804,2803,-2803,-2802,2801,-2801,-2800,2799,-2799,-2798,2797,-2797,-2796,2795,-2795,-2794,2793,-2793,-2792,2791,-2791,-2790,2789,-2789,-2788,2787,-2787,-2786,2785,-2785,-2784,2783,-2783,-2782,2781,-2781,-2780,2779,-2779,-2778,2776,-2776,2775,-2775,-2774,2773,-2773,2771,-2771,2769,-2769,-2768,2767,-2767,-2766,2765,-2765,-2764,2763,-2763,-2762,2761,-2761,-2760,2759,-2759,-2758,2757,-2757,-2756,2755,-2755,-2754,2753,-2753,-2752,-2751,2750,-2750,-2749,2748,-2748,-2747,2746,-2746,-2745,2744,-2744,-2743,2742,-2742,-2741,2740,-2740,2738,-2738,-2737,-2736,2735,2736,-2735,-2734,2733,-2733,-2732,2731,-2731,2729,-2729,-2728,-2727,2726,-2726,-2725,2724,-2724,-2723,2722,-2722,-2721,2720,-2720,-2719,2718,2717,-2717,-2716,2715,-2715,-2714,2713,-2713,-2712,2711,-2711,-2710,2709,-2709,-2708,2707,-2707,-2706,2705,-2705,-2704,2703,-2703,-2702,2701,-2701,-2700,2699,-2699,-2698,2697,-2697,-2696,2695,-2695,-2694,2693,-2693,-2692,2691,-2691,-2690,2689,-2689,-2688,2687,-2687,-2686,2685,-2685,-2684,2683,-2683,-2682,2681,-2681,-2680,2679,-2679,-2678,2677,-2677,-2676,2675,-2675,-2674,2673,-2673,-2672,2671,-2671,-2670,2669,-2669,-2668,2667,-2667,-2666,2665,-2665,-2664,2663,-2663,-2662,2661,-2661,-2660,2659,-2659,-2658,2657,-2657,-2656,2655,-2655,-2654,2653,-2653,-2652,2651,-2651,-2650,2649,-2649,-2648,2647,-2647,-2646,2645,-2645,-2644,2643,-2643,2641,-2641,-2640,2639,-2639,-2638,2637,-2637,2635,-2635,2634,-2634,-2633,2632,-2632,-2631,2630,-2630,-2629,2628,-2628,-2627,2626,-2626,-2625,2624,-2624,-2623,2622,-2622,-2621,2620,-2620,-2619,2618,-2618,2616,-2616,2614,-2614,-2613,2612,-2612,-2611,2610,-2610,-2609,2608,-2608,-2607,2606,-2606,-2605,2604,-2604,-2603,2602,2601,-2601,-2600,2599,-2599,-2598,2597,-2597,-2596,2595,-2595,-2594,2593,-2593,-2592,2591,-2591,-2590,2589,-2589,-2588,2587,-2587,-2586,2585,-2585,-2584,2583,-2583,-2582,2581,-2581,-2580,2579,-2579,-2578,2577,-2577,-2576,2575,-2575,-2574,2573,-2573,-2572,2571,-2571,-2570,2569,-2569,-2568,2567,-2567,-2566,2565,-2565,-2564,2563,-2563,-2562,2561,-2561,-2560,-2559,2558,-2558,-2557,2556,-2556,-2555,2554,-2554,-2553,2552,-2552,-2551,2550,-2550,-2549,-2548,2547,-2547,-2546,2545,-2545,-2544,2543,-2543,-2542,-2541,2540,-2540,-2539,2538,-2538,-2537,2536,-2536,-2535,2534,-2534,-2533,2532,-2532,-2531,2530,-2530,-2529,2528,-2528,-2527,2526,-2526,-2525,2524,-2524,-2523,2522,-2522,-2521,2520,-2520,-2519,2518,-2518,-2517,2516,-2516,-2515,2514,-2514,-2513,2512,-2512,-2511,2510,-2510,-2509,2508,-2508,-2507,-2506,2505,-2505,-2504,2503,-2503,-2502,2501,-2501,-2500,2499,-2499,-2498,2497,-2497,-2496,2495,-2495,-2494,2493,-2493,-2492,2491,-2491,-2490,2489,-2489,-2488,2487,-2487,-2486,2485,-2485,-2484,2483,-2483,-2482,2481,-2481,-2480,2479,-2479,-2478,2477,-2477,-2476,2475,-2475,-2474,2473,-2473,-2472,2471,-2471,-2470,2469,-2469,-2468,2467,-2467,-2466,2465,-2465,-2464,2463,-2463,-2462,2461,-2461,-2460,2459,-2459,-2458,2457,-2457,-2456,2455,-2455,1547,-1549,1548,1549,1550,-2858,-2857,2856,-2856]]],"id":17},{"properties":{"CD_UF":"13","NM_UF":"Amazonas","SIGLA_UF":"AM"},"type":"Polygon","arcs":[[1551,-2886,-2885,2884,-2884,-2883,2882,-2882,-2881,2880,-2880,-2888,1552,-1595,-1594,1593,-1593,-1592,1591,-1591,-1590,1589,-1589,1553]],"id":18},{"properties":{"CD_UF":"25","NM_UF":"Para\u00edba","SIGLA_UF":"PB"},"type":"MultiPolygon","arcs":[[[1554]],[[1555]],[[1556]],[[1557]],[[1558]],[[1559,1560,1561,1562,-1568]],[[1563]]],"id":19},{"properties":{"CD_UF":"26","NM_UF":"Pernambuco","SIGLA_UF":"PE"},"type":"MultiPolygon","arcs":[[[1564]],[[-2453,1565,1566,1567,1568,1569]],[[1570]],[[1571]],[[1572]],[[1573]],[[-1576,1574]],[[1575,1576]],[[1577]],[[1578]],[[1579]],[[1580]],[[1581]],[[1582]],[[1583]],[[1584]],[[1585]],[[1586]]],"id":20},{"properties":{"CD_UF":"11","NM_UF":"Rond\u00f4nia","SIGLA_UF":"RO"},"type":"Polygon","arcs":[[1587,1588,-1590,1589,1590,-1592,1591,1592,-1594,1593,1594,1595,-1597,1596,1597,-1599,1598,1599,-1601,1600,1601,1602]],"id":21},{"properties":{"CD_UF":"16","NM_UF":"Amap\u00e1","SIGLA_UF":"AP"},"type":"MultiPolygon","arcs":[[[-2891,1603]],[[1604]],[[1605]]],"id":22},{"properties":{"CD_UF":"17","NM_UF":"Tocantins","SIGLA_UF":"TO"},"type":"Polygon","arcs":[[-1607,1606,1607,-1609,1608,1609,-1611,1610,1611,-1613,1612,1613,-1615,1615,-1617,1616,1617,-1619,1618,1619,-1621,1620,1621,-1623,1622,1623,-1625,1624,1625,-1627,1626,-1628,1627,1628,-1630,1629,1630,-1632,1631,1632,-1634,1633,1634,1635,-2898,1636,-1638,1637,1638,-1640,1639,1640,-1642,1641,1642,-1644,1643,1644,-1646,1645,1646,-1648,1647,1648,-1650,1649,1650,-1652,1651,1652,-1654,1653,1654,-1656,1655,1656,-1658,1658,-1660,1659,1660,-1662,1661,1662,-1664,1663,1664,-1666,1665,1666,-1668,-1669,1668,1669,-1671,1671,-1673,1673,-1675,1674,1675,-1677,1677,-1681,-1679,1678,-1680,1679,1680,1681,1682,-1684,1683,1684,-1686,1685,1686,-1688,1688,-1690,1689,1690,-1692,1691,1692,-1694,1693,1694,-1696,1695,1696,-1698,1697,1698,-1700,1699,1700,-1702,1701,1702,-1704,-1705,1704,1705,-1707,1706,1707,-1709,1708,1709,-1711,1710,1711,-1713,1713,-1715,1714,1715,-1717,1716,1717,-1719,1718,1719,-1721,1720,1721,-1723,1722,1723,-1725,1724,1725,-1727,1726,1727,1728,-2451,-2450,2449,-2449,-2448,-2447,-2446,2445,-2445,-2444,2443,-2443,-2442,2441,-2441,-2440,2439,-2439,-2438,2437,-2437,-2436,2435,-2435,-2434,2433,-2433,-2432,2431,-2431,-2430,2429,-2429,-2428,2427,-2427,-2426,2425,-2425,-2424,2423,-2423,-2422,2421,-2421,-2420,2419,-2419,-2418,-2417,-2416,2415,-2415,-2414,2413,-2413,-2412,2411,-2411,-2410,2409,-2409,-2408,2407,-2407,-2406,-2405,-2404,2403,-2403,-2402,2401,-2401,-2400,2399,-2399,-2398,2397,-2397,-2396,2395,-2395,-2394,-2393,-2392,2391,-2391,-2390,-2389,-2388,2387,-2387,-2386,-2385,-2384,2383,-2383,-2382,2381,-2381,-2380,2379,-2379,-2378,2377,-2377,-2376,-2375,-2374,2373,-2373,-2372,2371,-2371,-2370,2369,-2369,-2368,2367,-2367,-2366,2365,-2365,-2364,2363,-2363,-2362,2361,-2361,-2360,2359,-2359,-2358,2357,-2357,-2356,2355,-2355,-2354,2353,-2353,-2352,-2351,-2350,-2349,-2348,-2347,2346,-2346,-2345,-2344,2343,-2343,-2342,2341,-2341,2340,-2340,-2339,2338,-2338,-2337,-2336,-2335,2334,-2334,-2333,2332,-2332,-2331,2330,-2330,-2329,2328,-2328,-2327,-2326,-2325,2324,-2324,-2323,2322,-2322,-2321,2320,-2320,-2319,-2318,2317,-2317,-2316,2315,-2315,-2314,2313,-2313,-2312,2311,-2311,-2310,2309,-2309,-2308,2307,-2307,-2306,2305,-2305,-2304,2303,-2303,-2302,2301,-2301,-2300,2299,-2299,-2298,2297,-2297,-2296,2295,-2295,-2294,2293,-2293,-2292,2291,-2291,-2290,2289,-2289,-2288,2287,-2287,-2286,2285,-2285,-2284,2283,-2283,-2282,2281,-2281,-2280,2279,-2279,-2278,2277,-2277,-2276,2275,-2275,-2274,2273,-2273,-2272,-2271,2270,-2270,-2269,-2268,2267,-2267,-2266,2265,-2265,-2264,2263,-2263,-2262,2261,-2261,-2260,2259,-2259,-2258,2257,-2257,-2256,2255,-2255,-2254,2253,-2253,-2252,2251,-2251,-2250,2249,-2249,-2248,-2247,-2246,2245,-2245,-2244,2243,-2243,-2242,2241,-2241,-2240,2239,-2239,-2238,2237,-2237,-2236,2235,-2235,-2234,2233,-2233,-2232,2231,-2231,-2230,2229,-2229,-2228,2227,-2227,-2226,2225,-2225,-2224,2223,-2223,-2222,-2221,-2220,-2219,-2218,2217,-2217,-2216,2215,-2215,-2214,-2213,-2212,-2211,-2210,2209,-2209,-2208,2207,-2207,-2206,2205,-2205,-2204,-2203,-2202,-2201,2201,-2200,-2199,-2198,-2197,-2196,-2195,2194,-2194,-2193,2192,-2192,-2191,2190,-2190,-2189,2188,-2188,-2187,-2186,-2185,-2184,2183,-2183,-2182,2181,-2181,-2180,2179,-2179,-2178,2177,-2177,-2176,2175,-2175,-2174,-2173,-2172,-2171,-2170,2169,-2169,-2168,2167,-2167,-2166,2165,-2165,-2164,-2163,2162,-2162,-2161,-2160,2159,-2159,-2158,2157,-2157,-2156,2155,-2155,-2154,2153,-2153,-2152,2151,-2151,-2150,-2149,-2148,2147,-2147,-2146,2145,-2145,-2144,2143,-2143,-2142,-2141,-2140,-2139,2138,-2138,-2137,2136,-2136,-2135,2134,-2134,-2133,-2132,-2131,2130,-2130,-2129,-2128,2128,-2127,-2126,2125,-2125,2124,-2124,-2123,2122,-2122,-2121,2120,-2120,-2119,-2118,-2117,2116,-2116,-2115,-2114,-2113,-2112,2111,-2111,-2110,2109,-2109,-2108,2107,-2107,-2106,2105,-2105,-2104,2103,-2103,-2102,2101,-2101,-2100,2099,-2099,-2098,2097,-2097,-2096,2095,-2095,-2094,2093,-2093,-2092,2091,-2091,-2090,-2089,-2088,2087,-2087,-2086,2085,-2085,-2084,2083,-2083,-2082,2081,-2081,-2080,2079,-2079,-2078,2077,-2077,-2076,2075,-2075,-2074,2073,-2073,-2072,2071,-2071,-2070,-2069,-2068,2067,-2067,-2066,-2065,-2064,2063,-2063,-2062,2061,-2061,-2060,2059,-2059,-2058,2057,-2057,-2056,2055,-2055,-2054,2053,-2053,-2052,-2051,2050,-2050,-2049,-2048,2047,-2047,-2046,-2045,2044,-2044,-2043,2042,-2042,2041,-2041,-2040,2039,-2039,-2038,-2037,2036,-2036,-2035,2034,-2034,-2033,-2032,2031,-2031,-2030,2029,-2029,-2028,-2027,2027,-2026,-2025,2024,-2024,-2023,-2022,-2021,2020,-2020,-2019,-2018,-2017,-2016,2015,-2015,-2014,-2013,-2012,2011,-2011,1729,-1731,1731,-1733,1732,1733,-1735,1734,1735,-1737,1736,1737,-1739,1738,1739,-1741,1740,1741,-1743,1742,1743,-1745,1744,1745,-1747,1746,1747,-1749,1748,1749,-1751,1750,1751,-1753,1752,1753,-1755,1755,-1757,1756,1757,-1759,1759,-1761,1760,1761,-1763,1762,1763,-1766,-1765,1765,1766,-1768,1767,1768,-1770,1769,1770,-1772,1772,-1774,1773,1774,-1776,1775,1776,-1778,1777,1778,-1780,1779,1780,-1782,1781,1782,-1784,1784,-1786,1786,-1788,1787,1788,-1790,1789,1790,-1792,1791,1792,1793,-1795,1794,1795,-1797,1796,1797,-1799,1798,1799,-1801,1800,1801,-1803,1802,1803,-1805,1804,1805,-1807,1806,1807,-1809,1808,1809,-1811,1810,1811,-1813,1812,1813,1814,-1816,1815,1816,-1818,1817,1818,-1820,1819,1820,-1822,1821,1822,-1824,1823,1824,-1826,1825,1826,-1828,1827,1828,-1830,1829,1830,-1832,1831,1832,-1834,1833,1834,-1836,1836,-1838,-1839,1838,1839,-1841,1840,1841,-1843,1842,1843,-1845,1845,-1847,1846,1847,-1849,1848,1849,-1851,1850,1851,-1853,1852,1853,-1855,-1856,1855,1856,-1858,1857,1858,-1860,1860,-1862,1861,1862,-1864,1863,1864,-1866,1866,-1868,1867,1868,-1870,1869,1870,-1872,1871,1872,-1874,1873,1874,1875,-1877,1876,1877,-1879,1878,1879,-1881,1880,1881,-1883,1882,1883,-1885,1885,-1887,1886,1887,-1889,1888,1889,-1891,1891,-1893,1893,-1895,1894,1895,-1897,1896,1897,-1899,1898,1899,1900,-1902,-1903,1902,1903,-1905,1904,1905,-1907,1906,1907,-1909,1908,1909,-1911,1910,1911,-1913,1912,1913,-1915,1914,1915,-1917,1916,1917,-1919,1918,1919,-1921,1921,-1923,1923,-1925,1924,1925,-1927,1926,1927,-1929,1928,1929,-1931,1930,1931,-1933,1932,1933,-1935,1934,1935,-1937,1936,1937,-1939,1939,-1941,1940,1941,-1943,1942,1943,-1945,1944,1945,-1947,1947,-1949,1948,1949,-1951,1950,1951,-1953,1952,1953,-1955,1954,1955,-1957,1956,1957,-1959,1958,1959,1960,1961,1962,1963,-1965,1965,-1967,1967,-1969,1968,1969,-1971,1971,-1973,1972,1973,-1975,1974,1975,-1977,1977,-1979,1978,1979,-1981,1980,1981]],"id":23},{"properties":{"CD_UF":"29","NM_UF":"Bahia","SIGLA_UF":"BA"},"type":"MultiPolygon","arcs":[[[1982]],[[1983]],[[1984,1985,-1987,1986,1987,-1989,1988,1989,-1991,1990,1991,-1993,1992,1993,-1995,1994,1995,-1997,1996,1997,1998,1999,-2001,2000,2001,2002,-2004,2003,2004,-2006,2005,2006,-2008,2007,2008,2009,2010,-2012,2011,2012,2013,2014,-2016,2015,2016,2017,2018,2019,-2021,2020,2021,2022,2023,-2025,2024,2025,-2028,2026,2027,2028,-2030,2029,2030,-2032,2031,2032,2033,-2035,2034,2035,-2037,2036,2037,2038,-2040,2039,2040,-2042,2041,-2043,2042,2043,-2045,2044,2045,2046,-2048,2047,2048,2049,-2051,2050,2051,2052,-2054,2053,2054,-2056,2055,2056,-2058,2057,2058,-2060,2059,2060,-2062,2061,2062,-2064,2063,2064,2065,2066,-2068,2067,2068,2069,2070,-2072,2071,2072,-2074,2073,2074,-2076,2075,2076,-2078,2077,2078,-2080,2079,2080,-2082,2081,2082,-2084,2083,2084,-2086,2085,2086,-2088,2087,2088,2089,-2091,2090,-2092,2091,2092,-2093,-2094,2093,2094,-2096,2095,2096,-2098,2097,2098,-2100,2099,2100,-2102,2101,2102,-2104,2103,2104,-2106,2105,2106,-2108,2107,2108,-2110,2109,2110,-2112,2111,2112,2113,-2115,2114,2115,-2117,2116,2117,2118,2119,-2121,2120,2121,-2123,2122,2123,-2125,2124,-2126,2125,2126,-2129,2127,2128,2129,-2131,2130,2131,2132,2133,-2135,2134,2135,-2137,2136,2137,-2139,2138,2139,2140,-2142,2141,2142,-2144,2143,2144,-2146,2145,2146,-2148,2147,2148,2149,2150,-2152,2151,2152,-2154,2153,2154,-2156,2155,2156,-2158,2157,2158,-2160,2159,2160,2161,-2163,2162,2163,2164,-2166,2165,2166,-2168,2167,2168,-2170,2169,2170,2171,2172,2173,2174,-2176,2175,2176,-2178,2177,2178,-2180,2179,2180,-2182,2181,2182,-2184,2183,2184,2185,-2187,2186,2187,-2189,2188,2189,-2191,2190,2191,-2193,2192,2193,-2195,2194,2195,2196,2197,2198,2199,-2202,2200,2201,2202,2203,2204,-2206,2205,2206,-2208,2207,2208,-2210,2209,2210,2211,2212,2213,2214,-2216,2215,2216,-2218,2217,2218,2219,2220,2221,2222,-2224,2223,2224,-2226,2225,2226,-2228,2227,2228,-2230,2229,2230,-2232,2231,2232,-2234,2233,2234,-2236,2235,2236,-2238,2237,2238,-2240,2239,2240,-2242,2241,2242,-2244,2243,2244,-2246,2245,2246,2247,2248,-2250,2249,2250,-2252,2251,2252,-2254,2253,2254,-2256,2255,2256,-2258,2257,2258,-2260,2259,2260,-2262,2261,2262,-2264,2263,2264,-2266,2265,2266,-2268,2267,2268,2269,-2271,2270,2271,2272,-2274,2273,2274,-2276,2275,2276,-2278,2277,2278,-2280,2279,2280,-2282,2281,2282,-2284,2283,2284,-2286,2285,2286,-2288,2287,2288,-2290,2289,2290,-2292,2291,2292,-2294,2293,2294,-2296,2295,2296,-2298,2297,2298,-2300,2299,2300,-2302,2301,2302,-2304,2303,2304,-2306,2305,2306,-2308,2307,2308,-2310,2309,2310,-2312,2311,2312,-2314,2313,2314,-2316,2315,2316,-2318,2317,2318,2319,-2321,2320,2321,-2323,2322,2323,-2325,2324,2325,2326,2327,-2329,2328,2329,-2331,2330,2331,-2333,2332,2333,-2335,2334,2335,2336,2337,-2339,2338,2339,-2341,2340,-2342,2341,2342,-2344,2343,2344,2345,-2347,2346,2347,2348,2349,2350,2351,2352,-2354,2353,2354,-2356,2355,2356,-2358,2357,2358,-2360,2359,2360,-2362,2361,2362,-2364,2363,2364,-2366,2365,2366,-2368,2367,2368,-2370,2369,2370,-2372,2371,2372,-2374,2373,2374,2375,2376,-2378,2377,2378,-2380,2379,2380,-2382,2381,2382,-2384,2383,2384,2385,2386,-2388,2387,2388,2389,2390,-2392,2391,2392,2393,2394,-2396,2395,2396,-2398,2397,2398,-2400,2399,2400,-2402,2401,2402,-2404,2403,2404,2405,2406,-2408,2407,2408,-2410,2409,2410,-2412,2411,2412,-2414,2413,2414,-2416,2415,2416,2417,2418,-2420,2419,2420,-2422,2421,2422,-2424,2423,2424,-2426,2425,2426,-2428,2427,2428,-2430,2429,2430,-2432,2431,2432,-2434,2433,2434,-2436,2435,2436,-2438,2437,2438,-2440,2439,2440,-2442,2441,2442,-2444,2443,2444,-2446,2445,2446,2447,2448,-2450,2449,2450,2451,2452,2453,2454,-2456,2455,2456,-2458,2457,2458,-2460,2459,2460,-2462,2461,2462,-2464,2463,2464,-2466,2465,2466,-2468,2467,2468,-2470,2469,2470,-2472,2471,2472,-2474,2473,2474,-2476,2475,2476,-2478,2477,2478,-2480,2479,2480,-2482,2481,2482,-2484,2483,2484,-2486,2485,2486,-2488,2487,2488,-2490,2489,2490,-2492,2491,2492,-2494,2493,2494,-2496,2495,2496,-2498,2497,2498,-2500,2499,2500,-2502,2501,2502,-2504,2503,2504,-2506,2505,2506,2507,-2509,2508,2509,-2511,2510,2511,-2513,2512,2513,-2515,2514,2515,-2517,2516,2517,-2519,2518,2519,-2521,2520,2521,-2523,2522,2523,-2525,2524,2525,-2527,2526,2527,-2529,2528,2529,-2531,2530,2531,-2533,2532,2533,-2535,2534,2535,-2537,2536,2537,-2539,2538,2539,-2541,2540,2541,2542,-2544,2543,2544,-2546,2545,2546,-2548,2547,2548,2549,-2551,2550,2551,-2553,2552,2553,-2555,2554,2555,-2557,2556,2557,-2559,2558,2559,2560,-2562,2561,2562,-2564,2563,2564,-2566,2565,2566,-2568,2567,2568,-2570,2569,2570,-2572,2571,2572,-2574,2573,2574,-2576,2575,2576,-2578,2577,2578,-2580,2579,2580,-2582,2581,2582,-2584,2583,2584,-2586,2585,2586,-2588,2587,2588,-2590,2589,2590,-2592,2591,2592,-2594,2593,2594,-2596,2595,2596,-2598,2597,2598,-2600,2599,2600,2601,-2603,2602,2603,-2605,2604,2605,-2607,2606,2607,-2609,2608,2609,-2611,2610,2611,-2613,2612,2613,2614,2615,2616,2617,-2619,2618,2619,-2621,2620,2621,-2623,2622,2623,-2625,2624,2625,-2627,2626,2627,-2629,2628,2629,-2631,2630,2631,-2633,2632,2633,-2635,2634,2635,2636,-2638,2637,2638,-2640,2639,2640,2641,2642,-2644,2643,2644,-2646,2645,2646,-2648,2647,2648,-2650,2649,2650,-2652,2651,2652,-2654,2653,2654,-2656,2655,2656,-2658,2657,2658,-2660,2659,2660,-2662,2661,2662,-2664,2663,2664,-2666,2665,2666,-2668,2667,2668,-2670,2669,2670,-2672,2671,2672,-2674,2673,2674,-2676,2675,2676,-2678,2677,2678,-2680,2679,2680,-2682,2681,2682,-2684,2683,2684,-2686,2685,2686,-2688,2687,2688,-2690,2689,2690,-2692,2691,2692,-2694,2693,2694,-2696,2695,2696,-2698,2697,2698,-2700,2699,2700,-2702,2701,2702,-2704,2703,2704,-2706,2705,2706,-2708,2707,2708,-2710,2709,2710,-2712,2711,2712,-2714,2713,2714,-2716,2715,2716,2717,-2719,2718,2719,-2721,2720,2721,-2723,2722,2723,-2725,2724,2725,-2727,2726,2727,2728,2729,2730,-2732,2731,2732,-2734,2733,2734,-2737,-2736,2735,2736,2737,2738,2739,-2741,2740,2741,-2743,2742,2743,-2745,2744,2745,-2747,2746,2747,-2749,2748,2749,-2751,2750,2751,2752,-2754,2753,2754,-2756,2755,2756,-2758,2757,2758,-2760,2759,2760,-2762,2761,2762,-2764,2763,2764,-2766,2765,2766,-2768,2767,2768,2769,2770,2771,2772,-2774,2773,2774,-2776,2775,2776,2777,2778,-2780,2779,2780,-2782,2781,2782,-2784,2783,2784,-2786,2785,2786,-2788,2787,2788,-2790,2789,2790,-2792,2791,2792,-2794,2793,2794,-2796,2795,2796,-2798,2797,2798,-2800,2799,2800,-2802,2801,2802,-2804,2803,2804,-2806,2805,2806,-2808,2807,2808,-2810,2809,2810,-2812,2811,2812,-2814,2813,2814,-2816,2815,2816,-2818,2817,2818,-2820,2819,2820,-2822,2821,2822,-2824,2823,2824,2825,2826,-2828,2827,-2829,2828,2829,-2831,2830,2831,-2833,2832,2833,-2835,2834,2835,-2837,2836,2837,-2839,2838,2839,-2841,2840,2841,-2843,2842,2843,-2845,2844,2845,-2847,2846,2847,-2849,2848,2849,-2851,2850,2851,-2853,2852,2853,-2855,2854,2855,-2857,2856,2857,2858]],[[2859]],[[2860]],[[2861,-2863]],[[2862,2863]],[[2864]],[[2865]],[[2866]],[[2867]],[[2868]],[[2869]],[[2870]],[[2871]],[[2872]],[[2873]],[[2874]],[[2875]],[[2876]],[[2877]]],"id":24},{"properties":{"CD_UF":"14","NM_UF":"Roraima","SIGLA_UF":"RR"},"type":"Polygon","arcs":[[2878,-2889,2879,-2881,2880,2881,-2883,2882,2883,-2885,2884,2885]],"id":25},{"properties":{"CD_UF":"15","NM_UF":"Par\u00e1","SIGLA_UF":"PA"},"type":"MultiPolygon","arcs":[[[2886,2887,2888,2889,2890,2891,2892,2893,2894,-2896,2895,2896,2897]],[[2898]],[[2899]],[[2900]],[[2901]],[[2902]],[[2903]],[[2904]],[[2905]],[[2906]],[[2907]],[[2908]],[[2909]],[[2910]],[[2911]],[[2912]],[[2913]],[[2914]],[[2915]],[[2916]],[[2917]],[[2918]],[[2919]],[[2920]],[[2921]],[[2922]],[[2923]],[[2924]],[[2925]],[[2926]],[[2927]],[[2928]],[[2929]],[[2930]],[[2931]]],"id":26}],"type":"GeometryCollection"}},"bbox":[-73.9868097,-33.751178,-28.8476398999999,5.26961950000003],"transform":{"scale":[0.00045137815593308177,0.00039012602964733073],"translate":[-73.98500411515215,-33.74376397433475]},"arcs":[[[53773,11325],[-440,-680],[-313,-634],[-636,-1725],[-973,-1571],[-1082,-1165],[-468,-386],[-831,-528],[-265,-259],[-240,-317],[-107,-31],[-230,-226],[-145,-226],[-158,-358],[-301,-1032],[-287,-597],[-295,-392],[-873,-819],[-457,-379],[-136,11],[-18,118],[-206,12],[54,860],[-23,512],[163,257],[443,303],[-145,41],[35,50],[242,126],[87,150],[133,9],[23,122],[-246,246],[-120,46],[-20,61],[-87,-46],[-179,131],[-49,-40],[-66,70],[-24,-17],[-71,206],[-137,-11],[-128,96],[-67,136],[-68,36],[26,87],[-53,86],[32,52],[-77,97],[-35,138],[-40,15],[-15,120],[-38,1],[22,26],[-42,67],[43,47],[-46,49],[-194,58],[-43,66],[7,74],[-94,13],[-47,77],[-105,26],[-20,97],[-140,57],[-119,-102],[-30,17],[-789,709],[-23,103],[32,32],[-92,105],[-47,121],[-138,76],[-21,64],[-185,6],[-181,76],[-187,-45],[-110,166],[-121,-9],[12,62],[-53,10],[13,53],[-57,38],[-62,129],[-55,-8],[-57,-159],[-38,-1],[-171,99],[-39,62],[-157,23],[-22,140],[-72,31],[26,43],[-44,36],[0,53],[-109,28],[28,110],[-72,55],[23,72],[-54,52],[-58,-25],[-55,31],[-36,146],[-101,31],[-3,56],[-129,91],[-69,146],[-178,-79],[35,-122],[-53,-109],[-128,29],[-10,-94],[-100,-45],[-7,-48],[-79,3],[-130,-146],[-62,13],[-77,-54],[-101,37],[-71,-22],[-9,352],[57,219],[-74,187],[-87,28],[-23,76],[-35,-31],[-40,64],[-48,-18],[-6,61],[-44,28],[30,54],[-98,134],[23,43],[-108,19],[-34,85],[-57,-29],[6,60],[-53,5],[-22,101],[-68,-29],[-76,103],[-59,-18],[-50,77],[18,52],[-124,66],[22,22],[-37,74],[-67,-33],[-63,98],[-59,-2],[8,124],[-34,-18],[-43,78],[-92,-32],[21,82],[-66,26],[32,35],[-97,70],[40,15],[9,22],[-79,24],[-35,-27],[-17,74],[-154,30],[-12,97],[-61,60],[-170,41],[-46,-68],[-27,45],[-84,-13],[-84,40],[-114,-52],[-52,12],[-2,40],[-49,-92],[-55,19],[23,-54],[-55,-18],[-84,-142],[29,-94],[-144,-141],[-66,0],[-19,57],[-58,-69],[-66,93],[-83,-69],[-40,30],[-49,-82],[-65,10],[11,59],[-104,32],[-59,-9],[-23,-51],[-54,8],[-92,68],[8,128],[-193,51],[38,37],[140,8],[232,157],[103,183],[179,126],[17,262],[106,180],[103,94],[141,0],[160,83],[220,247],[66,22],[7,107],[145,173],[178,113],[94,135],[25,152],[151,55],[109,237],[11,165],[127,206],[382,130],[38,132],[-38,43],[22,72],[234,194],[26,265],[223,54],[153,234],[242,193],[17,71],[-52,111],[32,72],[282,71],[-42,183],[54,117],[270,-19],[50,-30],[44,-113],[42,6],[55,227],[-138,124],[-89,30],[-21,46],[25,38],[167,54],[136,109],[52,155],[53,-6],[-4,-59],[69,-56],[138,225],[117,-45],[63,102],[99,70],[-28,123],[93,32],[46,115],[117,-20],[141,184],[70,-9],[84,-89],[43,121],[186,-15],[5,63],[-122,85],[6,48],[65,24],[81,-72],[56,63],[114,5],[77,141],[-9,189],[131,52],[84,235],[70,-139],[88,59],[127,-35],[12,177],[74,-101],[34,2],[102,234],[124,-136],[41,61],[134,26],[-53,119],[129,53],[133,-159],[36,41],[-8,123],[125,-114],[41,124],[110,45],[89,325],[37,-21],[5,-86],[146,-12],[144,127],[36,137],[106,8],[16,108],[104,-58],[87,128],[66,-109]],[[53791,11270],[0,3],[1,1],[2,-5],[-3,1]],[[57489,21498],[-3,-3],[-3,2],[3,4],[3,-3]],[[57672,21713],[-6,-4],[-4,5],[11,0],[-1,-1]],[[57764,21995],[5,-10],[-12,-1],[0,4],[7,7]],[[57877,22070],[-4,4],[1,3],[5,-2],[-2,-5]],[[57868,22101],[24,15],[8,-5],[-30,-27],[-2,17]],[[60498,23748],[13,-17],[-9,-16],[-5,3],[1,30]],[[59714,23878],[0,0]],[[59798,23922],[-1,-1],[-2,0],[0,1],[3,0]],[[59782,23928],[-2,-5],[-4,1],[0,3],[6,1]],[[59785,23929],[-1,0],[0,1],[1,0],[0,-1]],[[59767,23960],[-1,-1],[0,1],[1,0]],[[59809,23990],[2,2],[2,-3],[-4,-1],[0,2]],[[59812,24002],[5,2],[3,-4],[-6,-5],[-2,7]],[[60215,24014],[0,1]],[[60215,24014],[0,1]],[[60215,24015],[0,-1]],[[59773,24034],[0,-1],[-1,0],[0,1],[1,0]],[[59827,24051],[2,-3],[-4,-2],[0,3],[2,2]],[[59784,24080],[0,0]],[[60026,24325],[1,0],[1,-2],[-3,0],[1,2]],[[60468,24367],[0,1],[-1,1],[2,0],[-1,-2]],[[60245,24476],[-2,-1],[-2,4],[2,0],[2,-3]],[[62014,27872],[120,60],[59,78],[57,-153],[109,113],[61,6],[62,-66],[60,160],[92,-56],[-37,41],[41,65],[-36,127],[-151,-39],[-54,42],[19,61],[153,102],[107,16],[-95,113],[42,79],[128,0],[-45,-150],[33,-38],[107,34],[92,93],[47,-64],[-65,-64],[99,-3],[113,61],[33,103],[135,-86],[5,-75],[28,-5],[144,92],[130,4],[32,87],[184,85],[107,133],[222,87],[139,-31],[57,58],[90,-3],[62,76],[85,-18],[52,66]],[[64826,26597],[-160,-3],[-99,-50],[9,49],[-30,22],[-88,-31],[17,67],[-57,32],[-152,-170],[-188,-51],[3,-92],[51,21],[43,-32],[-89,-19]],[[64085,26340],[-51,-137],[-4,65],[-52,19],[-38,-37],[37,-12],[-10,-48],[-126,87],[15,-127],[-54,3],[-11,51],[-64,-21],[-23,-51],[47,-40],[-4,-47],[-115,-35],[-76,63],[-84,-49],[-51,-87],[-121,-9],[-38,-156],[23,-93],[50,6],[-34,-79],[36,-140],[-59,-53],[-99,27],[-104,-59],[-101,127],[-140,-32],[-43,70],[-112,-13],[-159,52],[-88,-19],[-63,32],[-239,-46],[-199,-85],[-36,-60],[-43,45],[-134,-72],[-43,-162],[-74,-50],[42,-53],[-52,-45],[4,-72],[-145,-7],[-69,-68],[-8,-58],[-26,68],[-68,-13],[42,78],[-24,31],[-91,22],[-26,-28],[-19,32],[-24,-18],[31,-31],[-38,-27],[19,-51],[-35,-39],[0,37],[-39,9],[-169,-58],[-779,-461],[-342,-290],[7,-49],[-49,-72],[38,-52],[-16,-40],[-294,-192],[-191,-210],[-808,-529],[-476,-421],[-134,-162],[-44,-118],[-50,-4],[33,-140],[-42,-132],[-404,-384]],[[61183,25022],[0,1],[1,-2],[-1,0],[0,1]],[[61220,25043],[-3,-3],[-2,1],[4,5],[1,-3]],[[61637,24126],[1,6],[5,4],[-4,-9],[-2,-1]],[[61593,24155],[4,4],[3,1],[-6,-8],[-1,3]],[[62653,24692],[31,51],[25,-16],[-59,-42],[3,7]],[[62659,24730],[1,1],[-1,-3],[0,2]],[[62654,24736],[1,-1],[-3,0],[0,1],[2,0]],[[62756,24748],[0,-1],[-1,0],[0,1],[1,0]],[[62746,24762],[-1,-1],[0,3],[1,0],[0,-2]],[[62627,24772],[1,0],[1,-1],[-3,-1],[1,2]],[[62625,24780],[2,-1],[-3,-2],[0,2],[1,1]],[[62761,24780],[3,4],[2,-1],[-4,-5],[-1,2]],[[61399,24848],[-1,-1],[0,1],[1,0]],[[61411,24850],[3,7],[7,4],[0,-20],[-10,9]],[[61347,24904],[0,-1],[-2,0],[1,2],[1,-1]],[[61351,24911],[-1,-2],[-2,0],[2,4],[1,-2]],[[61516,24954],[3,2],[-2,-6],[-5,-2],[4,6]],[[61280,24955],[2,-2],[-4,-2],[0,4],[2,0]],[[61436,24971],[1,-2],[-5,4],[2,0],[2,-2]],[[61596,25051],[1,-12],[-7,1],[1,7],[5,4]],[[61609,25053],[-1,-1],[-2,0],[1,2],[2,-1]],[[61627,25062],[2,1],[2,-3],[-5,-1],[1,3]],[[61621,25161],[0,2],[2,0],[-1,-2],[-1,0]],[[61628,25192],[-2,0],[0,3],[4,-2],[-2,-1]],[[61697,25253],[-1,-3],[-2,1],[0,2],[3,0]],[[61714,25272],[0,-2],[-4,1],[1,3],[3,-2]],[[61702,25305],[-3,-2],[-2,0],[1,3],[4,-1]],[[62473,25332],[16,9],[12,-6],[-17,-28],[-11,25]],[[61941,25420],[-2,1],[3,3],[1,-3],[-2,-1]],[[62729,25476],[5,4],[3,-2],[-10,-8],[2,6]],[[62612,25489],[13,3],[4,-19],[-22,8],[5,8]],[[62626,25511],[13,11],[15,1],[-21,-17],[-7,5]],[[62444,25558],[-3,-2],[-1,1],[1,2],[3,-1]],[[62561,25562],[0,-1],[-1,0],[0,1],[1,0]],[[62546,25567],[0,-1],[-1,0],[0,1],[1,0]],[[63548,25175],[1,1],[1,0],[-1,-2],[-1,1]],[[63558,25183],[-1,0]],[[63558,25183],[-1,0]],[[63557,25183],[1,0]],[[63500,25196],[-2,-8],[-4,-5],[-1,3],[7,10]],[[63631,25263],[3,-3],[-5,-2],[-1,5],[3,0]],[[63642,25263],[0,-2],[-3,-1],[0,2],[3,1]],[[63581,25333],[-2,1],[3,2],[0,-2],[-1,-1]],[[63289,25352],[0,1],[2,0],[0,-1],[-2,0]],[[63051,25364],[11,4],[-9,-23],[-4,3],[2,16]],[[63599,25360],[2,-1],[0,-2],[-4,1],[2,2]],[[63618,25291],[-8,-39],[110,-27],[-33,-23],[26,-79],[-55,-65],[-77,62],[-11,86],[-303,-79],[-72,68],[-4,68],[212,197],[77,228],[152,-49],[12,-53],[62,-36],[-41,-127],[46,-31],[-96,1],[-38,-41],[-4,-50],[45,-11]],[[63233,25407],[-1,-1],[-1,3],[2,0],[0,-2]],[[63344,25412],[-1,1],[4,3],[-1,-4],[-2,0]],[[63301,25417],[-2,0],[2,0]],[[63014,25419],[1,0],[1,-3],[-3,0],[1,3]],[[63872,25421],[4,1],[0,-5],[-5,-2],[1,6]],[[63174,25428],[-1,0],[0,1],[1,0],[0,-1]],[[63315,25447],[0,0],[0,0]],[[63314,25449],[-2,2],[2,0],[0,-2]],[[63316,25453],[-1,0],[0,1],[1,0],[0,-1]],[[63711,25460],[3,-6],[-5,-2],[-2,6],[4,2]],[[63861,25486],[49,29],[50,-37],[-72,-34],[-27,42]],[[63562,26007],[11,14],[22,-7],[-7,-15],[-26,8]],[[63528,26035],[-1,2],[2,1],[1,-3],[-2,0]],[[63526,26047],[0,-5],[-4,1],[3,7],[1,-3]],[[63860,26095],[11,9],[23,-28],[-28,-7],[-6,26]],[[63879,26109],[2,0],[-1,-4],[-2,1],[1,3]],[[63871,26129],[0,-1],[-1,0],[1,2],[0,-1]],[[63735,26132],[3,-3],[-8,-2],[1,3],[4,2]],[[63871,26134],[-1,3],[2,1],[1,-4],[-2,0]],[[63874,26172],[0,-1],[-1,-1],[0,2],[1,0]],[[63746,26176],[3,-4],[-9,2],[0,2],[6,0]],[[64163,25642],[34,-19],[-14,-35],[-10,7],[-10,47]],[[64147,25648],[-5,-4],[-2,1],[9,7],[-2,-4]],[[64169,25657],[1,-8],[-9,-6],[-2,6],[10,8]],[[64045,26098],[2,-3],[-7,-3],[-1,4],[6,2]],[[64161,26130],[-1,0],[1,1],[0,-1]],[[64151,26140],[10,4],[-19,-11],[2,5],[7,2]],[[64032,26166],[5,26],[22,-36],[24,33],[45,-19],[-82,-69],[-14,65]],[[64164,26146],[-1,0],[1,1],[0,-1]],[[64125,26215],[0,-3],[-4,-1],[2,5],[2,-1]],[[63988,26259],[0,1],[-1,1],[2,0],[-1,-2]],[[64099,26339],[0,-1],[-1,0],[0,1],[1,0]],[[64086,26340],[-1,0]],[[64085,26340],[1,0]],[[64434,26449],[-3,-5],[-7,2],[9,6],[1,-3]],[[64526,26458],[-1,-4],[-3,-1],[0,5],[4,0]],[[64533,26455],[1,17],[8,20],[6,-32],[-15,-5]],[[64196,26480],[0,1],[1,-2],[-1,0],[0,1]],[[64357,26482],[1,1],[0,-1],[-1,0]],[[64548,26501],[-2,-1],[0,4],[3,0],[-1,-3]],[[64443,26505],[-2,2],[1,1],[1,0],[0,-3]],[[64533,26514],[1,3],[3,-1],[-3,-1],[-1,-1]],[[64553,26526],[-7,-20],[-3,0],[-6,12],[16,8]],[[64350,26537],[1,1],[0,-1],[-1,0]],[[64462,26541],[-1,3],[4,-1],[-1,-2],[-2,0]],[[64356,26544],[-3,-2],[-3,1],[5,5],[1,-4]],[[64330,26550],[3,8],[14,-1],[-23,-14],[6,7]],[[64359,26553],[-1,0],[1,1],[0,-1]],[[64465,26554],[-3,-3],[-2,0],[1,5],[4,-2]],[[64430,26577],[12,-2],[-21,-11],[1,8],[8,5]],[[64453,26635],[0,-1],[-1,0],[0,1],[1,0]],[[64431,26638],[-2,-4],[-3,1],[3,5],[2,-2]],[[64417,26675],[0,2],[2,-1],[-1,-1],[-1,0]],[[73334,32250],[1,-1],[0,-3],[-4,3],[3,1]],[[73518,32650],[-1,-2],[-1,0],[0,1],[2,1]],[[73546,32656],[-1,0],[2,2],[-1,-1],[0,-1]],[[73552,32663],[1,-2],[-4,-2],[0,3],[3,1]],[[73621,32859],[5,-8],[-11,-3],[1,5],[5,6]],[[73629,32990],[2,1],[-6,-5],[0,2],[4,2]],[[73681,33039],[2,-2],[-6,-4],[0,2],[4,4]],[[73683,33056],[2,-5],[-5,-4],[-1,4],[4,5]],[[73775,33107],[-1,1],[0,1],[2,-1],[-1,-1]],[[73966,33161],[0,-4],[-5,2],[2,2],[3,0]],[[74074,33276],[1,1],[-2,-3],[0,1],[1,1]],[[74079,33282],[1,2],[2,-3],[-1,1],[-2,0]],[[74080,33287],[0,-1],[-2,-1],[2,2]],[[76028,39492],[-124,-398],[-51,-545],[8,-593],[119,-905],[-32,-272],[-237,-652],[-208,-85],[-187,-156],[-140,-170],[-3,-103],[-65,-65],[-37,-111],[-119,-80],[46,-42],[-58,-178],[-74,-47],[41,-53],[4,-85],[-45,-234],[-94,-196],[11,-48],[-24,-16],[23,16],[-3,9],[-36,-6],[-23,71],[-65,-38],[-8,-52],[2,-4],[3,0],[0,-1],[3,1],[4,0],[6,8],[15,-3],[-31,-19],[52,-45],[-103,-164],[-101,-334],[-81,-111],[-62,-189],[-91,33],[-4,-87],[-69,-12],[-59,-173]],[[74131,33359],[-74,-45],[-42,-70],[15,-36],[-86,-46],[-43,-89],[-2,56],[-55,34],[-226,-137],[-114,-236],[16,-134],[-29,-79],[-101,-239],[-125,-115],[-85,-160],[-17,-169]],[[74091,33324],[-2,-1],[3,4],[1,-1],[-2,-2]],[[74121,33339],[0,1],[2,1],[-1,-2],[-1,0]],[[74126,33353],[-1,-1],[0,1],[1,0]],[[74132,33356],[-1,0],[1,1],[0,-1]],[[74131,33359],[0,-1]],[[74131,33358],[0,1]],[[74162,33400],[2,0],[0,-3],[-1,0],[-1,3]],[[74163,33401],[-1,1],[2,0],[-1,-1]],[[74165,33406],[1,1],[0,-2],[-1,0],[0,1]],[[74157,33425],[1,-1],[-1,0],[0,1]],[[74182,33478],[1,1],[-4,-4],[1,3],[2,0]],[[74252,33534],[6,-3],[-12,-2],[2,3],[4,2]],[[74197,33532],[-1,0],[0,1],[1,0],[0,-1]],[[74246,33534],[0,-1],[-1,0],[0,1],[1,0]],[[74393,33436],[-2,-5],[-2,1],[0,3],[4,1]],[[74485,33491],[-2,-2],[-2,0],[2,4],[2,-2]],[[74476,33494],[0,2],[1,1],[1,-3],[-2,0]],[[74265,33576],[0,1],[1,0],[0,-1],[-1,0]],[[74263,33578],[0,0]],[[74269,33578],[0,1],[1,0],[0,-1],[-1,0]],[[74339,33590],[2,2],[-1,-6],[-2,0],[1,4]],[[74304,33593],[-1,-2],[-2,1],[2,2],[1,-1]],[[74308,33593],[0,1],[1,0],[0,-1],[-1,0]],[[74318,33595],[1,1],[-2,-3],[-3,0],[4,2]],[[74323,33599],[0,1],[1,0],[0,-1],[-1,0]],[[74263,33620],[-1,0],[0,1],[1,0],[0,-1]],[[74413,33633],[0,1],[2,1],[-1,-2],[-1,0]],[[74455,33654],[-1,4],[4,1],[0,-4],[-3,-1]],[[74445,33656],[1,7],[5,-9],[-10,-2],[4,4]],[[74461,33669],[4,-5],[-1,-8],[-6,7],[3,6]],[[74432,33663],[-2,0],[0,1],[3,1],[-1,-2]],[[74426,33695],[-3,-1],[-1,4],[4,1],[0,-4]],[[74501,33882],[-3,0],[-2,2],[5,1],[0,-3]],[[74603,34151],[1,-1],[-4,-2],[0,3],[3,0]],[[74626,34249],[-1,0],[1,1],[0,-1]],[[74638,34254],[0,-3],[-6,-1],[3,6],[3,-2]],[[74657,34277],[0,0]],[[74670,34305],[0,-2],[-2,0],[0,2],[2,0]],[[74668,34320],[1,2],[3,-2],[-1,-1],[-3,1]],[[74656,34448],[0,-1],[-1,0],[0,2],[1,-1]],[[74665,34480],[0,-2],[-2,-1],[-1,2],[3,1]],[[74667,34480],[0,1],[1,0],[0,-1],[-1,0]],[[74660,34500],[-2,0],[0,1],[1,1],[1,-2]],[[98905,33967],[72,-39],[21,-49],[-72,2],[-21,86]],[[99998,33953],[-5,1],[-1,1],[5,3],[1,-5]],[[99991,34018],[8,-8],[-10,-10],[-5,15],[7,3]],[[99982,34019],[0,-2],[-1,0],[0,2],[1,0]],[[99983,34024],[-4,2],[2,3],[3,-1],[-1,-4]],[[74673,34296],[0,-1]],[[74673,34296],[0,-1]],[[74673,34295],[0,1]],[[74679,34297],[-2,-2],[-1,0],[4,3],[-1,-1]],[[74673,34298],[-3,-1],[-1,2],[4,2],[0,-3]],[[74680,34302],[0,-1],[-2,-1],[1,2],[1,0]],[[74674,34306],[0,-1],[-2,-1],[0,2],[2,0]],[[74682,34324],[1,0],[-1,-2],[-1,1],[1,1]],[[74732,34325],[0,-1],[-1,0],[0,2],[1,-1]],[[74739,34327],[0,-1],[-1,0],[0,2],[1,-1]],[[74736,34329],[1,0],[0,-3],[-1,0],[0,3]],[[74679,34330],[0,1],[2,0],[-1,-2],[-1,1]],[[74689,34368],[-1,1],[0,1],[1,0],[0,-2]],[[74691,34368],[-1,0],[-1,4],[3,-2],[-1,-2]],[[74682,34375],[0,0]],[[74693,34375],[-2,0],[0,4],[1,0],[1,-4]],[[74698,34379],[0,-1],[-2,0],[1,2],[1,-1]],[[74702,34400],[1,0],[0,-1],[-1,0],[0,1]],[[74691,34407],[3,-2],[-1,-2],[-5,5],[3,-1]],[[74698,34406],[-2,-1],[-1,3],[2,0],[1,-2]],[[74680,34443],[2,-3],[-1,-4],[-3,2],[2,5]],[[74685,34442],[0,-4],[-3,5],[3,-1]],[[74682,34464],[-2,0],[0,3],[2,-1],[0,-2]],[[74996,35310],[0,-1],[-2,-1],[1,3],[1,-1]],[[64835,26618],[-2,2],[6,4],[-1,-5],[-3,-1]],[[64942,26625],[-2,4],[4,1],[1,-1],[-3,-4]],[[64956,26640],[0,-1],[-1,0],[1,2],[0,-1]],[[65165,26637],[3,10],[7,1],[-7,-12],[-3,1]],[[64957,26642],[0,0]],[[64923,26663],[2,0],[0,-2],[-3,0],[1,2]],[[64921,26663],[0,1],[1,1],[0,-2],[-1,0]],[[65020,26822],[0,1],[1,0],[0,-2],[-1,1]],[[65034,26836],[-2,1],[-2,3],[5,0],[-1,-4]],[[65170,26860],[-4,-6],[-3,1],[9,7],[-2,-2]],[[64942,26926],[0,-1]],[[64997,26958],[21,7],[8,-4],[-13,-9],[-25,-6],[9,12]],[[65203,26974],[-6,-8],[-2,1],[1,6],[7,1]],[[64901,26982],[-5,-1],[-2,6],[8,2],[-1,-7]],[[65067,26977],[46,45],[22,-5],[-38,-47],[-30,7]],[[65138,26998],[-3,-2],[-1,4],[4,1],[0,-3]],[[64902,27001],[0,2],[2,0],[-1,-2],[-1,0]],[[64903,27006],[-1,0],[2,1],[0,-1],[-1,0]],[[64863,27011],[0,1],[2,1],[-1,-3],[-1,1]],[[64918,27011],[-1,1],[3,2],[0,-2],[-2,-1]],[[64858,27013],[-1,3],[4,-1],[-1,-2],[-2,0]],[[64941,27024],[-2,0],[1,3],[2,-1],[-1,-2]],[[65144,27031],[3,-12],[-10,1],[-2,6],[9,5]],[[65163,27036],[-3,-1],[-2,3],[3,1],[2,-3]],[[65087,27039],[-2,-3],[-3,1],[1,4],[4,-2]],[[65044,27040],[1,2],[1,0],[-1,-3],[-1,1]],[[65024,27045],[-1,-4],[-4,0],[2,5],[3,-1]],[[65049,27051],[1,2],[5,0],[-8,-7],[2,5]],[[65160,27070],[2,-13],[-11,-3],[2,14],[7,2]],[[64973,27075],[3,-17],[-6,-1],[-1,16],[4,2]],[[64910,27073],[2,2],[1,-3],[-2,1],[-1,0]],[[64927,27076],[0,-1],[-1,0],[0,1],[1,0]],[[64919,27085],[0,-4],[-5,0],[1,5],[4,-1]],[[65024,27086],[-1,0],[0,1],[1,0],[0,-1]],[[64925,27091],[0,-1],[-1,0],[1,1]],[[65025,27091],[0,-1],[-2,0],[1,3],[1,-2]],[[64923,27095],[2,1],[0,-3],[-2,0],[0,2]],[[64929,27105],[7,-1],[0,-2],[-9,-5],[2,8]],[[64963,27126],[-5,-6],[-4,8],[11,3],[-2,-5]],[[64891,27138],[30,-1],[-23,-33],[2,9],[-9,25]],[[64936,27200],[-1,-2],[-4,0],[4,4],[1,-2]],[[64952,27201],[0,0]],[[64915,27209],[-2,-4],[-6,0],[4,5],[4,-1]],[[64929,27216],[-2,-2],[-2,0],[3,6],[1,-4]],[[64953,27227],[-2,-4],[-1,0],[1,4],[2,0]],[[64939,27251],[-6,-5],[-5,0],[2,9],[9,-4]],[[64925,27261],[1,-3],[-4,1],[1,3],[2,-1]],[[64909,27263],[-5,-5],[7,9],[-2,-4]],[[64941,27286],[-4,1],[11,4],[-1,-2],[-6,-3]],[[64932,27293],[-1,0],[2,1],[-1,-1]],[[64972,27300],[0,2],[1,-1],[-1,-1]],[[64914,27312],[1,5],[3,0],[-3,-5],[-1,0]],[[65112,27319],[5,-1],[-7,-6],[2,4],[0,3]],[[65197,27344],[1,-1],[-2,-1],[0,2],[1,0]],[[65009,27364],[14,2],[-21,-19],[-2,7],[9,10]],[[65124,27359],[-1,0],[-1,-1],[2,2],[0,-1]],[[65033,27364],[3,-7],[-5,-2],[-3,8],[5,1]],[[65097,27367],[-1,-4],[-5,2],[4,4],[2,-2]],[[65179,27365],[1,2],[2,0],[0,-2],[-3,0]],[[65018,27366],[0,1],[-2,2],[4,-2],[-2,-1]],[[65113,27370],[0,-2],[-6,0],[3,4],[3,-2]],[[65063,27381],[0,1],[2,0],[-1,-3],[-1,2]],[[65041,27380],[-5,-1],[1,5],[6,-1],[-2,-3]],[[65197,27397],[11,-4],[-27,-25],[-1,6],[17,23]],[[65093,27391],[7,5],[-18,-21],[1,10],[10,6]],[[64967,27389],[2,0],[0,-2],[-2,0],[0,2]],[[65052,27394],[7,-4],[-10,-5],[-1,7],[4,2]],[[65081,27400],[0,-1],[-2,-1],[0,2],[2,0]],[[65191,27407],[-1,-4],[-7,0],[4,5],[4,-1]],[[65224,27417],[-2,-5],[-1,-1],[-1,4],[4,2]],[[65319,27416],[19,3],[26,16],[-22,-30],[-23,11]],[[65225,27420],[0,2],[2,1],[-1,-2],[-1,0],[0,-1]],[[65339,27426],[-1,0],[0,1],[1,0],[0,-1]],[[65283,27447],[5,1],[-11,-8],[1,5],[5,2]],[[65640,26993],[-3,-4],[-6,0],[3,5],[6,-1]],[[65547,27285],[-1,0],[-2,-2],[2,4],[1,-2]],[[65556,27363],[6,2],[-5,-12],[-5,4],[4,6]],[[65522,27378],[0,-2],[-4,-1],[3,6],[1,-3]],[[65527,27385],[2,1],[0,-2],[-1,-1],[-1,2]],[[65531,27388],[0,-2],[-1,0],[0,2],[1,0]],[[65513,27392],[4,-4],[-17,-1],[1,3],[12,2]],[[65597,27390],[0,-1],[-1,0],[0,2],[1,-1]],[[65594,27393],[1,0],[0,-1],[-1,0],[0,1]],[[65540,27397],[1,-5],[-6,-2],[-1,8],[6,-1]],[[65595,27396],[1,0],[0,-1],[-1,0],[0,1]],[[65517,27397],[0,-1],[-1,0],[1,1]],[[65498,27402],[-1,0],[1,0]],[[65576,27441],[85,-1],[4,-77],[-37,-8],[6,57],[-58,29]],[[65545,27420],[0,1],[1,0],[0,-1],[-1,0]],[[65545,27423],[1,0],[0,-1],[-1,0],[0,1]],[[65564,27435],[-1,-3],[-9,-2],[1,9],[9,-4]],[[65674,27438],[-4,-1],[-1,3],[7,3],[-2,-5]],[[65549,27444],[0,0]],[[65550,27449],[-2,-4],[-6,1],[1,4],[7,-1]],[[65519,27451],[0,-2],[-4,1],[2,4],[2,-3]],[[65580,27452],[0,0]],[[65440,27460],[4,7],[0,-8],[-9,-9],[5,10]],[[65361,27460],[2,2],[3,1],[-2,-4],[-4,-2],[1,3]],[[65538,27467],[8,5],[-12,-17],[-1,3],[5,9]],[[65465,27472],[-3,0],[0,3],[2,1],[1,-4]],[[65487,27501],[0,-1],[-1,0],[0,2],[1,-1]],[[65625,27503],[0,1],[1,-2],[-1,1]],[[65612,27507],[-1,1],[2,1],[0,-1],[-1,-1]],[[65611,27512],[-1,0],[1,1],[0,-1]],[[65624,27513],[0,1],[2,0],[-1,-1],[-1,0]],[[65579,27521],[0,1],[4,0],[-1,-2],[-3,1]],[[65494,27530],[0,1],[1,0],[0,-2],[-1,1]],[[65475,27530],[-2,-1],[-1,5],[4,0],[-1,-4]],[[65492,27534],[0,0]],[[65619,27540],[1,1],[0,-2],[-1,1]],[[65493,27551],[0,1],[3,2],[-1,-3],[-2,0]],[[65530,27556],[-1,-9],[-8,6],[3,6],[6,-3]],[[65544,27555],[-1,0],[0,1],[1,0],[0,-1]],[[65649,27558],[1,0],[1,-2],[-3,0],[1,2]],[[65543,27562],[-2,-5],[-7,4],[3,4],[6,-3]],[[65664,27562],[0,1],[2,1],[0,-1],[-2,-1]],[[65516,27570],[8,-4],[-5,-10],[-12,18],[9,-4]],[[65673,27573],[-1,3],[3,1],[0,-4],[-2,0]],[[65635,27579],[-5,-7],[-4,-1],[5,7],[4,1]],[[65520,27580],[0,-1],[-7,0],[5,3],[2,-2]],[[65649,27585],[6,3],[-17,-16],[0,4],[11,9]],[[65533,27595],[7,5],[14,-8],[-21,-15],[0,18]],[[65528,27596],[0,-1],[-2,-1],[0,2],[2,0]],[[65663,27597],[-4,-2],[7,8],[0,-3],[-3,-3]],[[65599,27604],[-1,-3],[-3,0],[5,5],[-1,-2]],[[65563,27604],[0,0]],[[65474,27606],[2,-3],[-2,-1],[-2,1],[2,3]],[[65566,27607],[-1,4],[7,0],[-1,-4],[-5,0]],[[65507,27624],[3,-10],[-21,-6],[2,10],[16,6]],[[65612,27617],[-4,-2],[-3,0],[9,10],[-2,-8]],[[65623,27630],[0,2],[3,0],[-2,-4],[-1,2]],[[65675,27636],[-1,-4],[-3,0],[1,3],[3,1]],[[65528,27634],[-2,-1],[-1,3],[6,-1],[-3,-1]],[[65664,27638],[-2,-6],[-11,-2],[1,7],[12,1]],[[65671,27636],[-3,-1],[4,7],[2,-3],[-3,-3]],[[65550,27646],[-4,-2],[0,5],[3,2],[1,-5]],[[65652,27660],[-1,-5],[-4,-1],[2,5],[3,1]],[[65546,27665],[-1,0]],[[65613,27675],[0,0]],[[65614,27677],[-2,-2],[-1,0],[2,4],[1,-2]],[[65520,27677],[0,0]],[[65520,27678],[0,0],[0,0]],[[65612,27683],[1,0],[0,-1],[-1,0],[0,1]],[[65612,27684],[-2,1],[4,2],[0,-4],[-2,1]],[[65612,27687],[-1,3],[2,1],[1,-2],[-2,-2]],[[65657,27713],[1,0],[0,-1],[-1,0],[0,1]],[[65664,27713],[-1,1],[-3,1],[4,3],[0,-5]],[[66074,26970],[15,19],[11,-5],[1,-17],[-27,3]],[[66030,27067],[-1,2],[4,1],[0,-1],[-3,-2]],[[66023,27068],[0,1],[4,1],[-1,-2],[-3,0]],[[66145,27070],[-40,38],[-85,-30],[-25,-61],[-26,29],[-100,-34],[0,42],[-39,-20],[0,44],[-63,7],[-75,-119],[-33,-8],[17,114],[-38,-24],[-46,44],[117,51],[-5,43],[72,61],[-4,-45],[32,-13],[116,157],[-8,-39],[97,-30],[-61,-17],[105,-23],[13,-62],[85,57],[-33,-96],[59,24],[52,-51],[-84,-39]],[[66163,27161],[0,-1],[-1,0],[0,1],[1,0]],[[66059,27187],[0,0]],[[66062,27191],[-1,-3],[-2,2],[3,3],[0,-2]],[[66095,27216],[2,2],[1,-1],[-2,-2],[-1,1]],[[66119,27232],[-1,1],[2,1],[-1,-1],[0,-1]],[[66061,27243],[-2,1],[7,2],[0,-1],[-5,-2]],[[66117,27264],[0,0]],[[66121,27266],[-3,0],[3,2],[0,-2]],[[66166,27284],[-1,0],[-3,-3],[5,6],[-1,-3]],[[65744,27307],[1,0],[1,-1],[-3,-1],[1,2]],[[65896,27317],[0,2],[3,1],[0,-3],[-3,0]],[[65953,27319],[0,-1],[-1,0],[0,1],[1,0]],[[65743,27320],[-3,-3],[-3,0],[2,4],[4,-1]],[[65701,27324],[-2,-9],[-6,3],[3,7],[5,-1]],[[65898,27321],[0,0]],[[65897,27324],[-1,1]],[[65897,27324],[-1,1]],[[65896,27325],[1,-1]],[[65921,27326],[1,1],[3,0],[-5,-2],[1,1]],[[65897,27341],[2,0],[0,-1],[-3,-1],[1,2]],[[65926,27342],[1,-2],[-2,-1],[-1,2],[2,1]],[[65865,27357],[1,2],[9,1],[-3,-5],[-7,2]],[[65730,27373],[-1,1],[2,2],[1,-2],[-2,-1]],[[65680,27381],[0,1],[1,0],[0,-1],[-1,0]],[[65742,27391],[2,-8],[-21,-3],[4,8],[15,3]],[[65698,27397],[2,0],[1,1],[-1,-3],[-2,2]],[[65702,27396],[-1,1],[2,2],[0,-2],[-1,-1]],[[65692,27398],[0,1],[2,0],[-2,-3],[0,2]],[[65738,27403],[-3,-6],[-9,3],[7,0],[5,3]],[[65834,27401],[2,0],[0,-2],[-2,0],[0,2]],[[65694,27401],[-2,-2],[-3,1],[1,3],[4,-2]],[[65746,27408],[-1,1],[2,1],[0,-2],[-1,0]],[[66124,27428],[-3,2],[6,6],[2,-9],[-5,1]],[[66079,27440],[-1,-9],[-7,5],[4,9],[4,-5]],[[66153,27443],[3,-9],[-15,-1],[2,14],[10,-4]],[[65769,27441],[0,0]],[[65769,27443],[0,0]],[[66180,27443],[0,3],[1,0],[1,-3],[-2,0]],[[65810,27447],[-1,4],[2,1],[1,-4],[-2,-1]],[[65801,27452],[-1,1],[2,1],[0,-3],[-1,1]],[[65774,27457],[-1,-1],[-1,0],[1,3],[1,-2]],[[65706,27463],[-1,1],[2,2],[0,-2],[-1,-1]],[[65808,27469],[0,0]],[[65701,27470],[-7,-3],[-3,5],[2,2],[8,-4]],[[65796,27469],[-4,0],[0,3],[5,1],[-1,-4]],[[65810,27469],[1,3],[3,2],[-2,-4],[-2,-1]],[[65799,27473],[0,-1],[-1,0],[0,1],[1,0]],[[65743,27470],[0,5],[-1,1],[3,-2],[-2,-4]],[[65800,27472],[-2,3],[1,2],[2,-3],[-1,-2]],[[65834,27476],[0,1],[1,0],[-2,-2],[1,1]],[[65695,27480],[1,0],[0,-1],[-1,0],[0,1]],[[65723,27488],[-2,1],[3,3],[1,-1],[-2,-3]],[[65816,27494],[1,1],[1,-2],[-1,0],[-1,1]],[[65718,27495],[1,2],[1,-1],[-1,-2],[-1,1]],[[65834,27503],[1,1],[3,0],[-2,-3],[-2,2]],[[65762,27516],[-1,-3],[-1,0],[0,4],[2,-1]],[[65746,27516],[-1,2],[3,2],[1,-2],[-3,-2]],[[65687,27585],[-1,0],[0,2],[2,0],[-1,-2]],[[65698,27589],[0,4],[3,2],[-2,-6],[-1,0]],[[65677,27600],[2,-4],[-5,-4],[-1,6],[4,2]],[[65702,27611],[2,0],[0,-2],[-3,0],[1,2]],[[65731,27619],[2,-1],[-4,-1],[0,1],[2,1]],[[65740,27623],[-2,-1],[0,3],[2,0],[0,-2]],[[65723,27623],[3,4],[3,-2],[-3,-3],[-3,1]],[[65721,27637],[-3,-2],[-1,6],[4,0],[0,-4]],[[65685,27666],[4,8],[0,-17],[-9,-3],[5,12]],[[65685,27675],[0,1],[1,0],[0,-1],[-1,0]],[[65674,27704],[11,-8],[-14,-11],[-6,11],[9,8]],[[65691,27723],[0,-1],[-1,0],[0,1],[1,0]],[[65695,27722],[0,1],[1,1],[0,-2],[-1,0]],[[65691,27726],[2,2]],[[65694,27729],[2,0]],[[65697,27728],[-6,-3]],[[66221,27090],[0,1],[1,0],[-1,-1]],[[66229,27096],[-1,-3],[-4,1],[0,1],[5,1]],[[66191,27173],[0,-2],[-1,0],[0,2],[1,0]],[[66197,27187],[3,-2],[-14,-11],[2,10],[9,3]],[[66201,27184],[0,1],[1,0],[0,-1],[-1,0]],[[66406,27318],[-1,-2],[-2,0],[4,4],[-1,-2]],[[66182,27441],[-1,0],[2,1],[0,-2],[-1,1]],[[66186,27473],[-1,0],[0,1],[1,0],[0,-1]],[[66186,27476],[0,-1],[-1,0],[0,1],[1,0]],[[66537,27479],[2,-5],[-7,-1],[-1,8],[6,-2]],[[66189,27480],[0,0]],[[66185,27481],[3,1],[-1,-4],[-3,1],[1,2]],[[66553,27487],[0,-9],[-7,-2],[1,6],[6,5]],[[66553,27491],[1,1],[2,0],[-2,-3],[-1,2]],[[66563,27498],[-1,-2],[-1,1],[1,0],[1,1]],[[66561,27500],[0,0]],[[66505,27500],[2,0],[-2,0]],[[66509,27507],[-1,-3],[-1,0],[0,2],[2,1]],[[66585,27506],[-1,0],[0,3],[1,-1],[0,-2]],[[66260,27508],[-1,0],[0,1],[1,0],[0,-1]],[[66597,27519],[-1,0],[-1,1],[2,0],[0,-1]],[[66542,27522],[-7,-8],[-5,11],[6,2],[6,-5]],[[66545,27527],[-1,0],[0,1],[1,0],[0,-1]],[[66551,27529],[2,0],[0,-1],[-2,0],[0,1]],[[66547,27528],[1,2],[2,0],[-2,-3],[-1,1]],[[66314,27529],[6,8],[33,12],[13,-5],[-20,-35],[-32,20]],[[66555,27529],[1,1],[0,-1],[-1,0]],[[66546,27530],[0,-1],[-1,0],[0,1],[1,0]],[[66534,27531],[-4,2],[7,4],[-3,-2],[0,-4]],[[66568,27540],[23,28],[24,-3],[-40,-65],[-7,40]],[[66625,27548],[-1,-1],[-2,0],[1,2],[2,-1]],[[66616,27552],[0,-1],[-1,0],[0,1],[1,0]],[[66630,27561],[4,4],[-4,-13],[-8,-1],[8,10]],[[66340,27565],[-3,-2],[-6,6],[5,5],[4,-9]],[[66610,27576],[-1,-5],[-9,-1],[3,7],[7,-1]],[[66599,27580],[-1,2],[3,2],[1,-1],[-3,-3]],[[66572,27585],[1,3],[2,-1],[-4,-3],[1,1]],[[66633,27591],[-4,-10],[-11,3],[2,7],[13,0]],[[66615,27594],[-1,-1],[2,3],[0,-2],[-1,0]],[[66415,27628],[0,0]],[[66417,27630],[-1,0],[0,1],[1,0],[0,-1]],[[66431,27638],[0,-2],[-4,-3],[1,3],[3,2]],[[66627,27636],[-2,4],[3,1],[-1,-1],[0,-4]],[[66547,27643],[1,-4],[-11,2],[1,2],[9,0]],[[66434,27642],[1,-1],[-1,0],[0,1]],[[66705,27644],[0,0]],[[66710,27645],[-1,1],[4,2],[0,-2],[-3,-1]],[[66732,27653],[0,0]],[[66736,27677],[14,-11],[-7,-13],[-10,0],[3,24]],[[66590,27674],[1,-2],[-4,-2],[1,2],[2,2]],[[66411,27675],[2,0],[-1,-3],[-2,0],[1,3]],[[66746,27678],[-2,-1],[-1,0],[4,3],[-1,-2]],[[66731,27679],[-1,-1],[-4,0],[1,4],[4,-3]],[[66599,27680],[2,2],[2,0],[-3,-4],[-1,2]],[[66503,27679],[-1,5],[5,0],[-2,-4],[-2,-1]],[[66511,27680],[0,4],[5,1],[-2,-4],[-3,-1]],[[66618,27694],[-1,-7],[-12,-6],[0,7],[13,6]],[[66635,27660],[-10,46],[97,25],[-11,-59],[-76,-12]],[[66753,27689],[0,1],[1,0],[0,-1],[-2,-1],[1,1]],[[66520,27711],[0,-1],[-1,0],[1,1]],[[66517,27711],[0,0]],[[66678,27725],[0,2],[2,0],[0,-3],[-2,1]],[[66732,27731],[-2,-2],[-3,1],[2,2],[3,-1]],[[66705,27735],[0,-2],[-2,0],[0,1],[2,1]],[[66703,27737],[0,1],[1,0],[0,-1],[-1,0]],[[66782,27776],[0,0]],[[66782,27777],[0,0]],[[66779,27779],[0,0]],[[66781,27780],[0,-1],[-1,0],[0,1],[1,0]],[[66784,27780],[1,0]],[[66785,27780],[-1,-1]],[[66784,27780],[0,0]],[[66784,27780],[0,-1]],[[66783,27778],[1,2]],[[65878,28040],[0,1]],[[65878,28041],[6,1]],[[65884,28041],[0,1]],[[65884,28042],[-23,96],[66,84],[62,-4],[-9,47],[60,28],[33,71],[-144,188]],[[65929,28553],[0,-1]],[[65929,28552],[-60,-20],[-33,30]],[[65837,28562],[-1,0]],[[65836,28562],[-39,-23],[-132,56],[-24,-69],[-27,60]],[[65614,28586],[0,-1],[-1,0],[0,1],[1,0]],[[65614,28586],[5,12]],[[65619,28596],[0,2]],[[65619,28598],[5,6]],[[65625,28604],[-1,0]],[[65624,28604],[2,1]],[[65626,28604],[0,1]],[[65626,28605],[2,3]],[[65628,28607],[-1,0],[0,-1],[1,0],[0,1]],[[65628,28607],[0,1]],[[65628,28608],[3,1]],[[65631,28609],[1,0]],[[65632,28609],[-1,0]],[[65631,28609],[1,1]],[[65632,28610],[0,-1]],[[65632,28609],[1,1]],[[65632,28610],[1,0]],[[65633,28610],[-11,10]],[[65622,28621],[0,-1]],[[65622,28620],[-4,-1]],[[65618,28618],[0,1]],[[65618,28619],[-57,16],[-38,-41],[7,-52],[-56,26],[-74,-45],[-52,18]],[[65347,28540],[1,1]],[[65348,28541],[-10,-32]],[[65337,28508],[0,1]],[[65337,28509],[1,0]],[[65338,28509],[-1,0]],[[65337,28509],[-11,-15]],[[65325,28494],[1,0]],[[65326,28494],[-78,-30],[15,50]],[[65263,28514],[1,0],[0,1],[-1,0],[0,-1]],[[65263,28514],[-15,9]],[[65248,28524],[0,-1]],[[65248,28523],[-17,10]],[[65230,28533],[1,0]],[[65231,28533],[-68,28],[-26,-64],[-32,44],[-35,-18]],[[65070,28524],[0,-1]],[[65070,28523],[-71,31],[-2,131],[-67,-22],[14,64],[-62,64],[-38,-8],[-4,121],[-50,107],[-153,50]],[[71138,33265],[15,5]],[[71153,33271],[0,-1]],[[71153,33270],[57,-38]],[[71210,33231],[0,1]],[[71210,33232],[81,-47],[-17,-17],[-1,-4],[73,20],[62,-42]],[[71408,33142],[-2,-1],[0,-2],[3,0],[-1,3]],[[71408,33142],[30,-10],[-8,-133],[37,14]],[[71468,33013],[-1,0]],[[71467,33013],[33,-12],[-22,-33]],[[71478,32967],[0,1]],[[71478,32968],[2,-6]],[[71480,32963],[0,-1]],[[71480,32962],[-6,-98]],[[71474,32865],[0,-1]],[[71474,32864],[-31,-23],[60,-149],[-33,-104],[19,-51],[-37,-35],[24,-27]],[[71476,32474],[0,1]],[[71476,32475],[-31,-71],[65,-13],[-27,-43],[56,22],[180,-107],[57,20],[49,-88],[19,29],[86,-39],[68,20],[90,-92],[154,51],[133,-45],[43,-56],[81,-4],[43,42],[111,-73],[219,79],[113,-95],[81,10],[20,-90],[36,16],[41,-54]],[[73163,31894],[-1,-153],[-246,-377],[49,-276],[46,-17]],[[73013,31071],[36,3],[-26,-287],[109,-537],[-34,-172],[-449,-303],[-720,-247],[-345,-171],[-193,-153],[-36,-51],[25,-17],[-5,-36],[-162,-111],[-45,-110],[-69,-27],[-88,-127],[-67,6],[-75,-171],[33,-311],[59,-22],[60,-98],[53,35]],[[71075,28164],[67,48],[21,-44],[-32,-54],[-24,13],[17,-35],[-41,5]],[[71082,28097],[0,0]],[[71082,28097],[-51,-16],[-10,-66],[-96,-23],[-35,-80],[16,-49],[-115,-75],[10,-137],[56,17],[-17,-27],[32,-3],[-56,-27],[17,-65],[-58,79],[-76,28],[-638,52],[-540,4],[-162,-29],[-26,-44],[-802,-50],[0,46],[-185,65],[28,41],[55,-20],[4,38],[-92,30],[29,23],[-23,34],[45,0],[-24,24],[26,19],[4,-33],[32,127],[70,62],[-35,36],[28,51],[94,68],[-14,127],[-116,43],[-94,-98],[-58,18],[-130,-46],[-147,-139],[103,-228],[68,-5],[-21,-67],[73,13],[37,-33],[-42,-110],[63,25],[4,-32],[-75,-91],[-190,-37],[-36,-40],[-370,-21],[-181,-66],[-38,-66],[-46,7],[14,57]],[[67390,27408],[-5,2]],[[67381,27412],[-16,14]],[[67366,27426],[0,0]],[[67366,27426],[0,3]],[[67366,27430],[-3,5]],[[67362,27436],[-14,13]],[[67347,27449],[-2,0]],[[67344,27449],[-144,83]],[[67199,27532],[-321,222],[-114,-40],[19,64]],[[66783,27778],[1,1]],[[66784,27779],[1,1]],[[66787,27780],[-69,3],[-89,-67],[-159,-4],[-133,-133],[-31,9],[36,73],[-30,27],[-55,-34],[-8,-94],[-70,-81],[-274,-85],[-30,21],[65,90],[-62,40],[-106,-73],[-9,62],[-102,-73],[-35,31],[140,153],[-81,-15],[37,72],[-25,26]],[[65697,27728],[-1,1]],[[65696,27729],[-2,0]],[[65694,27729],[-1,-1]],[[65693,27728],[-2,-2]],[[65691,27726],[0,-1]],[[65691,27725],[-44,-10],[-11,20],[-15,-3],[-11,-61],[46,7],[-75,-69],[12,39],[-47,17]],[[65546,27665],[-1,0]],[[65545,27665],[-23,14]],[[65522,27679],[0,1]],[[65522,27680],[-57,-50],[-12,-72],[36,-13],[-48,-36],[35,-20],[-22,-17],[-83,52],[-57,-62],[-59,8],[-146,-95],[8,45],[-52,6],[-137,-48],[-46,-137],[13,-78],[-31,-29],[19,-43],[-50,-56],[13,-88],[44,-5],[115,123],[62,-53],[-29,-47],[-18,34],[-58,-8],[18,-34],[-38,-31]],[[64942,26926],[0,-1]],[[64942,26925],[-46,-33],[176,48],[-98,-150],[21,-24],[107,167],[85,26],[-51,-105],[102,2],[79,-73],[-59,21],[-58,-42],[-78,-151],[-36,-12],[-34,71],[-27,-34],[-13,55],[-42,-42],[-35,29],[-24,-41],[-67,18],[-36,-36],[18,-22]],[[64826,26597],[-119,77],[-1,58],[-64,81],[-45,-19],[-20,90],[-79,17],[-38,57],[32,108],[119,72],[14,228],[49,145],[-20,36],[23,40],[79,2],[15,57]],[[64770,27646],[1,0]],[[64771,27646],[0,1]],[[64772,27647],[-1,0]],[[64771,27647],[78,72],[58,-18],[30,48],[33,-25],[114,109],[142,1],[108,98],[36,-11],[29,-88],[105,95],[100,-25],[106,52],[6,-31],[57,56],[54,-11],[51,72]],[[66795,27242],[-1,-1],[-2,0],[2,3],[1,-2]],[[67385,27330],[0,0],[0,0]],[[67404,27335],[2,-4],[-9,-2],[5,8],[2,-2]],[[68207,27348],[-4,0],[-2,2],[3,2],[3,-4]],[[67374,27351],[-1,2],[3,0],[0,-2],[-2,0]],[[68211,27366],[9,-2],[-1,-15],[-15,8],[7,9]],[[67514,27380],[6,-8],[-14,0],[3,8],[5,0]],[[67339,27430],[53,-35]],[[67392,27394],[0,-3]],[[67391,27391],[-482,-12],[-452,-102],[-53,58],[107,97],[180,-65],[3,64],[-62,41],[-9,14],[236,-104],[425,78],[52,-30]],[[67510,27383],[2,2],[1,0],[-2,-3],[-1,1]],[[67388,27386],[1,0],[-1,-1],[0,1]],[[67392,27388],[-1,0],[1,0]],[[67391,27391],[1,0]],[[67392,27391],[-1,0]],[[67392,27389],[0,-1]],[[67397,27390],[0,-2],[-1,3],[2,1],[-1,-2]],[[67392,27394],[0,1]],[[67392,27395],[0,-1]],[[67397,27399],[-1,0],[-3,4],[2,0],[2,-4]],[[67518,27400],[-1,4],[3,0],[1,-2],[-3,-2]],[[67385,27409],[5,-1]],[[67390,27408],[1,0]],[[67391,27408],[-7,1]],[[67385,27409],[-1,0]],[[67381,27412],[4,-2]],[[67385,27410],[-4,2]],[[67958,27420],[1,0],[0,-2],[-2,1],[1,1]],[[67351,27425],[-1,1],[4,-3],[-1,0],[-2,2]],[[67959,27425],[-1,0],[0,1],[1,0],[0,-1]],[[67342,27431],[0,-1]],[[67339,27430],[-3,0]],[[67336,27430],[-5,3]],[[67332,27433],[10,-2]],[[67342,27431],[0,-1]],[[67342,27430],[-3,0]],[[67332,27433],[-1,0]],[[67331,27433],[1,0]],[[67344,27449],[1,0]],[[67345,27449],[2,0]],[[67347,27449],[1,0]],[[67348,27449],[14,-13]],[[67362,27436],[1,-1]],[[67363,27435],[3,-5]],[[67366,27430],[0,-1]],[[67366,27429],[0,-3]],[[67366,27426],[-1,0]],[[67365,27426],[-21,23]],[[67974,27444],[2,-3],[-13,-1],[4,4],[7,0]],[[67946,27443],[-2,0],[0,1],[1,0],[1,-1]],[[68190,27442],[17,9],[3,-1],[-26,-13],[6,5]],[[67311,27465],[53,-44],[-56,44]],[[67609,27447],[-1,-5],[-9,4],[4,7],[6,-6]],[[67970,27452],[0,0]],[[67969,27454],[0,-1],[-1,1],[1,0]],[[68212,27452],[-1,1],[3,3],[0,-3],[-2,-1]],[[67985,27458],[0,-6],[-7,2],[0,4],[7,0]],[[68219,27458],[-2,-1],[-1,1],[1,1],[2,-1]],[[67307,27459],[-2,-5],[-15,7],[5,3],[12,-5]],[[68036,27462],[-3,-2],[-4,1],[3,4],[4,-3]],[[68222,27463],[-3,-1],[0,3],[2,0],[1,-2]],[[67311,27465],[-3,0]],[[67308,27465],[3,0]],[[68223,27472],[-2,-4],[-8,1],[6,5],[4,-2]],[[68198,27474],[3,-4],[-13,3],[5,1],[5,0]],[[68241,27480],[1,-2],[-4,5],[1,1],[2,-4]],[[67199,27532],[1,0]],[[67200,27532],[-1,0]],[[67204,27533],[1,0],[0,-1],[-1,0],[0,1]],[[67182,27540],[0,-1],[-1,0],[0,1],[1,0]],[[67182,27543],[2,1],[-1,-2],[-3,0],[2,1]],[[67105,27574],[-1,0],[0,-1],[-1,0],[0,1],[2,0]],[[67088,27577],[-6,-4],[-3,0],[4,3],[5,1]],[[66904,27729],[6,1],[-4,-9],[-3,2],[1,6]],[[66852,27735],[-2,-5],[-6,-1],[2,6],[6,0]],[[66847,27747],[3,-2],[-8,-4],[3,5],[2,1]],[[66786,27781],[1,0]],[[66787,27781],[0,-1]],[[66787,27780],[-1,0]],[[66786,27781],[0,-1]],[[66786,27780],[-1,0]],[[66785,27780],[0,1]],[[66785,27781],[1,0]],[[66788,27781],[-1,0]],[[66788,27781],[-1,0]],[[66787,27781],[1,0]],[[68265,27801],[-9,5],[3,7],[16,-6],[-10,-6]],[[68182,27830],[4,-4],[-3,-10],[-5,12],[4,2]],[[68212,27828],[-2,-2],[-3,1],[4,2],[1,-1]],[[68258,27840],[5,-1],[-9,-3],[1,3],[3,1]],[[68161,27873],[-39,22],[-14,62],[76,-55],[-23,-29]],[[68257,27955],[-1,3],[6,-5],[-3,-1],[-2,3]],[[68236,27966],[0,0]],[[68082,27986],[0,0]],[[68071,27988],[3,1],[1,-5],[-4,-1],[0,5]],[[68081,27989],[1,0],[0,-2],[-2,3],[1,-1]],[[68236,27967],[-57,45],[-70,-47],[-52,59],[82,70],[83,-33],[4,34],[71,12],[-47,-61],[33,-53],[-47,-26]],[[68271,28135],[0,-1],[-1,0],[0,1],[1,0]],[[68271,28137],[0,0]],[[68245,28241],[0,-1],[-1,1],[1,0]],[[68324,27379],[7,-8],[-18,14],[5,1],[6,-7]],[[68311,27631],[4,6],[5,0],[-7,-13],[-2,7]],[[68387,27662],[3,1],[1,-2],[-2,1],[-2,0]],[[68316,27705],[2,0],[-1,-1],[-1,1]],[[68322,27707],[-1,-1],[-2,0],[2,2],[1,-1]],[[68296,27762],[-6,-9],[-2,0],[2,9],[6,0]],[[68368,27770],[-1,-2],[-1,0],[0,1],[2,1]],[[68355,27772],[0,1],[1,0],[0,-1],[-1,0]],[[68278,27803],[-2,-1],[3,2],[-1,-1]],[[68380,27854],[-9,2],[-2,5],[13,-1],[-2,-6]],[[68339,27874],[13,3],[2,-14],[-8,-5],[-3,-1],[-4,1],[0,16]],[[68356,27886],[4,7],[6,-2],[-6,-9],[-4,4]],[[68382,27900],[0,-12],[-17,5],[5,7],[12,0]],[[68387,27912],[-1,0],[3,2],[0,-2],[-2,0]],[[68411,27955],[-7,-7],[-14,19],[15,5],[6,-17]],[[68275,27977],[0,0],[0,0]],[[68285,28002],[0,-1],[0,-1],[-1,0],[1,2]],[[68280,28020],[7,3],[2,-10],[-9,3],[0,4]],[[68378,28036],[0,1],[2,-1],[-2,-1],[0,1]],[[68372,28040],[3,-1],[-4,-6],[-1,3],[2,4]],[[68384,28040],[-2,5],[4,0],[1,-2],[-3,-3]],[[68403,28047],[-2,0],[-3,-4],[6,9],[-1,-5]],[[68270,28052],[2,0],[0,-2],[-2,0],[0,2]],[[68297,28051],[-1,0],[0,1],[1,0],[0,-1]],[[68371,28056],[2,1],[1,-3],[-3,-1],[0,3]],[[68396,28059],[-2,2],[4,2],[1,-3],[-3,-1]],[[68376,28061],[1,2],[1,-2],[-4,-2],[2,2]],[[68301,28065],[0,0]],[[68300,28066],[0,0]],[[68302,28067],[0,0]],[[68303,28067],[0,0]],[[68300,28067],[0,0]],[[68301,28065],[0,1]],[[68301,28066],[0,0]],[[68301,28066],[-1,0],[1,0]],[[68301,28066],[-1,0],[0,3],[2,0],[-1,-3]],[[68301,28072],[0,0]],[[68300,28073],[0,0]],[[68301,28073],[0,0]],[[68308,28077],[0,0],[0,0]],[[68309,28078],[1,0],[1,1],[-1,-3],[-1,2]],[[68315,28080],[1,0],[0,-1],[-2,0],[1,1]],[[68311,28085],[2,1],[3,0],[-4,-4],[-1,3]],[[68340,28096],[1,0],[0,-2],[-2,1],[1,1]],[[68335,28098],[-1,0],[1,-1],[-1,0],[0,1],[1,0]],[[68339,28112],[2,1],[0,-2],[-2,-1],[0,2]],[[68333,28114],[1,-2],[3,-1],[-5,1],[1,2]],[[68292,28127],[15,-3],[2,-6],[-18,-4],[1,13]],[[68291,28128],[0,0]],[[68390,28128],[1,0],[0,1],[0,1],[1,0],[0,-1],[-1,0],[-1,-1]],[[68387,28131],[1,0],[0,-1],[-2,0],[1,1]],[[68271,28132],[0,0]],[[68274,28134],[-1,0]],[[68272,28134],[0,0]],[[68273,28134],[0,0]],[[68274,28134],[0,0]],[[68274,28134],[-1,0]],[[68273,28134],[0,1]],[[68273,28135],[1,-1]],[[68272,28135],[0,0]],[[68272,28135],[-1,0]],[[68271,28135],[0,0]],[[68271,28135],[1,0]],[[68273,28136],[0,0]],[[68271,28136],[0,0]],[[68272,28137],[0,0]],[[68378,28162],[5,8],[9,-5],[-8,-7],[-6,4]],[[68360,28188],[5,2],[2,-1],[0,-2],[3,-2],[0,-1],[-10,4]],[[68803,27475],[0,-1],[-1,0],[0,1],[1,0]],[[68810,27486],[-1,-6],[-6,-3],[2,6],[5,3]],[[68821,27507],[13,13],[5,-1],[-25,-28],[7,16]],[[68852,27525],[0,-1],[-1,0],[0,-3],[-3,-1],[0,2],[4,3]],[[68851,27527],[-1,-3],[-3,-1],[2,4],[2,0]],[[70834,27543],[13,-12],[66,59],[-54,-94],[-25,47]],[[68465,27575],[-5,-8],[-11,1],[10,8],[6,-1]],[[70778,27581],[0,-1],[1,-1],[-2,0],[1,2]],[[68499,27583],[6,2],[2,3],[-1,-9],[-12,-4],[5,8]],[[70778,27587],[-1,-5],[-1,0],[-1,6],[3,-1]],[[68524,27588],[1,8],[3,2],[0,-8],[-4,-2]],[[70877,27634],[16,-1],[0,-2],[-17,-13],[1,16]],[[69328,27637],[2,0],[0,-1],[-3,0],[1,1]],[[68419,27650],[-4,-2],[-4,1],[5,5],[3,-4]],[[69822,27681],[-1,2],[3,1],[-2,-1],[0,-2]],[[70795,27688],[0,5],[2,0],[0,-3],[-2,-2]],[[69805,27694],[1,1],[1,-2],[-2,-1],[0,2]],[[69808,27696],[0,-1],[-1,0],[0,1],[1,0]],[[69810,27697],[-1,0]],[[69809,27697],[1,0]],[[69810,27697],[-1,0]],[[69812,27698],[0,-1],[-1,1],[1,0]],[[68421,27716],[0,-1],[-2,1],[2,0]],[[70891,27815],[16,2],[5,-24],[-11,-3],[-10,25]],[[70948,27835],[-1,-2],[1,6],[1,-1],[-1,-3]],[[70953,27840],[0,-1],[-2,-3],[0,6],[2,-2]],[[70994,27855],[1,-2],[-2,-4],[-4,-2],[5,8]],[[70968,27869],[5,2],[-10,-14],[-1,6],[6,6]],[[70998,27873],[-1,-1]],[[70998,27873],[-1,-1]],[[70997,27872],[-26,1],[27,0]],[[71041,27888],[-4,-4],[-2,5],[4,-2],[2,1]],[[71034,27889],[1,-2],[-7,-1],[0,2],[6,1]],[[68416,27934],[-1,-5],[-5,-1],[1,5],[5,1]],[[68405,27930],[1,3],[1,0],[0,-2],[-2,-1]],[[68431,27999],[8,-4],[-19,-19],[-6,0],[17,23]],[[71042,28010],[0,-2],[-3,1],[1,3],[2,-2]],[[71043,28011],[-1,1],[2,0],[0,-2],[-1,1]],[[71039,28012],[-1,0],[1,1],[1,-1],[-1,0]],[[71036,28018],[2,-4],[-8,6],[3,0],[3,-2]],[[68414,28076],[2,0],[-1,-4],[-2,1],[1,3]],[[68412,28077],[1,-1],[-3,-3],[1,3],[2,0],[0,1],[-1,0]],[[68422,28078],[-1,0],[-1,-1],[1,2],[1,-1]],[[68425,28082],[1,-1],[-3,-2],[0,2],[2,1]],[[68409,28111],[2,1],[2,-3],[-3,0],[-1,2]],[[68485,28118],[0,-1],[-1,0],[1,1]],[[68482,28117],[0,3],[2,0],[0,-2],[-2,-1]],[[68420,28148],[1,-1],[-2,-1],[0,1],[1,1]],[[68491,28153],[0,0]],[[68408,28132],[-16,4],[19,47],[9,-9],[-12,-42]],[[68578,28204],[7,-10],[-8,-7],[-4,12],[5,5]],[[70990,28207],[0,0]],[[70982,28212],[8,-4],[-3,-5],[-8,3],[3,6]],[[70980,28214],[0,0]],[[70993,28215],[0,-1],[-1,0],[0,2],[1,-1]],[[70981,28237],[0,-1],[-1,0],[0,1],[1,0]],[[71032,28252],[6,-7],[-14,1],[1,3],[7,3]],[[68503,28322],[1,1],[1,-2],[-1,0],[-1,1]],[[68413,28328],[0,-1],[-1,0],[0,2],[1,-1]],[[68511,28332],[-1,-1],[-2,1],[4,3],[-1,-3]],[[70899,28572],[-1,1],[2,2],[0,-2],[-1,-1]],[[71006,28714],[1,0],[0,-1],[-1,0],[0,1]],[[70990,28713],[-1,2],[2,0],[0,-1],[-1,-1]],[[71005,28717],[0,-1],[-1,0],[1,1]],[[70990,28717],[0,0]],[[71008,28717],[0,0]],[[71007,28717],[0,0]],[[71007,28718],[0,0]],[[70987,28719],[0,0]],[[71003,28720],[0,0]],[[71003,28721],[-1,-2],[-4,-1],[2,4],[3,-1]],[[71041,28737],[2,0],[0,-2],[-1,1],[-3,-2],[-1,1],[3,2]],[[71045,28738],[1,0],[0,-1],[-1,0],[0,1]],[[71041,28739],[0,1],[1,-1],[-1,0]],[[71039,28752],[0,0],[0,0]],[[71057,27899],[11,7],[7,15],[-1,-23],[-17,1]],[[71076,27923],[0,-1],[-1,0],[0,1],[1,0]],[[71102,27940],[5,-3],[-9,-4],[-1,4],[5,3]],[[71090,28087],[0,1],[1,-1],[-1,0]],[[71100,28091],[0,0]],[[71240,28092],[1,0],[0,-1],[-1,0],[0,1]],[[71238,28092],[1,1],[1,0],[-1,-2],[-1,1]],[[71077,28094],[0,0]],[[71083,28096],[0,0]],[[71083,28097],[-1,0]],[[71259,28123],[-5,-7],[-7,-3],[-2,10],[14,0]],[[71327,28134],[11,-2],[1,-4],[-21,-4],[9,10]],[[71144,28137],[-1,1],[0,1],[2,-1],[-1,-1]],[[71075,28164],[-1,0]],[[71074,28164],[1,0]],[[71111,28172],[-1,0],[0,2],[1,0],[0,-2]],[[71141,28231],[0,-3],[-4,0],[1,4],[3,-1]],[[71062,28726],[1,0],[0,-1],[-1,0],[0,1]],[[71062,28727],[0,0]],[[71117,28847],[0,0]],[[71120,28847],[-2,0],[1,1],[1,-1]],[[71116,28848],[0,0]],[[71116,28851],[0,1],[2,-1],[-1,-1],[-1,1]],[[71159,28876],[2,-1],[0,-1],[-2,1],[0,1]],[[71197,28874],[-1,1],[0,1],[1,0],[0,-2]],[[71194,28875],[-1,0],[0,1],[1,0],[0,-1]],[[71192,28877],[0,-2],[-2,0],[0,1],[2,1]],[[71168,28884],[-1,0],[0,1],[2,-1],[-1,0]],[[71177,28889],[-1,0]],[[71177,28889],[-1,0]],[[71176,28889],[1,0]],[[71180,28904],[0,-2],[-2,3],[1,1],[1,-2]],[[71190,28911],[1,0],[0,-1],[-1,0],[0,1]],[[71189,28913],[0,-1],[-1,1],[1,0]],[[71187,28915],[-1,-2],[-2,1],[1,2],[2,-1]],[[71188,28916],[0,0]],[[71182,28931],[1,0],[0,-1],[-1,0],[0,1]],[[71182,28931],[0,0]],[[71185,28935],[0,-1],[-1,0],[0,1],[1,0]],[[71183,28936],[0,0]],[[71191,28937],[-3,-1],[0,2],[3,1],[0,-2]],[[71241,29011],[-1,0],[0,1],[1,0],[0,-1]],[[71243,29014],[0,0]],[[71242,29014],[0,0]],[[71494,29027],[3,-7],[-10,13],[2,1],[5,-7]],[[71502,29050],[17,15],[7,-38],[-20,4],[-4,19]],[[71302,29051],[0,1],[1,0],[-1,-2],[0,1]],[[71547,29068],[-2,0],[0,1],[2,0],[0,-1]],[[71551,29072],[-1,2],[3,-1],[0,-1],[-2,0]],[[71536,29081],[12,-5],[-4,-11],[-13,5],[5,11]],[[71558,29079],[-1,-4],[-7,2],[0,2],[8,0]],[[71381,29097],[-3,0],[1,4],[2,-1],[0,-3]],[[71382,29100],[-1,1],[2,2],[1,-2],[-2,-1]],[[71394,29116],[-1,4],[3,1],[0,-5],[-2,0]],[[72818,29894],[0,1],[1,-1],[-1,0]],[[73013,31071],[-2,0]],[[73011,31071],[2,0]],[[73022,31075],[5,-2],[-13,1],[0,1],[8,0]],[[73042,31074],[-1,-1],[-2,0],[0,1],[3,0]],[[73039,31077],[1,0],[1,-1],[-3,-1],[1,2]],[[73037,31077],[-3,-2],[-2,1],[5,2],[0,-1]],[[73042,31079],[0,-2],[-3,1],[3,2],[0,-1]],[[73045,31081],[-5,13],[1,7],[7,-11],[-3,-9]],[[72982,31160],[53,-51],[3,-16],[-65,-5],[9,72]],[[72970,31169],[-1,0],[0,3],[2,0],[-1,-3]],[[72996,31477],[0,-1],[-1,0],[0,1],[1,0]],[[72997,31478],[-1,1],[0,1],[1,0],[0,-2]],[[56666,20253],[-1,-1],[-4,4],[4,-1],[1,-2]],[[56760,20530],[2,-4],[-4,-4],[-4,5],[6,3]],[[56747,20531],[2,-3],[-7,5],[2,1],[3,-3]],[[45076,19206],[-33,41],[28,50],[-21,53],[-202,202],[17,187],[-51,3],[-100,145],[-35,-12],[10,25],[-51,23],[-14,97],[50,15],[4,38],[-37,2],[35,36],[-68,36],[59,29],[-59,87],[26,58],[41,-2],[-5,60],[-46,5],[27,26],[-59,38],[49,43],[-70,17],[17,51],[-45,39],[31,7],[-18,29],[40,-35],[30,51],[-46,75],[-62,-5],[31,38],[-42,8],[11,50],[-48,-34],[-10,52],[-70,12],[-14,-91],[-24,88],[-26,-2],[16,32],[-90,88],[-92,-48],[-57,70],[-53,-154],[-48,128],[68,146],[-24,43],[-132,-124],[-91,8],[-7,-38],[65,-34],[4,-43],[-120,55],[-11,-79],[-40,-7],[-77,108],[-84,-39],[-52,-96],[-83,23],[-10,-88],[-74,-68],[-6,-96],[-144,200],[-74,-27],[-54,101],[-95,-7],[-18,271],[-41,84],[262,401],[89,284],[77,54],[-78,177],[-3,101],[163,716],[130,223],[29,246],[-39,196],[20,135],[152,255],[-43,191],[-100,102],[-51,241],[13,89],[119,140]],[[46258,28508],[39,-94],[228,211],[133,27],[147,-108],[95,28],[252,-79],[259,159],[87,-118],[95,-58],[144,71],[293,-77],[122,55],[43,-47],[18,-107],[146,79],[18,244],[88,85],[373,-131],[159,-162],[260,32],[38,-19],[36,-112],[205,27],[146,-99],[135,17],[116,97],[98,-39],[303,1],[82,-124],[174,-100],[204,-28],[116,-71],[74,29],[69,-59],[115,23],[212,-251],[-24,-132],[140,-43],[69,23],[102,149],[115,-72],[76,50],[82,-21],[76,-85],[168,-3],[25,84],[88,22],[95,-116],[139,50],[80,-59],[371,66],[55,68],[112,-72],[-9,72],[28,11],[53,-66],[-19,-102],[158,-100],[-27,-126],[98,-53],[75,15],[98,-96],[109,11],[32,-26],[-11,-82],[116,-61],[115,-302],[10,-125],[-36,-46],[75,-24],[31,-61],[-69,-36],[51,-3],[39,-86],[31,13],[-14,-45],[-50,10],[-7,-95],[-36,13],[-14,-54],[17,-43],[-35,-5],[65,-60],[-38,-267],[151,-165],[1,-83],[-34,11],[-21,-61],[29,-14],[-1,-140],[-109,-95],[55,-96],[26,32],[-9,-50],[46,-65],[100,-8],[-21,-51],[48,-34],[-38,-29],[51,-18],[-10,-43],[39,-31],[-21,-36],[59,-19],[74,-156],[207,-126],[-11,-168],[-34,-22],[114,-102],[49,-147],[182,-87],[-116,-160],[40,-11],[-40,-68],[14,-85],[-108,-80],[35,-94],[-80,-47],[24,-303],[68,-54],[139,-20],[70,79],[152,-43],[71,41],[34,-35],[60,66],[-6,60],[78,10],[-12,-68],[43,11],[72,-77],[35,34],[60,-28],[12,32],[138,-9],[-24,42],[69,8],[108,-108],[47,43],[11,-39],[108,38],[30,-35],[-9,60],[34,-1],[8,-79],[33,-13],[50,75],[123,18],[114,-174],[70,-1],[-145,-245],[-5,-76],[49,-38],[-32,-57],[-30,12],[12,-194],[-72,-87],[38,-117],[120,-126],[100,122],[21,105],[139,82],[133,-144],[60,0],[-21,-87],[80,121],[22,-43],[21,18],[61,143],[59,-79],[-17,-33],[49,-16],[9,-182],[107,-119],[-76,-132],[169,-140],[125,32],[3,51],[66,-5],[-155,-230]],[[57352,21618],[-186,-232],[-74,-188],[-71,22],[-139,-71],[72,-54],[-48,-135],[-47,-50],[-100,-7],[-146,-135],[-214,-416],[-16,-126],[-66,-9],[10,-89],[-78,-219]],[[57352,21618],[3,3]],[[57355,21621],[-3,-3]],[[53773,11325],[-73,-6],[35,25],[-28,51],[-223,53],[-31,116],[-195,79]],[[53258,11644],[0,-1]],[[53258,11643],[-27,5]],[[53231,11649],[0,-1]],[[53231,11648],[-86,-73],[-261,-75],[48,-103],[91,-67],[39,-67],[-16,-14],[-12,38],[-49,-6],[6,53],[-103,42],[-23,61],[-13,-55],[-36,25],[14,103],[-86,13],[81,26],[-22,35],[37,43],[-61,10],[49,30],[103,-52],[-44,-70],[66,64],[20,-5],[52,6],[3,-6],[5,-1],[-8,9],[-5,2],[-69,-2],[-16,-15],[14,55],[-27,-5],[27,18],[-36,81],[47,16],[51,-7],[-81,-25],[40,-53],[35,34],[-1,-12],[-15,-26],[-2,-14],[76,52],[41,-30],[-31,38],[17,54],[34,1],[-17,61],[71,-32],[-25,55],[67,1],[-13,85],[58,67],[-138,-37],[97,56],[45,73],[-57,1],[54,103],[48,7],[-84,42],[17,87],[-41,17],[82,127],[-84,-11],[31,46],[-15,153],[27,-8],[-24,77],[88,68],[-29,51],[66,46],[-20,-43],[69,18],[-29,-57],[47,-13],[6,107],[66,-29],[63,70],[-54,-8],[-3,60],[65,37],[-28,-6],[61,102],[28,13],[8,-51],[48,36],[6,-33],[89,8]],[[53769,13120],[1,0]],[[53770,13120],[50,11]],[[53821,13131],[-1,0]],[[53820,13131],[-4,12]],[[53816,13144],[0,-1]],[[53816,13143],[-17,27]],[[53799,13169],[0,1]],[[53799,13170],[-17,24]],[[53782,13195],[0,-1]],[[53782,13194],[-7,62],[-83,67],[51,73],[-36,57],[-62,3],[11,90],[-36,-96],[-68,74],[4,-43],[-35,15],[-31,-46],[1,28],[-64,6],[13,51],[-32,23],[43,31],[-84,1],[16,-47],[-28,-12],[-61,34],[-34,-80],[-18,84],[-34,-14],[-14,43],[-33,-47],[-66,15],[-45,-74],[-104,19],[-33,-35],[-55,29],[32,82],[-39,36],[-70,-80],[48,-86],[-42,-10],[-45,118],[-55,21],[-43,-51],[-53,90],[-40,-39],[30,-15],[-48,-20],[-126,59],[-37,-75],[-30,112],[-49,-70],[-165,93],[-157,18],[-21,-67],[-120,122],[-73,-28],[-11,75],[-81,67],[15,37],[-81,89],[-3,53],[-126,57],[-24,145],[-56,-21],[8,142],[-75,4],[-23,58],[-93,-51],[-8,109],[-62,20],[63,121],[-106,72],[-6,109],[-129,75],[-40,-62],[-37,19],[5,81],[-87,55],[5,91],[-55,17],[-10,73],[-102,3],[-12,73],[-120,68],[-117,-3],[-12,48],[-62,28],[1,59],[-79,19],[-11,110],[-130,16],[-20,114],[-116,-77],[-3,63],[-86,75],[-26,102],[-135,5],[-53,-61],[-35,46],[17,106],[-111,-50],[23,116],[-24,23],[-50,-79],[-50,30],[-24,75],[-44,-12],[-31,-77],[-73,68],[-97,-7],[26,-80],[-21,-26],[-64,48],[-62,-31],[19,102],[-47,24],[-35,-35],[11,-74],[-38,-5],[-23,151],[-127,-32],[54,115],[-160,63],[38,38],[89,-14],[-3,37],[-145,32],[14,92],[-199,-41],[-30,110],[-119,-19],[3,105],[-109,-157],[-56,73],[-81,10],[87,98],[-143,3],[15,-147],[-108,77],[-66,-44],[-24,133],[-31,-8],[4,-92],[-93,75],[5,120],[-94,-49],[-10,-82],[-111,16],[-34,59],[-179,-71],[-81,72],[-54,-120],[-57,126],[-89,-57],[-13,119],[-177,4],[-20,102],[-170,-88],[-20,86],[-41,19],[-29,-136],[-32,-13],[-41,61],[44,83],[-21,65],[-79,-50],[-31,20],[1,68],[54,72],[-28,37],[-99,-55],[-7,-152],[-121,-44],[-64,103],[-55,-132],[-119,52],[-163,-122],[-16,53],[59,160],[-41,42],[-77,-3],[-52,76],[-91,-129],[-90,-38],[-115,53],[35,-128],[-18,-48],[-139,82],[-128,-37],[-59,-85],[-53,148],[-165,-78],[-68,115],[-93,-72],[-49,19]],[[44637,16855],[19,58],[67,2],[-58,29],[44,27],[-29,58],[90,-8],[-60,51],[13,45],[35,-32],[23,12],[-68,87],[94,-63],[-57,98],[47,-49],[37,32],[-36,62],[52,-16],[-8,58],[58,6],[-43,40],[77,38],[-14,66],[83,-24],[-56,34],[57,87],[-55,22],[35,46],[-37,26],[80,1],[-76,29],[-36,93],[28,-9],[-4,42],[-37,38],[41,35],[-67,-11],[-33,25],[66,34],[-37,51],[-42,-27],[15,28],[-34,26],[9,28],[42,-21],[-19,93],[58,-9],[-32,18],[25,69],[-86,28],[43,-10],[16,148],[56,67],[-61,-18],[20,39],[-35,14],[55,47],[-27,70],[55,-20],[18,46],[1,40],[-44,12],[38,2],[-13,72],[38,26],[-50,113],[143,258],[15,92]],[[45076,19206],[24,-32],[91,20],[75,-96],[121,-26],[165,60],[106,98],[158,-49],[53,37],[36,-110],[177,-140],[90,-3],[113,-121],[231,119],[103,-44],[215,44]],[[46834,18964],[0,-1]],[[46834,18963],[369,-18],[168,-161],[175,42],[143,-107],[131,46],[50,-46],[147,5],[72,-56],[108,-16],[98,56],[42,-51],[147,-43],[42,-111],[111,-41],[50,-65],[248,-34],[52,-50],[128,56],[58,-29],[122,42],[86,-23],[61,45],[85,-62],[275,17],[155,-274],[62,-31],[-9,-43],[37,32],[-23,73],[31,33],[131,43],[108,-18],[14,46],[111,52],[-24,26],[50,97],[-129,179],[45,91],[-55,11],[10,32],[-60,71],[110,111],[-9,94],[106,106],[227,53]],[[50690,19143],[1,-1]],[[50691,19141],[0,1]],[[50691,19142],[-1,1]],[[50690,19143],[0,7]],[[50690,19150],[-1,0],[0,1],[1,0],[0,-1]],[[50690,19150],[57,116],[49,-42],[128,33],[117,-132],[31,28],[-8,98],[61,-46],[12,-97],[46,25],[33,98],[63,-78],[32,69],[97,50],[69,0],[16,-62],[59,12],[-35,100],[183,191],[-18,71],[59,102],[172,13],[2,40],[-89,7],[48,98],[47,-96],[109,44],[123,-30],[25,-72],[66,13],[91,-91],[-15,-51],[99,-59],[-18,132],[76,76],[102,7],[1,54],[158,-125],[58,85],[-58,33],[23,21],[66,-4],[-18,-83],[37,43],[30,-55],[79,102],[12,-58],[87,50],[71,-49],[-12,84],[74,-1],[32,-35],[-19,-80],[53,74],[-29,23],[43,31],[14,-63],[144,0],[55,-81],[29,31],[-21,-63],[26,21],[10,-62],[40,12],[31,-64],[13,39],[21,-56],[20,42],[44,-93],[54,-11],[-28,-34],[22,-36],[35,45],[77,-56],[-31,-35],[84,5],[6,-55],[38,49],[-4,-48],[66,-8],[7,-43],[31,30],[-7,-38],[27,10],[0,37],[30,-55],[29,24]],[[54128,19271],[1,0]],[[54129,19271],[31,-12],[2,45],[73,-36],[38,119],[58,46],[66,-16]],[[54396,19417],[1,0]],[[54397,19417],[33,40],[103,-7],[78,82]],[[54611,19533],[0,-1]],[[54611,19532],[1,2]],[[54612,19533],[0,1]],[[54612,19534],[81,52]],[[54693,19587],[0,-1]],[[54693,19586],[5,-2]],[[54699,19584],[-1,0]],[[54698,19584],[4,21]],[[54702,19604],[0,1]],[[54702,19605],[-2,4]],[[54700,19608],[0,1]],[[54700,19609],[9,24]],[[54709,19632],[0,1]],[[54709,19633],[25,10]],[[54733,19643],[1,0]],[[54734,19642],[0,1]],[[54734,19643],[2,0]],[[54736,19643],[0,1],[1,0],[0,-1],[-1,0]],[[54736,19643],[9,4]],[[54745,19647],[-1,0],[-1,1],[3,1],[-1,-2]],[[54745,19647],[10,0]],[[54755,19646],[0,1]],[[54755,19647],[4,2]],[[54758,19649],[1,0]],[[54759,19649],[16,24]],[[54775,19671],[0,2]],[[54775,19673],[10,4]],[[54785,19677],[1,-1],[0,1],[-1,0]],[[54785,19677],[8,35]],[[54793,19712],[1,0],[0,1],[-1,0],[0,-1]],[[54793,19712],[-3,7]],[[54789,19719],[1,0]],[[54790,19720],[0,-1]],[[54790,19719],[4,8]],[[54793,19727],[1,0]],[[54794,19727],[34,27]],[[54829,19754],[-1,0]],[[54828,19754],[63,44]],[[54891,19799],[0,-1]],[[54891,19798],[0,4]],[[54891,19802],[0,-1],[1,0],[0,1],[-1,0]],[[54891,19802],[12,5]],[[54903,19807],[2,0]],[[54905,19807],[-2,0]],[[54903,19807],[3,0]],[[54905,19807],[1,0]],[[54906,19807],[7,4]],[[54913,19811],[-1,0],[0,1],[1,0],[0,-1]],[[54913,19811],[27,18]],[[54940,19829],[0,-1]],[[54940,19828],[0,1]],[[54940,19829],[0,-1]],[[54940,19828],[10,-1]],[[54951,19826],[-1,1]],[[54950,19827],[1,2]],[[54952,19828],[-1,1]],[[54951,19829],[5,2]],[[54956,19831],[0,-2],[1,0],[0,2],[-1,0]],[[54956,19831],[8,17]],[[54964,19848],[0,1],[1,0],[0,-1],[-1,0]],[[54964,19848],[22,-8]],[[54986,19840],[-1,0],[0,1],[1,0],[0,-1]],[[54986,19840],[6,-9]],[[54992,19831],[0,1],[1,0],[0,-1],[-1,0]],[[54992,19831],[33,-15]],[[55025,19816],[-1,-1],[0,-1],[2,0],[-1,2]],[[55025,19816],[29,9]],[[55054,19824],[0,1]],[[55054,19825],[2,2]],[[55056,19826],[1,0]],[[55057,19826],[-1,0]],[[55056,19826],[0,1]],[[55056,19827],[1,-1]],[[55057,19826],[8,13]],[[55065,19838],[0,1]],[[55065,19839],[2,1]],[[55067,19842],[0,-2]],[[55067,19840],[-1,15]],[[55066,19855],[0,1],[1,0],[0,-1],[-1,0]],[[55066,19855],[1,-2]],[[55067,19853],[0,-1],[2,0],[0,1],[-2,0]],[[55067,19853],[38,-15]],[[55105,19839],[0,-1]],[[55105,19838],[72,-7]],[[55177,19831],[0,-1],[3,1],[-1,1],[-2,-1]],[[55177,19831],[7,6]],[[55184,19838],[0,-1]],[[55184,19837],[1,2]],[[55186,19839],[-1,0]],[[55185,19839],[1,2]],[[55186,19841],[0,-1],[1,1],[-1,0]],[[55186,19841],[10,5]],[[55196,19846],[1,0]],[[55197,19846],[-1,0]],[[55196,19846],[1,0]],[[55197,19846],[2,-14]],[[55198,19832],[1,0]],[[55199,19832],[32,-37],[23,25]],[[55253,19820],[1,0]],[[55254,19820],[12,16]],[[55266,19836],[-1,1]],[[55265,19838],[0,-1]],[[55265,19837],[1,-1]],[[55266,19836],[22,1]],[[55288,19838],[0,-1]],[[55288,19837],[2,-2]],[[55289,19835],[1,0]],[[55290,19835],[5,-11]],[[55295,19824],[0,-1]],[[55295,19823],[0,1]],[[55295,19824],[0,-1]],[[55295,19823],[0,-1]],[[55295,19822],[0,-1]],[[55295,19821],[0,1]],[[55295,19822],[-1,-1]],[[55293,19821],[1,0]],[[55294,19821],[1,0]],[[55295,19821],[42,-13],[60,62]],[[55398,19870],[-1,0]],[[55397,19870],[41,2]],[[55438,19871],[0,1]],[[55438,19872],[24,3],[-26,24]],[[55435,19899],[1,0]],[[55436,19899],[625,-1],[76,64],[27,-56],[85,3]],[[56249,19909],[-34,-220],[48,-236],[87,-42],[49,18],[16,-141],[37,-19],[7,23],[17,-3],[-215,-468],[-8,-133],[-138,-267],[-73,-310],[43,-227],[49,12],[64,-72],[43,46],[33,-35],[-40,-105],[-57,-17],[-35,-176],[8,-50],[41,-10],[-15,-174],[59,-32],[42,34],[30,-41],[-56,-140],[14,-42],[-57,-47],[11,-44],[99,-104],[70,23],[53,93],[7,-83],[90,-3],[-76,-73],[44,-91],[-75,-34],[24,69],[-88,31],[-144,-94],[-19,-135],[61,-123],[108,54],[4,-73],[31,-16],[-30,-62],[24,-130],[95,77],[149,-6],[47,-131],[42,-31],[24,29],[11,-36],[-143,-238],[-9,-73],[37,-21],[-43,-104],[-159,-259],[-7,-78],[66,-39],[-16,-59],[-87,6],[-46,-118],[-126,-72],[8,-61],[53,-11],[-116,-177],[-10,-141],[71,-54],[-143,-381],[-9,-97],[47,-44],[-91,-95],[-51,-135],[27,-34],[-100,-139],[10,-79],[-62,-104],[5,-71],[42,-13],[-37,-101],[-117,-130],[1,-52],[-113,-28],[-336,-199],[-660,-526],[-359,-389],[-524,-701]],[[55748,13157],[-1,1],[1,2],[1,-1],[-1,-2]],[[55893,13337],[0,-1],[-1,0],[0,1],[1,0]],[[55887,13340],[1,-2],[-4,1],[2,4],[1,-3]],[[56000,13580],[0,-6],[-6,0],[0,4],[6,2]],[[56134,13902],[0,-4],[-6,-10],[7,20],[-1,-6]],[[56120,14084],[-4,1],[1,5],[5,-3],[-2,-3]],[[56125,14102],[-3,1],[2,4],[4,-2],[-3,-3]],[[56115,14239],[-1,-2],[-1,0],[1,2],[1,0]],[[56148,14329],[-5,-1],[-2,4],[7,3],[0,-6]],[[56177,14461],[0,-1],[-1,-1],[0,2],[1,0]],[[56181,14460],[0,1],[1,0],[0,-1],[-1,0]],[[56180,14461],[-1,-1],[-1,0],[1,3],[1,-2]],[[56172,14493],[0,1],[1,0],[0,-1],[-1,0]],[[56174,14495],[-2,0],[0,2],[1,0],[1,-2]],[[56201,14755],[0,-2],[-3,0],[2,5],[1,-3]],[[56188,17322],[0,-2],[-4,0],[2,3],[2,-1]],[[56150,17512],[0,2],[9,-5],[-9,1],[0,2]],[[56188,17717],[3,1],[0,-2],[-2,0],[-1,1]],[[56157,17945],[0,-2],[6,-4],[-11,-1],[5,7]],[[56198,18029],[-1,1],[0,2],[2,-1],[-1,-2]],[[56074,18070],[-1,-4],[-4,2],[2,3],[3,-1]],[[56083,18225],[-2,-5],[-3,8],[5,-2],[0,-1]],[[56234,13819],[0,0]],[[56237,13820],[-1,0],[0,2],[2,-1],[-1,-1]],[[56235,13822],[0,-1],[0,1]],[[56239,14632],[0,0],[0,0]],[[56370,14884],[-3,-12],[-6,25],[5,-1],[4,-12]],[[56396,15130],[4,12],[18,7],[-14,-28],[-8,9]],[[56449,15146],[8,1],[-1,-16],[-15,6],[8,9]],[[56421,15145],[-1,1],[2,1],[-1,-1],[0,-1]],[[56400,15160],[-1,-10],[-3,-1],[-2,8],[6,3]],[[56403,16440],[0,-1],[-3,1],[4,3],[-1,-3]],[[56404,16444],[-1,1],[2,2],[1,-4],[-2,1]],[[56395,16505],[2,-4],[-8,-3],[-1,9],[7,-2]],[[56353,16922],[16,17],[4,0],[-2,-16],[-18,-1]],[[56286,17305],[-1,0],[0,1],[1,0],[0,-1]],[[56285,17306],[-1,0],[0,-1],[-1,0],[0,1],[2,0]],[[56324,18534],[0,-4],[-2,0],[0,1],[2,3]],[[56276,18572],[-3,1],[0,2],[2,0],[1,-3]],[[56285,18649],[-2,-2],[-5,3],[3,5],[4,-6]],[[56315,18670],[3,-1],[-14,2],[8,4],[3,-5]],[[56285,18685],[5,-13],[-8,-6],[-7,5],[10,14]],[[56406,18862],[1,-3],[-3,-3],[-1,3],[3,3]],[[56407,18866],[-2,0],[1,8],[4,-2],[-3,-6]],[[56415,18900],[-4,-10],[-2,0],[2,9],[4,1]],[[56413,18904],[-1,-3],[-3,1],[1,5],[3,-3]],[[56480,19332],[0,-4],[-5,1],[0,2],[5,1]],[[56488,19375],[0,1],[1,0],[0,-1],[-1,0]],[[56489,19383],[-4,0],[-1,3],[5,2],[0,-5]],[[56488,19390],[1,0],[0,-1],[-1,0],[0,1]],[[56259,19907],[-2,0],[-1,2],[5,1],[-2,-3]],[[56583,15098],[0,1],[1,1],[0,-2],[-1,0]],[[56613,15122],[6,-2],[-14,-9],[7,8],[1,3]],[[56618,15126],[-4,-1],[0,3],[5,0],[-1,-2]],[[56614,15133],[0,-2],[-1,-1],[-1,3],[2,0]],[[56612,15134],[0,1],[1,0],[0,-1],[-1,0]],[[56532,15489],[1,21],[11,4],[-4,-24],[-10,-10],[2,9]],[[56705,15720],[-1,1],[1,1],[0,-2]],[[56699,15720],[1,2],[1,-1],[-1,-1],[-1,0]],[[56714,15727],[5,-2],[-9,-9],[-2,4],[6,7]],[[56766,16039],[3,-3],[-11,-6],[3,8],[5,1]],[[56782,16044],[-4,-11],[-7,2],[1,6],[10,3]],[[56798,16152],[1,-4],[-4,7],[2,1],[1,-4]],[[56795,16160],[0,-1],[-1,0],[0,1],[1,0]],[[56794,16162],[0,-1],[-1,0],[0,1],[1,0]],[[56754,16201],[4,-2],[-1,-5],[-4,3],[1,4]],[[56779,16212],[-1,0],[0,2],[1,0],[0,-2]],[[56783,16214],[0,-1],[-2,0],[0,2],[2,-1]],[[56740,16580],[32,5],[5,-67],[-45,42],[8,20]],[[56837,16597],[4,3],[-5,-16],[-5,-2],[0,-5],[-4,-5],[-1,0],[11,25]],[[56523,16764],[6,-6],[10,7],[2,-2],[-11,-17],[-7,18]],[[56670,16837],[8,-15],[-20,-18],[3,20],[9,13]],[[56687,16820],[-6,4],[3,5],[4,-5],[-1,-4]],[[56500,19400],[2,-12],[-7,-7],[-4,18],[9,1]],[[56514,19421],[0,-1],[-1,1],[1,0]],[[56502,19427],[1,-4],[-2,-2],[-2,5],[3,1]],[[56496,19429],[-2,-5],[-2,1],[-1,4],[5,0]],[[56508,19429],[0,1],[1,0],[0,-1],[-1,0]],[[62013,27872],[1,0]],[[62014,27872],[-33,-50],[-193,-12],[-98,-73],[-33,27],[38,56],[-18,85],[-193,-61],[-13,-34],[-64,48],[-64,-58],[-45,29],[-89,-34],[-62,77],[49,206],[61,75],[-261,84],[-11,53],[-47,22],[18,65],[172,26],[-7,43],[-63,32],[44,33],[-44,55],[28,35],[-48,28],[59,89],[-42,-20],[-64,67],[-112,12],[-82,58],[26,60],[-43,4],[-11,58],[-39,-16],[-195,85],[-1,138],[-33,-9],[-101,149],[36,39],[-11,86],[72,100],[9,124],[61,-15],[13,61],[93,54],[-107,114],[-120,-8],[-50,47],[130,20],[15,23],[-61,58],[22,39],[138,19],[-134,266],[58,78],[-96,112],[82,148],[62,33],[9,232],[127,-8],[26,107],[76,62],[-8,73],[49,76],[-54,84],[33,133],[-26,59],[-123,51],[-85,-37],[-75,128],[4,70],[-41,8],[-89,-112],[-115,65],[-16,50],[-57,-35],[-92,18],[-22,-58],[-174,-97],[-201,12],[31,182],[-84,104],[-38,165],[-55,16],[35,77],[-84,-10],[-43,73],[3,83],[-36,51],[46,73],[-65,42],[-33,178],[21,119],[-205,224],[57,148],[-23,70],[80,75],[30,81],[-24,21],[45,76],[112,-15],[41,161],[-35,16],[-86,297],[-133,51],[-180,140],[-12,255],[148,329],[-57,138],[-403,295],[-12,60],[44,32],[-97,138],[-256,-90],[-35,-92],[-78,-43],[-163,181],[-327,-30],[-45,-98],[37,-61],[-80,-187],[-85,45],[-32,133],[-61,53],[-98,-228],[-189,-57],[-162,129],[-64,145],[-60,29],[-42,-127],[79,-122],[-81,-47],[-139,78],[-196,-1],[-189,-63],[-193,18],[-152,-92],[-187,45],[-217,-35],[-58,-43],[-3,-120],[-66,-114],[43,-336],[-62,-101],[-164,123],[16,335],[-67,250],[-161,33],[-153,-338],[-86,-72],[-117,19],[-163,354],[-21,162],[25,221],[108,46],[-3,77],[-98,24],[-138,-68],[-195,16],[-107,77],[-31,84],[-99,31],[-184,-67],[-328,19],[-234,-54],[-164,65],[-125,-14],[-174,128],[-551,21],[-158,170],[-121,55],[-235,-94],[-185,-238],[-271,-72],[-198,-134],[-78,-12],[-135,-108],[-69,-126]],[[74799,40406],[-273,145],[-263,-11],[-139,93],[-128,-68],[-5,-53],[-58,-2],[-29,-131],[-175,-85],[-45,59],[-102,-6],[1,57],[-53,-1],[-7,63],[-71,7],[-72,-87],[-44,45],[-44,-44],[286,-307],[5,-124],[-164,16],[-106,107],[-87,-73],[-37,20],[-12,-66],[-57,33],[-20,-75],[-56,34],[-43,-37],[-49,14],[-106,-118],[17,-110],[-139,-135],[29,-168],[-37,-44],[42,-40],[-85,-85],[358,-49],[-48,-376],[21,-32],[-45,-34],[144,-121],[103,-29],[3,-207],[54,-109],[-107,-73],[-296,-3],[-81,119],[-218,-3],[-24,-145],[63,-61],[15,57],[99,-11],[100,-160],[119,-59],[9,-60],[97,-16],[-122,-126],[38,-114],[93,-19],[9,-61],[107,-60],[-3,-54],[39,0],[7,-94],[33,-23],[-36,-113],[58,-67],[-63,-53],[82,-72],[-68,-96],[22,-92],[-64,-43],[-24,-69],[52,-90],[-61,-114],[-94,-3],[-71,49],[22,-213],[-120,-66],[-39,-111],[-133,-84],[-50,-188],[60,-156],[-50,-57],[24,-27],[-21,-130],[-95,-38],[-36,-83],[-129,-2],[-39,-108],[25,-93],[-162,-442],[-65,-47],[-765,1],[-52,-219],[-149,-91],[-27,-115],[51,-94],[75,-35],[7,-140],[-58,-17],[47,-152],[-52,-34],[-64,-152],[80,-17],[30,-54],[-119,-162],[-1,-66]],[[71169,33350],[-1,1]],[[71168,33351],[11,-39],[-36,13],[-5,-60]],[[71138,33265],[-58,-77],[-61,5],[4,-114],[-61,-68],[-48,-181],[-102,27],[-159,-26],[-127,-99],[158,-156],[-47,2],[-87,-178],[-52,8],[-99,-201],[42,-183],[-87,-81],[-3,-218],[-48,-49],[32,-41],[-90,-18],[-31,-130],[83,-64],[-35,-47]],[[70262,31376],[0,1]],[[70262,31378],[0,-1]],[[70262,31377],[-1,-1]],[[70262,31376],[-1,0]],[[70261,31376],[-6,-2]],[[70254,31374],[1,0]],[[70255,31374],[-14,-32]],[[70242,31342],[-1,0]],[[70241,31342],[-1,-1]],[[70240,31342],[0,-1]],[[70240,31341],[-5,-9]],[[70236,31332],[-1,0]],[[70235,31332],[-53,-22],[-8,-60],[-115,-129],[-16,-44],[30,-15],[-32,-35],[32,-21]],[[70073,31005],[0,1]],[[70073,31006],[34,-37],[71,11]],[[70178,30980],[0,1],[1,0],[0,-1],[-1,0]],[[70178,30980],[78,-52],[8,-55]],[[70264,30872],[0,1]],[[70264,30873],[-5,-38]],[[70259,30834],[0,1]],[[70259,30835],[-1342,-623],[-249,-197],[-109,-26],[13,-55],[-66,-57],[-119,8],[-42,-64],[-42,84],[57,124],[-90,18],[-74,-40],[4,30],[-45,-21],[-49,69],[-132,-36],[-101,48],[-220,-166],[-124,-21],[-20,41],[-107,-75],[-53,95],[-61,-79],[-74,45],[-57,-66],[-45,50],[-91,-67],[-72,90],[-171,-97],[-80,1],[-2,-38],[-251,-115],[-90,18],[-118,-83],[-30,29],[-50,-37],[4,-55],[-252,-148],[-56,-4],[-7,63],[-133,-44]],[[65713,29433],[0,1]],[[65713,29434],[-85,22],[-56,-52],[-60,47],[-93,-8],[-8,-59],[-189,-133]],[[65222,29250],[0,1]],[[65222,29251],[-1,21]],[[65221,29273],[0,-1]],[[65221,29272],[-10,-6]],[[65210,29266],[1,0]],[[65211,29266],[-159,-15],[-85,-124],[-145,55],[-185,-119]],[[64637,29063],[0,-2]],[[64637,29061],[-52,-64],[-85,18],[-62,-76],[-90,3],[-57,-58],[-139,31],[-222,-87],[-107,-133],[-184,-85],[-32,-87],[-130,-4],[-144,-92],[-28,5],[-5,75],[-135,86],[-33,-103],[-113,-61],[-99,3],[65,64],[-47,64],[-92,-93],[-107,-34],[-33,38],[45,150],[-128,0],[-42,-79],[95,-113],[-107,-16],[-153,-102],[-19,-61],[54,-42],[151,39],[36,-127],[-41,-65],[37,-41],[-92,56],[-60,-160],[-62,66],[-61,-6],[-109,-113],[-57,153],[-59,-78],[-120,-60]],[[72361,79006],[138,97],[321,-4],[9,-25],[22,-16],[-14,28],[204,-6],[225,50],[19,36],[95,7],[41,-76],[186,95],[355,1],[222,164],[156,-69],[541,-1],[92,-73],[39,43],[315,-64],[-23,23],[133,-81],[109,-51],[-89,52],[56,-16],[401,-311],[220,-71],[56,-108],[99,-28],[192,-166],[472,-204],[201,-280],[101,-35],[88,-141],[56,-29],[144,23],[161,-254],[140,-103],[79,2],[109,-162],[245,-197],[347,-110],[44,17],[-15,51],[49,-16],[55,-168],[167,-293],[106,-117],[87,-35],[506,-703],[422,-413],[187,-56],[1,-64],[117,-220],[275,-290],[110,-51],[100,46],[60,-62],[316,-121],[94,-117],[73,-224]],[[78346,76813],[0,-1],[0,1]],[[78345,76806],[0,0]],[[78344,76804],[0,0]],[[61911,48366],[-126,-163],[-53,48],[-56,-17],[-35,52],[-31,-111],[-109,20],[-20,52],[-116,-18],[-74,72],[42,109],[-54,26],[6,85],[-312,214],[-14,59],[-71,13],[-20,-90],[-75,-38],[-49,-91],[13,-83],[59,-19],[27,-59],[-55,-190],[65,-122],[-30,-83],[60,-123],[-276,-93],[-231,137],[-248,70],[-169,-107],[-12,-59],[84,-100],[-117,-303],[29,-63],[81,51],[4,-120],[119,-114],[-75,-90],[45,-29],[-139,-99],[-38,-73],[-43,-302],[68,-82],[140,-73],[-2,-166],[63,-120],[45,-382],[-566,-163]],[[59645,45628],[0,1]],[[59645,45629],[-26,-29]],[[59619,45601],[0,-1]],[[59619,45600],[-6,-10]],[[59612,45590],[1,0]],[[59613,45590],[-1,0]],[[59612,45590],[-21,-6]],[[59591,45583],[0,1]],[[59591,45584],[-3,-1]],[[59588,45584],[0,-1]],[[59588,45583],[-23,9]],[[59565,45591],[0,1]],[[59565,45592],[-1,0]],[[59564,45591],[0,1]],[[59564,45592],[-27,6]],[[59537,45598],[0,2],[-1,0],[0,-1],[1,-1]],[[59537,45598],[-3,0]],[[59534,45597],[0,1]],[[59534,45598],[-1,1]],[[59533,45598],[0,1]],[[59533,45599],[-5,4]],[[59529,45603],[-1,0]],[[59528,45603],[-8,4]],[[59520,45606],[0,1]],[[59520,45607],[-1,1]],[[59519,45608],[-1,1]],[[59518,45609],[1,-1]],[[59519,45608],[-1,1]],[[59518,45609],[-1,2]],[[59517,45610],[0,1]],[[59517,45611],[-3,5]],[[59514,45617],[0,-1]],[[59514,45616],[-4,3]],[[59510,45619],[-1,-1],[0,1],[1,0]],[[59510,45619],[-5,4]],[[59505,45623],[-1,0]],[[59504,45623],[1,0]],[[59505,45623],[-1,1]],[[59504,45625],[0,-1]],[[59504,45624],[0,-1]],[[59504,45623],[-5,0]],[[59499,45622],[0,1]],[[59499,45623],[-1,-1]],[[59498,45622],[1,0]],[[59499,45622],[0,-1]],[[59500,45621],[-1,0]],[[59499,45621],[-1,1]],[[59498,45622],[-1,-3]],[[59497,45619],[-1,1],[0,-1],[1,0]],[[59497,45619],[-14,-2]],[[59483,45617],[1,0],[0,1],[-1,-1]],[[59483,45617],[9,27]],[[59492,45644],[1,-1],[0,1],[-1,0]],[[59492,45644],[-1,5]],[[59492,45649],[-1,0]],[[59491,45649],[-25,22],[-50,-57]],[[59417,45614],[-1,0]],[[59416,45614],[-10,-63],[-85,-36],[-20,-69]],[[59301,45446],[1,0],[0,-1],[-1,0],[0,1]],[[59301,45446],[-9,1]],[[59292,45446],[0,1]],[[59292,45447],[-58,-7]],[[59234,45440],[2,1],[0,1],[-1,0],[-1,-2]],[[59234,45440],[-2,1]],[[59232,45442],[0,-1]],[[59232,45441],[-85,17],[-51,-69]],[[59100,45354],[-7,-98],[-47,4],[-12,-107],[-32,-11],[46,-100],[-10,-76],[32,-19],[-12,-104],[-54,-67],[-30,-139],[-127,-158]],[[58846,44479],[1,0]],[[58847,44479],[-3,-1]],[[58845,44478],[-1,0]],[[58844,44478],[-11,-130],[-42,-24],[-27,-106],[34,-116],[77,-28],[-6,-64],[35,9],[24,-43],[19,24],[2,-55],[74,22],[17,-63],[36,35],[-5,-37],[74,-41],[23,-68],[59,-14],[-3,-101],[65,-50],[-30,-82],[41,-66],[-7,-68],[17,-51],[42,8],[-35,-104],[36,-44],[-10,-69],[37,19],[46,-45],[-30,-29],[37,-24],[-20,-33],[88,-67],[-54,-49],[44,-23],[-32,-64],[-35,1],[-11,-43],[-37,29],[8,-67],[-119,-50],[21,-14],[-51,14],[-2,-41],[-74,-42],[-2,-75],[-154,-57],[27,-54],[-48,6],[26,-44],[-28,-52],[-30,14],[-18,-79],[-52,5],[-59,-77],[34,-50],[-9,-71],[-71,-17],[32,-46],[-55,-21],[-106,72],[-2,-119],[-57,-36],[41,-96],[-44,-74],[59,-16],[21,-122],[62,-11],[50,-74],[120,77],[166,-31],[135,-224],[-13,-61]],[[59184,41291],[0,-1]],[[59184,41290],[-23,-47],[24,-53],[-97,-63],[-7,-68],[-55,-47],[22,-55],[-50,-53],[8,-72],[-48,-39],[35,-154]],[[58993,40640],[0,-1]],[[58993,40639],[33,-26],[16,-121]],[[59042,40492],[1,0],[0,-1],[-1,0],[0,1]],[[59042,40492],[12,-18]],[[59054,40474],[-1,0]],[[59053,40474],[1,0]],[[59054,40474],[36,-20],[-15,-88],[51,-35],[28,-126],[-163,-68],[5,-50],[-116,-70],[25,-23],[-73,2],[-5,-68],[-38,22],[-79,-90],[-71,-12],[-35,-85],[-10,93],[-70,-22],[-44,-59],[17,-23],[-58,-23],[-1,-50],[-24,38],[-46,-99],[63,-73],[-79,-61],[-26,32],[-94,-132],[-37,44],[-52,-5],[16,-31],[-53,-50],[17,-44],[-66,-29],[-70,61],[-45,-35],[-2,-92],[-57,28],[-23,-91],[-102,20],[-90,-86],[-54,62],[-4,85],[-63,-26],[-106,103],[-43,-44],[-76,3],[-79,49],[-35,98],[-131,24],[-14,44],[-97,40],[-99,-90],[13,-57],[-299,80],[-79,-63],[-8,67],[-68,-32],[-87,50],[-15,59],[-302,-68],[-133,14],[-130,-89],[-46,98],[-212,92],[-113,-92],[-27,-76],[-89,-3],[-87,-113],[-110,82],[-82,-88],[-106,10],[27,-111],[-70,-57],[-45,-111],[-79,-33],[-20,-75],[-73,9],[-128,-215],[-64,19],[-150,200],[-23,168],[-95,8],[-35,-132],[-223,-45],[25,-101],[-92,30],[-113,-70],[-79,13],[-36,-80],[-114,14],[-97,70],[-114,-37],[-196,63],[-133,-188],[-187,21],[-292,-70],[-62,-54],[-114,-254],[-101,-46],[-49,-166],[-145,-106],[28,-214],[-89,-208],[-114,-102],[-195,8],[0,-88],[-130,-42],[-27,-134],[-156,-126],[-130,-323],[104,-133],[-4,-65],[-42,-15],[-189,79]],[[78476,70203],[-42,63],[34,73],[-30,59],[114,104],[2,118],[58,6],[57,87],[30,114],[47,40],[-15,30],[143,84],[33,-90],[47,52],[95,-50],[99,84],[33,140],[179,138],[-1,46],[87,102],[21,164],[151,233],[-91,7],[14,154],[105,84],[98,209],[93,54],[35,81],[67,6],[92,241],[7,128],[165,158],[-16,215],[56,183],[88,177],[106,42],[82,328],[859,243]],[[81378,74110],[216,-297],[114,64],[147,-71],[171,81],[91,-72],[90,-10],[185,-231],[235,-122],[167,-16],[9,41],[146,-27],[89,70],[381,-65],[50,-39],[41,37],[285,-23],[270,116],[156,24],[780,-184],[284,-111],[208,-228],[95,-293],[73,-44],[69,-212],[63,-53],[100,-382],[-4,-118],[54,-62],[-26,-120],[54,-132],[1,-174],[56,-42],[9,-189],[96,-128],[25,-450],[52,-101],[79,-35],[20,-302],[80,-48],[49,-296]],[[81838,74149],[2,-6],[-2,-1],[-2,6],[2,1]],[[61768,83413],[60,15],[46,166],[39,-107],[-17,133],[111,172],[42,12],[28,-26],[-44,-16],[37,-55],[-35,-62],[49,-1],[31,-232],[192,391],[35,-50],[-9,-77],[-140,-172],[83,43],[-21,-71],[34,16],[-14,-55],[29,29],[2,-82],[77,25],[-6,69],[56,39],[82,-95],[103,227],[66,-99],[-105,-183],[60,-117],[48,-20],[90,87],[42,297],[37,-101],[-67,-154],[15,-149],[97,37],[2,-91],[96,66],[6,-61],[70,-17],[-27,-133],[28,-49],[83,134],[68,36],[-22,39],[99,-10],[-23,-135],[-118,-48],[-17,-274],[41,4],[87,149],[120,60],[-13,74],[42,53],[37,-15],[-48,85],[39,15],[84,-55],[13,-267],[-193,-83],[177,-66],[-25,-155],[-53,-76],[19,-19],[164,-5],[139,276],[51,-18],[49,64],[45,-37],[80,76],[116,-94],[84,15],[37,-64],[-39,-53],[63,18],[53,-92],[15,57],[-56,92],[9,63],[71,-31],[112,123],[0,55],[58,24],[66,-42],[-27,-151],[-94,22],[27,-30],[-60,-117],[-40,-10],[20,-160],[83,1],[35,-44],[46,117],[72,-43],[74,73],[11,-87],[122,111],[2,-75],[51,40],[63,-57],[46,-74],[-55,-117],[-31,53],[-160,-24],[-117,-137],[219,-55],[-124,-163],[83,24],[11,-27],[25,56],[128,9],[-18,126],[118,-62],[-38,-53],[98,-36],[-38,-22],[59,-52],[-2,-81],[70,32],[-45,-159],[86,-2],[57,-183],[-50,-3],[67,-75],[-76,-65],[-107,-7],[-27,-22],[97,-31],[68,33],[37,-45],[-150,-123],[-31,-94],[-48,-22],[19,-26],[-45,-113],[-185,-173],[3,-41],[23,-40],[88,-15],[35,91],[164,163],[27,88],[147,40],[145,-179],[16,-158],[74,-163],[-49,-41],[16,-67],[-34,-70],[-201,-6],[-44,-37],[89,-21],[34,-61],[-69,-63],[-37,-102],[-44,-33],[-53,19],[-113,-337],[-92,-113],[7,-93],[-61,-172],[42,-125],[-101,-151],[-3,-168],[31,-81],[136,-68],[124,-19],[91,31],[182,228],[40,128],[-5,262],[51,110],[12,208],[59,166],[-53,95],[64,101],[88,-31],[-24,92],[35,40],[288,74],[177,133],[141,-1],[16,-104],[-64,-48],[64,-109],[-27,-122],[-126,-47],[-98,-272],[-248,-126],[-38,-79],[54,-51],[325,70],[160,259],[147,79],[56,154],[83,13],[38,98],[58,21],[28,241],[84,66],[-17,-125],[105,55],[75,87],[-30,85],[43,151],[206,103],[51,-16],[24,-76],[-67,-41],[-48,-255],[-91,14],[-53,-77],[-48,5],[-100,-127],[21,-49],[101,50],[59,-25],[6,-93],[91,99],[72,-71],[87,131],[18,-46],[-60,-59],[40,-19],[113,226],[30,-13],[20,-138],[101,-22],[21,113],[-65,185],[90,73],[273,10],[259,-91],[832,-440],[227,-29],[309,-295],[175,-18],[23,-68],[286,-28],[58,-87],[167,-21],[18,210],[57,-53],[353,24],[85,-135],[33,5],[6,64],[458,-45],[-42,-70]],[[63901,82722],[2,-6],[-3,-10],[-2,6],[3,10]],[[64000,82783],[1,-7],[-5,14],[1,-2],[3,-5]],[[63976,82790],[5,-58],[-52,-10],[41,128],[6,-60]],[[64054,82810],[7,-27],[-12,-30],[-22,59],[27,-2]],[[64017,82792],[-17,24],[20,32],[4,-15],[-7,-41]],[[63291,82898],[28,5],[-21,-51],[-14,27],[7,19]],[[64057,82969],[-52,-94],[-14,-54],[-4,29],[47,114],[23,5]],[[63999,82943],[-18,-64],[-12,-6],[-35,66],[26,61],[39,-57]],[[63116,83031],[-3,-22],[-4,-5],[6,40],[1,-13]],[[63134,83052],[-4,-3],[-5,-11],[1,14],[10,8],[-2,-8]],[[62940,83260],[12,1],[-7,-32],[-7,3],[2,28]],[[62774,83344],[3,-8],[-4,-7],[-3,3],[4,12]],[[62691,83460],[46,-119],[-56,-91],[-41,100],[51,110]],[[62956,83440],[64,-35],[14,-53],[-139,-41],[61,129]],[[62511,83442],[2,-10],[-3,-5],[-10,11],[11,4]],[[62099,83460],[3,-9],[-6,-12],[0,12],[3,9]],[[62211,83516],[20,25],[6,4],[-14,-23],[-12,-6]],[[62866,83530],[-4,7],[9,9],[5,-24],[-10,8]],[[62428,83600],[3,-41],[-47,-17],[-3,61],[47,-3]],[[61974,83746],[2,-10],[-15,-6],[6,16],[7,0]],[[64970,78879],[-5,-24],[-1,60],[3,-2],[3,-34]],[[65052,78968],[-8,-12],[-8,-6],[19,43],[-3,-25]],[[65012,79003],[-43,-57],[-9,0],[-2,41],[54,16]],[[65088,78990],[57,175],[-16,110],[123,171],[67,60],[51,-6],[-1,-588],[-228,-190],[-132,152],[79,116]],[[65120,79117],[1,13],[7,16],[0,-19],[-8,-10]],[[65517,79321],[-3,2],[2,5],[2,-1],[-1,-6]],[[65488,80296],[12,4],[-9,-30],[-9,20],[6,6]],[[65359,81169],[31,25],[9,-7],[-5,-17],[-35,-1]],[[65233,81310],[1,7],[10,-4],[-3,-4],[-8,1]],[[64809,82164],[-21,-24],[-37,24],[43,26],[15,-26]],[[64772,82188],[3,7],[5,-3],[-1,-2],[-7,-2]],[[64817,82207],[-30,9],[-1,9],[32,17],[-1,-35]],[[64693,82456],[8,5],[1,-1],[-2,-7],[-7,3]],[[64597,82477],[-14,5],[-12,20],[28,-4],[-2,-21]],[[64765,82560],[44,-36],[-68,-80],[0,61],[24,55]],[[64446,82566],[-6,5],[5,7],[3,-6],[-2,-6]],[[64638,82611],[-10,24],[84,61],[-50,-179],[-44,-23],[-40,52],[60,65]],[[64693,82719],[64,25],[18,-132],[-101,-29],[46,103],[-27,33]],[[64510,82667],[-11,2],[-1,3],[19,-1],[-7,-4]],[[64502,82682],[2,-2],[-4,-3],[0,2],[2,3]],[[64113,82908],[-9,76],[5,8],[19,-56],[-15,-28]],[[64240,83144],[-29,38],[34,67],[127,-2],[113,-48],[25,-111],[-307,-184],[-36,43],[17,88],[-44,30],[11,51],[105,-7],[-16,35]],[[66218,79443],[-1,0],[3,4],[1,-3],[-3,-1]],[[66225,79449],[-2,1],[-1,3],[4,0],[-1,-4]],[[65603,79886],[1,-2],[-1,-1],[-3,5],[3,-2]],[[65624,79974],[-4,-3],[-2,5],[2,2],[4,-4]],[[65620,79984],[-2,2],[1,2],[2,-1],[-1,-3]],[[65628,80017],[-18,-3],[-5,17],[18,7],[5,-21]],[[65632,80027],[1,1],[1,0],[0,-2],[-2,1]],[[67138,80071],[4,2],[-3,-8],[-2,0],[1,6]],[[67075,80130],[-3,-5],[-1,0],[2,7],[2,-2]],[[67600,80161],[5,2],[11,-38],[-19,27],[3,9]],[[66758,80165],[-1,-5],[-3,-5],[0,10],[4,0]],[[66760,80180],[1,-2],[-2,-9],[-1,4],[2,7]],[[66752,80218],[-1,-3],[-4,3],[3,2],[2,-2]],[[66752,80265],[4,26],[7,-40],[-45,-25],[34,39]],[[66900,80304],[-1,-2],[-2,0],[1,2],[2,0]],[[66904,80339],[-2,62],[73,1],[-76,-97],[5,34]],[[67433,80446],[-32,-164],[-88,28],[-11,106],[131,30]],[[67507,80402],[15,-73],[-65,-2],[21,91],[29,-16]],[[56952,45355],[1,0]],[[56953,45355],[61,261],[-58,57]],[[56956,45673],[0,-1],[1,0],[0,1],[-1,0]],[[56956,45673],[14,23]],[[56970,45696],[0,-1],[-1,0],[0,1],[1,0]],[[56970,45696],[-10,34]],[[56961,45730],[-1,0]],[[56960,45730],[-4,1]],[[56956,45730],[0,1]],[[56956,45731],[7,19]],[[56963,45749],[0,1]],[[56963,45750],[-2,18]],[[56962,45768],[-1,0]],[[56961,45768],[-14,50]],[[56947,45817],[0,1]],[[56947,45818],[-11,83],[51,78]],[[56987,45980],[0,-1]],[[56987,45979],[116,133],[2,100],[-41,17]],[[57064,46230],[0,-1]],[[57064,46229],[-11,-2]],[[57052,46227],[1,0]],[[57053,46227],[-15,77]],[[57038,46303],[0,1]],[[57038,46304],[23,116],[64,29]],[[57125,46449],[0,-1]],[[57125,46448],[0,310],[1731,1],[0,-113],[42,-13]],[[58898,46634],[0,-1]],[[58898,46633],[13,-26]],[[58910,46607],[1,0]],[[58911,46607],[6,-9]],[[58917,46599],[0,-1]],[[58917,46598],[59,-35]],[[58977,46564],[-1,-1]],[[58976,46563],[1,1]],[[58977,46564],[3,0]],[[58980,46563],[0,1]],[[58980,46564],[3,-6]],[[58983,46559],[0,-1]],[[58983,46558],[80,-22]],[[59063,46537],[0,-1]],[[59063,46536],[5,5]],[[59068,46541],[-1,0],[0,1],[1,-1]],[[59068,46541],[13,-15]],[[59081,46527],[0,-1]],[[59081,46526],[-6,-13]],[[59075,46514],[0,-1]],[[59075,46513],[-6,-2]],[[59069,46511],[1,1],[-1,0],[0,-1]],[[59069,46511],[-2,-6]],[[59067,46505],[0,-1]],[[59067,46504],[0,1]],[[59067,46505],[0,-1]],[[59067,46504],[0,-7]],[[59066,46497],[1,0]],[[59067,46497],[0,-1]],[[59068,46496],[-1,0]],[[59067,46496],[-5,-13]],[[59062,46484],[0,-1]],[[59062,46483],[-14,-48]],[[59048,46436],[0,-1]],[[59048,46435],[0,-16]],[[59048,46418],[0,1]],[[59048,46419],[2,-7]],[[59050,46413],[0,-1]],[[59050,46412],[3,-6]],[[59053,46406],[0,-1]],[[59053,46406],[0,-1]],[[59053,46405],[-1,-2]],[[59053,46403],[-1,0]],[[59052,46403],[-1,-11]],[[59051,46391],[0,1]],[[59051,46392],[0,-1]],[[59051,46391],[5,-38]],[[59057,46353],[-1,0]],[[59056,46353],[1,-10]],[[59057,46342],[0,1]],[[59057,46343],[-4,-51]],[[59053,46293],[0,-1]],[[59053,46292],[3,-6]],[[59057,46286],[-1,0]],[[59056,46286],[1,-6]],[[59057,46281],[0,-1]],[[59057,46280],[16,2]],[[59073,46282],[0,2],[1,0],[0,-1],[-1,-1]],[[59073,46282],[8,-11]],[[59082,46271],[-1,0]],[[59081,46271],[6,-32]],[[59088,46239],[-1,0]],[[59087,46239],[-10,-34]],[[59077,46204],[0,1]],[[59077,46205],[-2,-1]],[[59074,46204],[1,0]],[[59075,46204],[0,-2]],[[59076,46202],[-1,0]],[[59075,46202],[2,-19]],[[59077,46183],[-1,0]],[[59076,46183],[0,1],[-1,0],[0,-1],[1,0]],[[59076,46183],[1,0]],[[59077,46183],[1,-16]],[[59078,46166],[0,1]],[[59078,46167],[-2,1]],[[59076,46169],[0,-1]],[[59076,46168],[11,-23]],[[59088,46145],[-1,0]],[[59087,46145],[-18,-34]],[[59069,46112],[0,-1]],[[59068,46111],[1,0]],[[59069,46111],[-4,-16]],[[59066,46095],[-1,0]],[[59065,46095],[-10,-15]],[[59055,46080],[2,0],[0,-3],[-1,0],[-1,3]],[[59055,46080],[-2,-6]],[[59052,46074],[1,0]],[[59053,46074],[2,-3]],[[59054,46071],[1,0]],[[59055,46071],[-21,-44]],[[59034,46026],[0,1]],[[59034,46027],[-2,-9]],[[59032,46018],[0,1],[-2,0],[0,-1],[2,0]],[[59032,46018],[-30,-58]],[[59002,45959],[0,1]],[[59002,45960],[-30,-46]],[[58972,45914],[1,0],[0,-1],[-1,0],[0,1]],[[58972,45914],[0,-15]],[[58972,45898],[0,1]],[[58972,45899],[-3,0]],[[58969,45898],[0,1]],[[58969,45899],[-12,-66]],[[58957,45834],[0,-1]],[[58957,45833],[-4,-38]],[[58952,45795],[1,0]],[[58953,45795],[-5,-9]],[[58948,45785],[0,1]],[[58948,45786],[-1,-21]],[[58948,45765],[-1,0]],[[58947,45765],[25,-54]],[[58973,45711],[-1,0]],[[58972,45711],[-4,-2]],[[58968,45709],[0,2],[-1,0],[0,-1],[1,-1]],[[58968,45709],[2,-24]],[[58970,45686],[0,-1]],[[58970,45685],[6,-27]],[[58976,45659],[0,-1]],[[58976,45658],[-32,-79],[19,-101],[133,-89]],[[59096,45389],[4,-35]],[[59100,45354],[-2148,1]],[[61971,60219],[147,-20],[-22,96],[23,63],[149,221],[19,105],[-23,27],[84,300],[-53,182],[99,251],[-38,197],[42,185],[-49,158],[129,211],[-91,270],[-155,86],[-29,111],[22,288],[-69,123],[13,121],[-46,192],[-114,226],[50,163],[58,53],[-32,61],[53,99],[100,45],[4,60],[58,24],[-1,37],[54,1],[61,150],[-8,61],[40,51],[72,9],[-66,59],[93,114],[33,105],[-13,133],[44,139],[76,100],[58,266],[122,120],[-11,42],[68,82],[-6,155],[52,130],[-33,45],[60,38],[-39,50],[46,67],[7,123],[46,23],[-44,35],[51,30],[-45,57],[113,196],[-15,100],[32,-5],[26,154],[48,11],[-26,30],[50,-12],[86,96],[8,68],[53,-9],[81,103],[161,16],[64,57],[35,-49],[137,142],[40,-24],[120,52],[76,-29],[138,83],[139,28],[52,114],[69,6],[117,160],[81,-46],[84,44],[27,-75],[92,-11],[51,154],[110,67],[114,208],[70,3],[61,102],[264,169],[116,31],[63,-23],[69,122],[26,176],[59,7],[61,74],[16,94],[57,20],[3,92],[108,138],[54,-40],[-34,116],[60,7],[43,-47],[27,121],[53,36],[160,47],[64,-77],[41,49],[75,-13],[133,78],[55,65],[47,-33],[131,42],[140,-36],[157,-118],[42,27],[43,-104],[83,-31],[58,-93],[132,-18],[155,117],[154,6],[77,75],[148,-1],[68,-42],[147,89],[155,-29],[205,234],[103,398],[-30,33],[44,43],[-27,168],[107,216],[-66,7],[29,128],[-35,111],[-239,157],[-36,139],[-130,42],[-66,126],[60,158],[-72,80],[-43,154],[55,94],[-48,97],[-11,183],[57,70],[-11,223],[-39,50],[36,65],[110,22],[148,363],[77,25],[47,115],[63,11],[124,112],[30,146],[-40,129],[68,127],[-137,540],[15,107],[-70,83],[-26,159],[-91,86],[-26,87],[65,111],[-70,133],[80,73],[96,179],[-5,116],[55,134],[-60,59],[-6,117],[-183,102],[-52,399],[112,157],[105,14],[-30,87],[82,59],[95,249],[60,16],[19,84],[125,113],[130,325],[-28,53],[34,81],[-33,95],[18,71],[115,117],[26,102],[103,50],[137,300],[38,11],[-3,-79],[58,-20],[79,80],[49,-57],[33,71],[73,-7],[54,44],[83,-52],[204,58],[17,85],[84,15],[24,99],[49,25],[-5,79],[58,-6],[5,55],[-72,30],[13,40],[258,54],[116,175],[43,-16],[23,181],[226,243],[59,150],[-154,230],[41,241],[47,47]],[[71246,79426],[74,17],[95,-131],[47,-3],[299,-260],[81,18],[104,-36],[71,40],[344,-65]],[[72361,79006],[6,-92],[108,-34],[52,-142],[-30,-61],[13,-97],[-140,-147],[-8,-89],[-224,-483],[54,12],[27,-118],[139,60],[9,-248],[38,-24],[-47,-29],[-28,-129],[-62,-11],[-13,-43],[57,-35],[29,-87],[-22,-149],[229,-90],[-48,-60],[13,-92],[-103,-131],[53,2],[125,-297],[-80,-240],[157,46],[31,-40],[127,-20],[-64,-215],[55,-105],[61,-13],[-100,-162],[35,-248],[-88,-131],[-68,-345],[-68,-133],[-46,-4],[46,-25],[-18,-105],[123,-125],[-169,-225],[93,-52],[-74,-116],[-18,-122],[48,-55],[15,-121],[39,-29],[33,23],[84,-132],[30,18],[38,-92],[-26,-71],[77,-11],[35,-95],[61,-34],[44,32],[114,-160],[126,-60],[8,-127],[-45,-36],[68,-67],[-34,-78],[33,-44],[-53,-133],[54,-106],[-71,-42],[61,-103],[-45,-160],[78,-229],[-22,-105],[-61,-43],[56,-136],[35,-448],[39,-42],[14,-126],[-75,-199],[77,-31],[60,-201],[-15,-226],[156,-240],[6,-77],[-57,-119],[29,-307],[155,-269],[-23,-96],[49,-54],[136,-6],[86,-90],[295,-49],[99,-205],[137,25],[-132,-166],[0,-321],[53,-31],[-72,-29],[27,-38],[-140,-224],[-76,-512]],[[46331,40269],[-14,-49],[-100,-15],[-43,-59],[96,-594],[66,-75],[93,-22],[97,113],[109,28],[306,-50],[83,-82],[-5,-60],[-86,-115],[-166,-32],[-12,-94],[-180,-193],[49,-186],[57,-17],[-5,-52],[378,-135],[137,38],[114,-46],[224,99],[185,-90],[174,-275],[128,-96]],[[48016,38209],[0,1]],[[48016,38210],[109,22],[173,-48],[75,-119],[88,-13],[68,-134],[81,0],[57,-34],[5,-48],[32,39],[51,-36],[20,37],[40,-36],[24,33],[97,-68],[86,-143],[34,21],[-2,-36],[61,4],[54,-64],[102,-15],[7,-38],[68,-6],[119,-89],[43,29],[67,-37],[69,38],[167,-54],[8,-37],[170,-11],[50,-74],[63,-12],[3,-57],[135,10],[2,-55],[123,-88],[107,33],[51,-57],[204,-64],[94,-91],[56,-102],[-14,-38],[56,-44],[28,19],[7,-61],[74,-28],[38,-64]],[[51066,36594],[-61,-37],[-1,-48],[71,-107],[14,-99],[-140,-22],[-129,-357],[40,-71],[-27,-66],[90,-318],[-48,-135],[36,-103],[-29,-126],[39,-95]],[[50921,35010],[-152,-422],[-160,-125],[-342,-76],[-101,-64],[-151,-272],[-121,-108],[-80,-171],[-196,-173],[-103,-305],[28,-57],[-16,-216],[36,-74],[-23,-139],[-95,-68],[-123,-15],[-103,-153],[-47,-168],[-75,-63],[-116,-24],[-8,-163],[69,-172],[-37,-211],[-94,-96],[-47,-178],[-86,-117],[-72,-38],[-137,34],[-69,-89],[-20,-82],[74,-72],[43,-115],[-14,-88],[-104,-174],[-130,-66],[-65,-193],[-262,-271],[-67,-246],[-84,-151],[-245,-283],[-572,-324],[-248,-252],[-312,-132],[-35,-70],[-149,-94],[-58,-98],[6,-68]],[[46258,28508],[-196,-265],[-367,-139],[-40,-61],[-364,-212],[-146,-167],[-60,-127],[-4,-318],[-232,-540],[-77,-102],[-346,-181],[-70,5],[-51,-53],[-146,-667],[-61,-143],[1,-277],[-49,-161],[-68,-83],[-340,-216]],[[43642,24801],[-84,165],[-62,-10],[-139,128],[-56,138],[-105,1],[-12,48],[-102,41],[-66,-14],[9,52],[-43,44],[-57,-37],[-15,42],[-67,3],[-50,55],[-79,-134],[-120,21],[-122,-87],[-49,17],[-30,-62],[-82,26],[-89,-69],[4,-91],[-35,-21],[-127,28],[-142,-92],[-99,81],[-68,-64],[-134,1],[-68,-71],[-166,126],[-30,6],[-53,-83],[-160,76],[-31,100],[-41,24],[23,114],[-40,137],[52,74],[-41,123],[28,65],[-60,13],[-46,183],[-124,39],[30,148],[-79,234],[38,-3],[1,72],[89,181],[-114,160],[6,94],[68,51],[-53,101],[51,57],[-44,44],[3,63],[-70,33],[-52,-24],[-6,124],[-39,58],[13,87],[-62,56],[39,106],[-57,89],[-41,249],[30,154],[76,64],[8,288],[-37,89],[-205,176],[-64,197],[42,85],[-29,148],[-98,-12],[-138,278],[-169,4],[-48,-37],[-72,37],[-59,-41],[-238,62],[-42,-40],[-160,20],[-63,106],[-175,47],[-107,126],[-63,244],[-251,-54],[-42,-66],[14,-50],[-84,-72],[2,-70],[-190,-123],[12,-50],[-94,43],[-7,63],[-47,14],[21,-31],[-59,-93],[-59,75],[-66,-64],[-35,47],[-22,-106],[-86,-46],[-85,61],[-13,81],[-46,-52],[-45,42],[-49,-13],[-23,44],[-62,-12],[-21,52],[-106,-52],[-34,34],[-52,-56],[-64,25],[4,41],[-164,-28],[-39,66],[-80,-104],[-127,84],[-56,-70],[-32,43],[-85,-8],[-28,71],[-49,18],[-180,16],[-74,59],[-47,-34],[-82,17],[-8,88],[-63,43],[1,76],[-89,-33],[-120,42],[-23,-59],[-45,29],[-3,-83],[-90,25],[-53,-66],[-57,79],[-82,-41],[-141,41],[18,30],[-45,65],[-118,-14],[24,64],[-53,75],[96,85],[62,188],[-24,70],[75,39],[-128,94],[90,61],[50,130],[-86,72],[142,146],[-111,96],[-20,78],[63,78],[-106,72],[-13,105],[74,96],[83,258],[95,131],[-2,40],[-89,24],[-59,70],[152,136],[-27,232],[43,101],[-50,141],[113,157],[-3,91],[-22,29],[-77,-38],[-51,103],[-92,21],[162,166],[-85,115],[-152,-5],[61,120],[147,-9],[-5,61],[-117,156],[-68,-97],[-76,8],[39,141],[-94,81],[35,103],[-51,149],[48,199],[-52,90],[-138,77],[-42,130],[14,173],[-50,11],[-56,-57],[-33,20],[-9,94],[92,84],[-103,73],[115,49],[54,99],[98,7],[35,108],[118,20],[46,83],[54,7],[67,-59],[99,184],[-604,544],[771,1856],[162,1],[41,64],[-61,81],[-1,202],[-104,0],[462,1689],[231,23],[-266,256],[-58,228],[-269,548],[83,0],[0,51],[-78,92],[18,114],[-143,181],[3,150],[-29,13],[24,20],[-32,-2],[22,24],[-42,48],[106,-13]],[[45984,41081],[0,1]],[[45984,41082],[28,-11]],[[46013,41071],[-1,0]],[[46012,41071],[43,-28]],[[46055,41043],[0,1],[1,-1],[-1,0]],[[46055,41043],[88,-143]],[[46143,40899],[0,1]],[[46143,40900],[15,-54]],[[46159,40846],[-1,0]],[[46158,40846],[29,-52]],[[46187,40794],[1,0],[-1,-2],[0,2]],[[46187,40794],[10,-16]],[[46197,40778],[-2,1],[1,-4],[1,0],[0,3]],[[46197,40778],[1,-5]],[[46198,40773],[0,-1]],[[46198,40772],[0,1]],[[46198,40773],[0,-1]],[[46198,40772],[0,-4]],[[46198,40767],[0,1]],[[46198,40768],[0,-10]],[[46198,40758],[1,0],[0,-1],[-1,0],[0,1]],[[46198,40758],[-6,-8]],[[46191,40750],[1,0]],[[46192,40750],[-1,0]],[[46191,40750],[28,-138]],[[46218,40612],[1,0]],[[46219,40612],[10,-57]],[[46229,40556],[0,-1]],[[46229,40555],[104,-112],[-2,-174]],[[46331,40269],[-232,-20],[-143,95],[-133,23],[-175,-34],[-110,64],[-60,-41],[-34,-101],[-65,28]],[[45379,40284],[0,-1]],[[45379,40283],[-126,59],[-68,-19],[-59,94],[-100,-4],[-68,-92],[-93,47],[-89,-14],[-190,204],[-205,16],[-4,118],[218,426],[110,77],[227,29],[52,1043],[-40,60],[-135,-32],[-59,-113],[-76,-19],[-29,-160],[-100,-46],[-163,-216],[-190,-69],[-45,-69],[27,-61],[-73,-205],[-221,36],[-212,-131],[-136,-19],[-113,67],[27,69],[-19,95],[-85,90],[-101,19],[-27,54]],[[43213,41617],[1,0]],[[43214,41617],[-5,52],[-121,26],[-40,-29],[-61,53],[-79,-57],[-149,-43],[-33,25],[-43,-54],[-62,-4],[-26,-117],[-226,-149],[-183,38],[-108,-76],[-259,25],[-41,-61],[-96,30],[-29,54],[-83,7],[-106,155],[-45,-10],[-7,46],[-128,-15],[-59,85]],[[41225,41599],[0,-1]],[[41225,41598],[-12,-26],[-136,35],[-87,85],[-91,-7],[-113,160],[-26,-7],[3,123],[-90,25],[-30,62],[-14,-51],[-23,55],[-26,-32],[-55,27],[-18,-36],[-16,42],[-32,-30],[-85,66],[-59,-13],[-41,79],[-48,-22],[-1,46],[-30,-33],[-73,84],[-10,-40],[-45,18],[29,34],[-88,16],[-33,-52],[-23,71],[-61,10],[-17,-31],[-5,44],[-48,6],[5,64],[-27,1],[34,24],[-86,84],[-15,-40],[-24,42],[-112,11],[-61,-64],[-101,5],[-8,-54],[-53,0],[10,-43],[-95,21],[-11,-63],[-64,-10],[-28,-74],[-35,18],[-49,-53],[-46,59],[-190,-165],[-22,55],[-26,-15],[-84,76],[-56,-90],[-97,15],[-55,-44],[-65,27],[-12,-31],[-37,44],[-1,-58],[-20,47],[-15,-45],[-43,57],[-29,-26],[-84,43],[-77,-79],[13,-51],[-53,-25],[-2,-49],[-93,-4],[-27,-69],[49,-35],[-47,-26],[34,-44],[-80,-64],[-32,-125],[-74,1],[-160,-121],[1,-81],[49,-4],[-164,-210],[-32,-97],[-59,-7],[-92,-117],[-69,35],[-234,-67],[46,-45],[-70,-23],[-100,24],[-99,-70],[-52,31],[-157,-126],[-12,-71],[-55,112],[-92,-7],[-127,157],[-66,-5],[-14,59],[25,11],[-87,148],[-51,-32],[-47,34],[35,115],[-69,155],[-26,173],[-43,36],[-47,-89]],[[35962,41472],[-290,294],[-251,-169],[-104,59],[-37,107],[-125,-3],[-14,96],[-50,2],[-13,75],[-87,-14],[-30,87],[-111,6],[-53,138],[-48,3],[13,34],[-157,219],[-75,41],[7,444],[-47,74],[-62,-5],[-41,56],[10,61],[-40,4],[36,90],[5,193],[-45,32],[42,71],[-27,200],[79,296],[148,125],[78,138],[-49,164],[26,92],[83,50],[7,158],[-40,110],[-97,-19],[-51,31],[-12,-89],[-81,-68],[-2300,111],[-1562,32],[-145,2031],[-745,967],[733,0],[-63,1217],[-110,31],[-37,257],[-151,247],[28,125],[-35,-9],[12,32],[-107,110],[-29,125],[38,61],[-35,17],[-16,109],[-45,8],[40,72],[-12,165],[88,45],[79,122],[1,83],[52,23],[-76,23],[-27,45],[39,33],[-19,33],[-71,1],[-1,135],[-55,-6],[41,84],[-78,-6],[53,58],[-47,27],[52,8],[-27,36],[25,25],[-135,10],[12,59],[-60,-33],[-55,88],[-70,3],[-28,65],[-82,-45],[-118,116]],[[52005,53529],[28,-42],[-62,-145],[5,-102],[-147,-69],[48,-108],[-91,-45],[40,-122],[-31,-204],[48,-78],[-54,-256],[-126,-149],[-2,-160],[-211,-224],[-15,-180],[-79,-243],[-154,-108],[46,-82],[-14,-164],[41,-90],[1,-154],[-58,-143],[42,-52],[-20,-50],[55,-171],[-45,-81],[-77,-37],[-38,56],[-35,-21],[13,-128],[-143,-330],[27,-77],[-70,-227],[77,-277],[-74,-130],[8,-97],[-75,-120],[-6,-123],[-64,-114],[30,-105],[-100,-122],[6,-208],[-128,-56],[-27,-108],[-245,-151],[-61,36],[-20,118],[-56,38],[-86,-103],[-118,10],[-90,-108],[-152,-35],[-143,-241],[-124,-56],[-46,-181],[58,-44],[-94,-120],[42,-161],[-62,-89],[12,-60],[-39,-69],[23,-71],[-82,-58],[23,-88],[-30,-39],[-36,5],[-12,70],[-36,-12],[42,-261],[-276,-491],[-149,45],[-8,-67],[-61,-14],[-67,-113],[-531,-12],[-13,-102],[-74,-89],[-87,-273],[-376,-180],[-37,22],[-73,-80],[9,-146],[-55,-18],[53,-80],[-69,28],[-27,-52],[-78,-44],[-77,16],[-52,-54],[-22,-170],[33,-34],[-25,-36],[32,-44],[72,-3],[8,-62],[48,-30],[-11,-37],[38,1],[-9,-79],[-63,-21],[23,-84],[-53,-68],[-38,28],[-6,-83],[-77,31],[0,-72],[-78,23],[-1,-52],[58,-70],[-21,-23],[-49,42],[14,-68],[-70,-33],[37,-6],[-11,-83],[-56,-23],[-2,-73],[-48,1],[-53,-78],[-118,-11],[-87,-108],[-20,40],[-26,-25],[40,-71],[-58,-1],[18,-31],[-11,-18],[-143,-4],[-10,-100],[-45,-31],[9,-79],[-47,-52],[6,-144],[-39,-79],[25,8],[11,-58],[-140,-111],[-20,-106],[-65,-41],[-19,-130],[-119,-199],[49,-208],[-80,-154],[21,-47],[-42,-115],[15,-217],[-27,-134]],[[45942,41276],[0,1]],[[45942,41277],[22,-108]],[[45965,41169],[-1,0]],[[45964,41169],[20,-87]],[[84687,61647],[2,2],[0,-1],[-5,-4],[3,3]],[[86030,63646],[-63,-164],[-94,-104],[-175,-434],[-115,-175],[-286,-291],[-37,-135],[-202,-275],[-132,-100],[-93,-141],[-7,-109],[-61,-48],[-56,26],[-126,-105],[-530,-921],[-96,-49],[-100,-169],[-40,9],[-303,-357],[-32,-91],[21,-62],[-227,-363]],[[16302,61123],[-23,-134],[-56,35],[-29,-80],[-196,-81],[-16,-56],[-144,-105],[-4,-54],[-81,5],[3,-52],[-101,-73],[14,-47],[-74,-25],[-15,-77],[-98,-28],[-9,-48],[27,-9],[-60,-96],[-140,-78],[-104,-3],[-33,-43],[29,-22],[-109,-60],[-107,62],[-90,-48],[-111,39],[-27,-43],[39,-108],[-75,4],[-19,-45],[-24,41],[-95,13],[-38,-49],[24,-88],[-48,-52],[-354,-193],[-103,-200],[-40,-39],[-36,25],[-73,-272],[-61,-5],[-49,69],[-239,117],[-208,-23],[-36,-35],[-58,38],[-69,-19],[-160,-152],[4,-158],[-205,-210],[-92,-251],[-207,-144],[-46,22],[-71,-34],[-32,-89],[-75,52],[-121,-48],[-125,-156],[-384,-87],[-10,108],[-100,95],[41,143],[-34,-20],[11,48],[-53,2],[-16,-41],[-7,63],[-75,-42],[-46,38],[-30,-64],[-51,21],[6,-33],[-35,39],[-33,-41],[-47,44],[-33,-19],[-43,64],[-79,-55],[-79,82],[-51,-23],[-23,49],[-110,-37],[-3,38],[-64,-12],[-1,42],[-23,-29],[-52,46],[-66,-27],[-82,50],[-50,-41],[-111,50],[-37,-43],[-10,38],[-53,-3],[-9,-46],[-27,58],[-16,-30],[-48,52],[-138,-76],[-52,49],[-84,-3],[-17,-42],[-84,35],[-59,-18],[5,-34],[-111,18],[-126,-61],[-15,31],[-40,-23],[-65,114],[-181,14],[-16,-27],[-93,37],[-47,-34],[-25,31],[-296,-189],[-62,20],[-140,-142],[-90,-32],[-95,20],[-146,-60],[-287,80],[-34,109],[-164,158],[-201,-164],[-2,3029],[88,100],[45,-26],[28,26],[46,163],[-132,189],[-30,87],[27,85],[-32,34],[24,31],[6,-49],[73,-10],[-37,45],[7,61],[61,-18],[-15,55],[71,38],[-16,108],[38,-14],[-16,42],[39,62],[-224,-44],[-2,-49],[-35,7],[-111,-177],[-117,-53],[-33,-60],[-46,25],[-12,-111],[-67,-26],[-15,-63],[-94,-10],[-74,-57],[-123,-197],[-87,-17],[-67,-178],[-270,-25],[-240,-354],[-65,6],[-110,-66],[-84,63],[-80,-92],[-1779,0],[56,74],[-29,113],[59,104],[-39,137],[11,106],[-229,103],[32,218],[-38,56],[15,72],[-79,38],[12,160],[-78,-10],[-79,124],[-117,48],[-246,-39],[-126,92],[-267,43],[-46,69],[-1099,0],[50,41],[2,85],[75,15],[50,96],[67,26],[-17,74],[76,111],[144,37],[27,78],[-61,37],[165,103],[27,169],[-39,158],[38,66],[-66,10],[-65,167],[-134,23],[-38,164],[-81,60],[-90,291],[-142,71],[-78,-36],[-76,62],[-22,78],[-99,48],[22,373],[-133,0],[-27,138],[-168,61],[-130,137],[21,167],[-146,178],[17,244],[-102,140],[41,61],[-53,72],[-88,-4],[-32,111],[-81,-13],[-107,198],[23,84],[35,16],[1,-48],[95,-9],[64,77],[-20,202],[-118,84],[-186,52],[-16,79],[-90,29],[-8,101],[-84,21],[-94,146],[-47,-12],[-13,100],[102,-5],[35,97],[-19,40],[51,19],[-106,305],[83,-2],[63,-80],[62,2],[29,93],[194,33],[18,-45],[128,110],[-48,98],[0,113],[-57,18],[-121,278]],[[82118,58694],[2,7],[1,0],[1,1],[-1,1],[1,1],[0,-4],[-4,-8],[-2,0],[2,2]],[[79715,62105],[179,-84],[67,21],[131,-141],[33,5],[72,-119],[169,23],[292,-273],[246,-28],[266,-111],[53,-75],[130,-70],[51,-124],[174,4],[194,-186]],[[81771,60947],[1,0]],[[81772,60947],[31,-42],[144,27],[64,-40],[49,-259],[72,-126],[97,-26],[93,-161],[165,-39],[112,-113],[175,39],[115,-163],[23,-256],[115,-33],[113,54],[66,-59],[70,-162]],[[83276,59588],[-435,-204],[-426,-286],[-184,-179],[-369,-508],[-3,-61],[-289,-519],[-242,-336],[-82,-280],[-64,-50]],[[414,68262],[89,135],[-8,211],[37,42],[-39,62],[90,135],[24,114],[99,87],[62,135],[169,78],[89,120],[314,103],[-6,38],[66,72],[278,13],[-5,44],[53,-13],[13,78],[41,1],[-15,59],[80,-13],[38,44],[-18,49],[71,97],[-23,57],[37,62],[-70,68],[-54,265],[-133,147],[13,78],[-73,107],[-1,103],[37,42],[-20,36],[28,0],[-22,105],[113,80],[-17,38],[39,51],[-23,65],[77,195],[77,10],[8,82],[56,6],[19,76],[58,12],[16,95],[64,50],[-19,17],[61,14],[-10,50],[52,77],[-21,28],[68,26],[-36,95],[54,95],[-15,62],[43,43],[-33,-9],[-17,58],[26,107],[-22,38],[85,230],[68,64],[-32,45],[97,162],[-26,18],[22,43],[-25,-9],[10,183],[-42,39],[80,70],[4,-27],[76,18],[-5,96],[70,-30],[4,53],[33,-18],[29,61],[36,-32],[26,96],[82,-24],[48,35],[28,-42],[34,49],[1,-46],[25,63],[18,-35],[52,174],[30,-38],[74,110],[67,-11],[0,69],[53,-45],[23,43],[13,-47],[19,72],[49,22],[-43,62],[77,-51],[45,26],[-15,65],[38,-35],[51,41],[-18,30],[32,62],[-32,9],[67,22],[-22,55],[54,-8],[15,36],[34,-50],[-7,86],[35,11],[9,-41],[61,52],[-12,-69],[28,-3],[38,19],[-4,67],[28,-42],[77,87],[38,-37],[-2,41],[75,26],[39,63],[32,-61],[4,51],[106,88],[-11,28],[48,-12],[-20,37],[69,41],[-10,53],[81,-59],[8,44],[46,7],[-26,45],[103,1],[-9,69],[69,43],[0,89],[77,-19],[-49,55],[92,-30],[57,57],[23,-23],[-7,45],[56,-22],[30,52],[20,-33],[0,38],[39,-54],[38,29],[-5,63],[29,-71],[68,-38],[107,20],[13,80],[10,-82],[75,93],[-42,-111],[68,-49],[80,58],[20,75],[52,-8],[-2,46],[92,-61],[-29,125],[57,-49],[7,58],[62,6],[32,-44],[8,55],[48,-24],[-45,-25],[17,-56],[81,112],[94,-3],[81,-93],[15,45],[-42,68],[100,-53],[30,35],[1,77],[-43,-4],[19,31],[91,3],[20,-60],[14,74],[33,-2],[17,-115],[17,72],[57,10],[18,-33],[11,61],[67,-72],[39,88],[46,0],[5,-55],[64,69],[15,-81],[50,47],[46,-11],[6,109],[54,-86],[74,-14],[9,71],[40,-11],[33,89],[52,9],[-3,76],[71,35],[-40,74],[68,-10],[37,64],[-22,25],[-41,-31],[-1,33],[188,153],[83,-73],[73,-4],[17,-47],[28,163],[41,-50],[8,87],[61,5],[-28,-141],[36,-29],[111,52],[-12,-98],[36,21],[-7,88],[40,37],[-25,44],[94,-31],[9,-130],[44,100],[45,-39],[25,44],[46,-6],[-1,77],[122,-8],[87,-115],[40,94],[76,-65],[18,-151],[-64,-82],[51,-33],[-7,-41],[89,37],[-47,-57],[23,-35],[72,-20],[26,50],[41,-163],[97,84],[-45,66],[33,73],[81,-30],[24,79],[33,-89],[122,-12],[-88,-43],[85,-60],[-4,-103],[35,9],[-21,38],[56,66],[56,22],[11,-57],[83,88],[-10,216],[38,46],[712,4584],[350,2257],[-12,121],[51,87],[0,152],[82,97],[-75,342],[79,264],[-84,136],[30,4],[-24,23],[26,43],[-32,6],[-26,43],[58,68],[-88,10],[-28,94],[-127,85],[6,145],[-105,75],[20,82],[-136,155],[140,282],[-91,104],[26,91],[-50,67],[13,87],[-263,140],[-104,140],[-122,39],[-35,99],[-100,-13],[-69,42],[-175,266],[-119,83],[-23,59],[40,112],[-1,1757],[93,-47],[29,47],[-19,29],[49,10],[93,-65],[43,96],[68,-34],[139,37],[45,-50],[120,123],[56,-12],[16,66],[99,69],[50,-11],[96,-128],[-1,54],[42,14],[-23,36],[77,76],[60,-12],[8,61],[115,84],[103,-60],[5,-47],[177,-205],[34,75],[37,-43],[56,60],[22,-73],[-25,-44],[52,-7],[160,13],[9,112],[82,8],[75,-50],[20,26],[-166,246],[96,73],[-44,196],[58,14],[6,84],[-40,-1],[-77,88],[3,40],[56,20],[-119,84],[44,72],[-101,141],[-97,-8],[-74,91],[-82,-25],[-38,27],[-83,-129],[-45,18],[-15,73],[-278,-5],[-93,66],[-170,-68],[-46,10],[0,111],[-147,-35],[-80,-106],[-87,32],[14,1646],[55,-58],[73,-9],[83,95],[256,-17],[87,91],[122,47],[1,-34],[48,20],[81,-72],[22,35],[165,-77],[2723,2],[-14,40],[-52,-15],[34,72],[-33,38],[-104,-25],[29,150],[-108,-25],[-22,26],[178,395],[12,142],[33,-160],[29,5],[4,-39],[64,20],[97,-184],[73,-14],[62,-202],[81,61],[32,-53],[172,-32],[-33,222],[115,24],[2,48],[189,202],[20,93],[263,-112],[67,122],[57,10],[9,83],[112,191],[125,71],[77,-26],[20,127],[106,46],[57,-43],[-4,-71],[29,-10],[-27,-104],[66,-41],[-39,-36],[37,-205],[-18,-94],[89,-190],[-18,-35],[123,-144],[57,25],[141,-55],[109,-172],[-30,-42],[-7,-145],[29,-45],[-33,-212],[93,-63],[3,-179],[53,-100],[-2,-270],[-72,-74],[-50,41],[-38,-16],[-13,-51],[66,-139],[63,-43],[39,-144],[-22,-85],[517,160],[1211,-1238],[251,94],[112,-88],[53,0],[32,46],[67,-11],[34,122],[212,13],[58,200],[112,29],[-7,81],[269,62],[64,109],[103,5],[24,-48],[59,70],[68,-60],[1,67],[86,-25],[7,-60],[35,38],[12,-65],[48,0],[103,-245],[-17,-102],[-50,-24],[-143,-268],[109,-192],[27,56],[231,91],[17,124],[60,16],[-47,167],[34,-6],[1,48],[89,64],[52,150],[137,43],[-2,-40],[47,-19],[85,23],[-2,-61],[57,59],[84,196],[-57,35],[42,89],[-10,183],[65,-1],[56,89],[97,-33],[0,-83],[107,-6],[128,276],[62,-14],[52,104],[70,-73],[65,143],[94,91],[38,-56],[-4,-74],[94,-95],[96,139],[110,43],[95,106],[68,5],[-4,94],[47,92],[203,159],[74,-8],[93,148],[97,-31],[-2,-59],[-138,-235],[159,-108],[33,198],[48,67],[83,48],[7,49],[141,45],[64,154],[95,-4],[112,185],[31,132],[-42,139],[67,160],[-44,87],[19,185],[152,148],[198,28],[138,-83],[36,85],[78,-34],[56,63],[33,-27],[107,138],[22,-72],[58,-5],[6,125],[65,11],[40,95],[148,66],[90,-62],[72,35],[2,45],[83,-46],[97,64],[-16,138],[62,23]],[[35108,67657],[-167,-281],[-21,-170],[45,-246],[-173,-219],[-30,-167],[-201,-185],[25,-162],[93,-158],[22,-144],[73,-141],[3,-126],[-78,-106],[21,-100],[-33,-197],[29,-95],[-79,-58],[-9,-121],[-140,-248],[16,-207],[46,-62],[-105,-279],[56,-44],[135,49],[55,-47],[-199,-187],[-7017,-15]],[[15896,61328],[-1142,579],[-425,81],[-2504,1310],[-3119,3088],[-5600,750],[-2692,1126]],[[86816,67621],[0,0]],[[86814,67623],[0,0]],[[86814,67627],[0,0]],[[86822,67657],[-1,0],[0,-2],[-1,-1],[0,3],[1,1],[1,-1]],[[86817,67658],[0,0]],[[78138,66958],[9,90],[124,54],[1,111],[53,90],[-34,63],[95,13],[-6,33],[46,25],[-23,60],[135,302],[-38,129],[-96,-8],[-45,42],[-21,99],[-139,4]],[[78199,68065],[69,250],[-46,64],[16,50],[-210,138],[50,50],[-52,64],[23,27],[-22,73],[199,125],[81,178],[49,-3],[-80,86],[-45,160],[58,86],[-22,70],[62,82],[-31,60],[77,126],[-11,44],[130,210],[81,62],[-25,40],[-98,-28],[-63,31],[87,93]],[[78476,70203],[66,36],[61,-38],[104,67],[-70,-85],[8,-91],[79,16],[52,-54],[62,10],[54,-115],[98,-11],[93,-120],[109,65],[106,-47],[97,19],[27,-69],[41,-11],[149,209],[20,-82],[59,9],[1,108],[77,2],[52,73],[22,-63],[43,4],[84,55],[1,91],[62,-27],[40,30],[-2,85],[62,38],[-21,23],[30,37],[117,2],[-30,45],[24,50],[-36,21],[33,25],[-31,12],[66,104],[82,36],[138,-32],[171,87],[65,-27],[8,34],[172,20],[29,84],[116,7],[25,61],[61,-2],[125,94],[57,-16],[41,75],[49,-2],[20,-38],[108,-15],[-2,-241],[40,-27],[-90,-128],[-120,-61],[-51,-142],[-94,7],[-29,-71],[-80,-49],[-68,-204],[35,-79],[-35,-201],[-191,-92],[38,-281],[-41,-128],[445,41],[-14,-49],[58,-49],[-22,-89],[37,-35],[4,-78],[71,-37],[72,0],[134,150],[157,45],[132,107],[49,-37],[46,-176],[270,153],[138,-144],[7,-132],[87,8],[-80,-257],[106,-120],[65,143],[176,-26],[93,159],[-4,69],[139,90],[10,142],[-125,124],[76,280],[37,11],[105,-100],[54,22],[-18,173],[-181,147],[-7,148],[65,218],[154,-10],[79,175],[82,-41],[120,69],[52,-66],[7,-81],[-43,-136],[100,-28],[3,-85],[309,21],[72,62],[143,-128],[17,-67],[62,-20],[474,18],[229,94],[133,-39],[83,-82],[81,42],[262,-34],[171,-141],[124,1],[115,72],[44,-82],[72,-27],[55,15],[105,141],[89,-77],[198,104]],[[86438,69866],[15,-391],[20,-85],[49,-39],[6,-135],[-28,-34],[48,-42],[48,-252],[96,-81],[-37,-285],[14,-47],[58,46],[-11,127],[30,-11],[-28,-237],[52,-197],[57,-48],[-29,-225],[26,-232],[-21,-355],[-67,-197]],[[86674,68603],[33,-10],[-26,-81],[-20,65],[13,26]],[[86314,64419],[3,9],[7,-9],[-1,-8],[-9,8]],[[72282,64174],[98,30],[56,88],[164,42],[6,112],[95,46],[44,128],[51,-21],[69,60],[36,118],[62,-21],[16,113],[81,40],[16,53],[48,4],[118,-122],[52,63],[18,165],[52,-3],[30,-55],[83,45],[-1,104],[59,5],[29,46],[-6,125],[167,76],[90,159],[72,56],[73,-27],[25,29],[-29,112],[130,336],[14,275],[-47,108],[-191,72],[-63,65],[115,282],[-208,428],[30,71],[341,164],[15,155],[39,35]],[[74131,67735],[199,-124],[89,-3],[73,32],[94,134],[123,6],[149,-146],[190,-63],[242,21],[317,126],[336,-32],[117,-88],[59,-141],[122,-7],[51,-137],[102,49],[92,-18],[8,-90],[-62,-72],[28,-105],[84,4],[33,-78],[97,-19],[156,-139],[78,15],[46,-60],[-7,-55],[98,40],[159,-85],[81,-136],[20,-212],[77,96],[67,-10],[22,32],[33,-71],[85,-13],[52,221],[129,29],[28,93],[90,-22],[18,141],[169,10],[14,66],[49,34]],[[78138,66958],[197,-187],[72,-153],[206,8],[101,87],[101,-34],[115,137],[101,-100],[22,-74],[-32,-50],[38,2],[30,-172],[105,1],[165,130],[55,-16],[45,-89],[93,-25],[26,28],[-22,95],[51,63],[49,21],[58,-75],[75,5],[107,164],[60,-1],[-18,48],[101,110],[159,67],[54,-105],[23,10],[23,68],[-35,43],[107,122],[3,55],[53,5],[51,65],[64,-24],[46,63],[170,89],[102,200],[-20,78],[244,20],[80,51],[-16,41],[58,84],[214,37],[127,-92],[25,-69],[177,-56],[40,-64],[93,-7],[28,-47],[-18,-92],[82,-107],[-305,-138],[-93,-99],[-76,-156],[129,-273],[-27,-97],[-41,-52],[-47,23],[-115,-71],[48,-60],[-56,-12],[6,-72],[-172,-91],[31,-11],[-2,-50],[-90,-31],[-17,-73],[365,37],[-2,-57],[96,-83],[-18,-93],[35,-171],[-47,-123],[101,-25],[-11,-86],[50,-63],[73,9],[-30,-93],[84,5],[115,-99],[81,10],[17,56],[113,94],[219,129],[79,-15],[25,53],[76,21],[-15,42],[79,-12],[-15,38],[125,57],[21,40],[-68,62],[68,59],[0,179],[36,98],[85,-24],[-11,108],[32,37],[185,-61],[80,24],[45,255],[245,24],[129,-62],[33,33],[-26,65],[78,72],[35,-66],[266,28],[60,-57],[26,20],[97,-52],[63,62],[145,-7],[71,110],[203,28],[178,119],[36,-40],[70,29],[95,109],[170,-3],[39,30],[-36,55],[36,94],[-49,11],[95,253],[98,74],[79,-48],[141,81],[35,86],[58,-6],[99,75],[53,12],[110,-58],[266,-2],[189,-162],[2,-118],[52,-79],[63,26],[41,-39],[177,-12]],[[86736,67146],[61,-183],[-92,-174],[55,-128],[-48,-193],[48,-342],[-270,-811],[12,-229],[-91,-75],[50,-38],[-94,-235],[-14,-191],[-65,-32],[-120,-308],[25,-22],[-15,-111],[-101,-207],[5,-101],[-52,-120]],[[86030,63646],[-53,64],[-169,4],[-351,131],[-99,-12],[-31,71],[-57,-39],[-95,21],[-207,-157],[-258,-92],[-76,51],[15,100],[-25,19],[-122,-56],[-119,48],[-149,-124],[-208,-27],[-64,-80],[-84,-24],[-6,-71],[50,-45],[-16,-48],[-65,-57],[-122,-13],[-90,-150],[-71,-1],[14,-173],[-105,-3],[-44,-77],[-54,3],[1,-48],[-147,-24],[-38,45],[-57,-70],[-54,-2],[-9,-57],[-179,-78],[10,-101],[-83,-24],[-20,45],[-31,-22],[-294,156],[-167,-44],[-78,53],[-99,-79],[-49,-138],[17,-44],[-36,-33],[-126,77],[-46,95],[-67,22],[-7,-27],[1,92],[-74,91],[-57,14],[-106,-89],[12,93],[-88,61],[-79,-63],[1,86],[-63,121],[-330,384],[-182,41],[-12,62],[-71,24],[-147,-24],[-90,-89],[-45,46],[-88,-13],[57,42],[-185,329],[-153,-102],[-32,-236],[-90,-95],[-1,-62],[-57,-4],[-161,-273],[-252,-65],[-114,-116],[-66,-172],[-142,-114]],[[86446,65017],[18,5],[-11,-30],[-12,8],[5,17]],[[86728,66459],[2,-1],[-9,2],[5,0],[2,-1]],[[92051,76565],[2,1],[1,-3],[-5,0],[2,2]],[[92044,76569],[2,-1],[-4,-3],[0,2],[2,2]],[[92037,76629],[0,-1]],[[92037,76629],[0,-1]],[[92037,76628],[0,1]],[[92088,76573],[3,-3],[-1,-3],[-5,4],[3,2]],[[92082,76572],[-2,0],[0,2],[1,0],[1,-2]],[[92102,76578],[-1,0],[1,1],[1,-1],[-1,0]],[[92099,76581],[0,-1],[-2,0],[1,3],[1,-2]],[[92128,76600],[0,-2],[-2,0],[0,3],[2,-1]],[[91964,76561],[20,-2],[47,65],[110,62],[7,-64],[-74,-67],[-22,20],[-50,-29],[-38,15]],[[92120,76684],[1,-1],[-1,-2],[-1,1],[1,2]],[[92143,76695],[3,-5],[-4,-2],[-1,5],[2,2]],[[92141,76706],[6,4],[4,-2],[-7,-11],[-3,9]],[[92142,76724],[28,3],[7,15],[-6,-24],[-29,6]],[[16302,61123],[-406,205]],[[15896,61328],[65,69],[12,98],[111,-7],[256,233],[52,-22],[190,102],[12,82],[227,260],[-36,239],[75,-50],[124,17],[25,-43],[52,12],[-14,50],[50,7],[54,-50],[155,-13],[110,66],[142,-25],[74,45],[124,-32],[128,-181],[70,-9],[76,-74],[-3,-41],[51,6],[16,-83],[58,-60],[92,82],[59,-14],[94,151],[4,125],[165,90],[218,-80],[30,-67],[55,37],[74,-18],[-49,167],[22,217],[137,-55],[306,206],[86,-72],[44,-152],[-18,-78],[50,-26],[-26,-106],[94,-51],[100,37],[12,59],[86,19],[32,109],[74,41],[12,99],[83,31],[60,95],[36,91],[-45,245],[54,128],[-4,81],[52,-2],[121,127],[106,20],[84,-88],[120,83],[62,-68],[134,-4],[135,98],[229,3],[273,123],[30,-14],[-36,-116],[33,-43],[173,11],[185,85],[-19,297],[63,97],[-30,160],[41,67],[66,-30],[61,45],[88,-12],[-17,56],[109,277],[89,-61],[47,87],[-110,226],[74,90],[-7,43],[-75,39],[72,83],[3,145],[74,7],[89,102],[176,-114],[39,32],[112,182],[-53,131],[171,197],[6,103],[100,134],[1,136],[1671,0],[124,-128],[161,-55],[126,-137],[-3,-60]],[[25039,65670],[0,-1]],[[25039,65669],[26,-44],[-32,-99],[105,-157]],[[25138,65370],[0,-1]],[[25138,65369],[42,-5],[44,-87],[33,18]],[[25257,65294],[0,1]],[[25257,65295],[61,-39],[12,-194],[33,8],[23,-64],[135,111],[73,-83],[137,-32],[10,-279],[64,-59],[25,-121],[-34,-100],[133,-92],[-27,109],[54,52],[179,-38],[26,-118],[-53,-19],[78,-90],[-15,-40],[51,-60],[-18,-36],[71,-178],[208,5],[102,-202],[158,3],[120,63],[-3,126],[54,182],[137,-40],[73,136],[62,19],[19,-50],[165,-37],[55,-187],[50,-10]],[[27475,63941],[132,-51],[27,-115],[95,-138],[-94,-151],[-99,-298],[1,-100],[78,-154],[-13,-139],[-107,23],[-131,-86],[48,-26],[-31,-211],[30,18],[132,-80],[5,-78],[-63,-139],[118,-77],[-54,-32],[81,-36],[40,-129],[-17,-94],[58,-34],[-67,-85],[4,-76],[-154,-67],[96,-57],[-35,-124],[49,-19],[-16,-63],[36,-21],[17,-156],[-69,-193],[19,-66],[-118,-178],[-39,-243],[87,-45],[24,-66],[-47,-25],[-11,-72],[75,-168],[-21,-15],[81,-68],[44,-144],[78,-78],[-42,-174],[32,-137],[-51,-227],[18,-96],[-40,-71],[60,-51],[-36,-55],[33,-156],[-53,39],[-30,-30],[17,-37],[-52,-196],[28,-58],[-12,-111],[-23,-73],[-45,-18],[2415,-9],[49,-69],[-19,-65],[72,-4],[50,-129],[97,-39],[-1,90],[31,-23],[74,66],[41,-17],[25,-89],[72,9],[78,-47],[98,46],[140,-39],[26,35],[39,-73],[65,21],[25,-34],[23,37],[70,0],[9,-61],[-39,-29],[74,-97],[-38,-38],[-2,-76],[50,-157],[87,-82],[-1,-182],[-53,-88],[-70,-18],[-20,-77],[-102,-61],[8,-38],[-66,-88],[-73,-32],[-9,-81],[-43,-4],[-17,-320],[29,-207],[28,-17],[-28,-102],[42,-40]],[[30785,56106],[-1,0]],[[30784,56106],[65,-102],[107,5],[58,-49],[26,-211]],[[31040,55750],[0,-1]],[[31040,55749],[-12,-90],[177,-224],[-25,-178],[41,-151],[262,-245],[-100,-97],[-52,-118],[-3,-108],[-120,-89],[5,-89],[-76,-113],[-94,-75],[-18,44],[-50,1],[-136,-201],[20,-88],[-43,-72],[37,-136],[-52,-270],[-78,-174],[-160,-30],[-57,-143],[-150,-137],[32,-165],[-80,-88],[-49,-195],[-85,-114],[-42,-384],[-106,-100],[-175,-39],[-99,-120]],[[29753,51761],[-1,0]],[[29752,51761],[-82,-54],[-88,-1],[-20,-63],[-99,-74],[-24,-106],[-44,-40],[16,-28]],[[29411,51395],[-133,23],[-10,59],[-224,102],[-101,134],[-5,72],[-183,-24],[-8,112],[46,16],[-59,33],[-71,7],[26,-42],[-55,-27],[-76,50],[-26,-101],[-44,30],[-30,-23],[3,42],[-19,-50],[-82,62],[-23,-74],[-87,30],[-33,73],[-71,-24],[-35,72],[-22,-65],[-363,-134],[-227,94],[-9,77],[-166,-77],[-98,47],[-78,-67],[-46,16],[-12,-52],[-43,58],[-16,-49],[-74,25],[13,-33],[-66,-22],[2,56],[-46,-22],[-49,98],[-22,170],[-172,63],[-2,82],[-64,9],[-29,104],[-43,-8],[-53,56],[0,61],[-61,-6],[-66,75],[-5,261],[-27,28],[-47,-38],[-38,120],[-32,-4],[-21,-92],[-53,109],[-63,-15],[-6,-72],[-68,-2],[10,-25],[-99,55],[-10,-45],[-157,44],[-16,55],[-32,-39],[-51,123],[-45,-16],[7,56],[-40,-36],[-15,55],[-53,-66],[-236,100],[-11,46],[32,27],[-65,-1],[-5,66],[-46,3],[3,60],[-106,-95],[-59,4],[-8,-50],[-40,56],[-28,-50],[-43,23],[-62,106],[2,70],[-37,18],[-51,-38],[6,55],[-60,42],[-52,137],[-61,42],[-122,-49],[-73,57],[1,72],[-86,179],[-77,49],[47,88],[-83,12],[32,68],[-68,78],[-15,-35],[-56,2],[-36,61],[-13,-74],[-56,50],[-9,-88],[-108,-11],[20,-72],[-136,21],[-173,64],[-76,119],[-63,7],[30,30],[-23,81],[-143,-8],[-113,155],[-158,89],[-359,113],[-106,-91],[-118,42],[-30,-151],[-116,-66],[-95,73],[-29,-37],[-69,7],[-44,62],[-48,-27],[-23,45],[-70,-55],[-22,74],[-68,-97],[-17,121],[-55,-15],[-74,46],[-123,-124],[-29,32],[9,85],[-269,42],[-212,230],[42,147],[-34,177],[-97,-43],[-52,68],[-273,72],[-41,85],[44,137],[-26,35],[-65,-34],[-25,-147],[-43,36],[19,111],[-61,37],[-98,-92],[-22,70],[73,103],[-67,112],[-171,-46],[-70,90],[-55,-65],[-60,65],[-67,-8],[11,66],[-36,23],[59,163],[-123,74],[25,201],[-63,209],[-210,-32],[3,-89],[-173,119],[90,139],[-36,209],[52,107],[-30,42],[-186,59],[-58,355],[97,75],[-121,53],[-31,214],[92,62],[-69,24],[-31,118],[69,88],[103,39],[12,74],[-44,85],[111,114],[-79,154],[43,10],[-23,137],[-199,185],[49,65],[-4,236],[-155,149],[43,95],[-51,126],[21,66],[-42,66],[87,90],[25,99],[-28,89],[146,181],[82,215],[-40,141],[14,164],[-65,126],[22,130],[-30,163],[104,245],[-75,70],[-96,265],[-182,109],[-10,-81],[-80,-19],[8,-51],[-40,-5],[-2,-144],[-66,12],[-17,-53],[-55,-22],[9,-89],[-82,8],[-9,45],[-58,-32],[-15,76],[-34,-24],[12,58],[-55,33],[-46,-82],[-46,14],[5,107],[59,-3],[-8,47],[-97,-28],[-34,-57],[-63,61],[2,61],[-50,-147],[-41,50],[29,40],[-43,3],[-92,-102],[-23,107],[-73,-34],[-39,36],[-27,-41],[-74,-5],[8,-82],[-41,-17],[-39,38],[-54,-46],[-24,64],[-80,8],[-50,-77],[-14,76],[-115,-2],[-96,-54],[21,-41],[-40,-32],[-75,52],[-39,-48],[-54,11],[-14,-41],[-63,34],[-80,-23],[-20,-66],[-99,5],[-35,-87],[-35,83],[-45,-36],[-55,30],[-31,-41],[-148,9],[-46,-64],[-98,20]],[[42346,92738],[122,-36],[47,24],[-5,40],[51,4],[9,70],[20,-31],[143,-3],[26,-40],[-41,-37],[38,-53],[-73,-20],[24,-100],[33,-34],[65,13],[3,-74],[43,-14],[62,-1],[4,44],[56,-43],[113,8],[52,-117],[-79,-24],[110,-47],[50,-102],[116,6],[32,-42],[102,73],[8,-134],[57,-53],[150,-27],[177,93],[69,-146],[110,-30],[92,220],[107,-38],[65,76],[94,8],[15,174],[115,-25],[6,91],[75,12],[181,160],[67,-4],[-33,-37],[70,-22],[-54,-82],[23,-44],[73,27],[11,-49],[62,28],[2,-48],[52,-25],[101,14],[30,-46],[256,-29],[85,79],[-2,40],[51,-28],[155,166],[11,-40],[37,15],[36,-92],[92,-33],[-2,-53],[78,-27],[-71,-51],[-34,-135],[56,55],[56,-27],[271,65],[58,-17],[48,-75],[151,-58],[96,29],[13,41],[67,-17],[38,130],[75,64],[-11,45],[438,236],[33,153],[79,49],[-19,56],[53,5],[96,112],[-21,79],[54,20],[21,63],[-62,148],[58,30],[240,617],[66,12],[31,49],[-41,30],[4,44],[150,336],[-43,54],[17,56],[-33,15],[47,30],[1,88],[67,5],[18,136],[71,68],[59,-32],[97,146],[259,559],[189,288],[31,201],[114,43],[6,149],[52,10],[-16,39],[64,4],[169,221],[39,208],[273,212],[62,367],[-89,223],[-18,168],[17,200],[75,70],[18,132],[315,-172],[342,-338],[283,-463],[63,-293],[-8,-234],[171,-17],[42,-46],[3,-859],[-21,-203],[-40,-77],[169,-607],[-26,-204],[67,-124],[-16,-84],[83,-294],[74,-143],[-7,-118],[101,-121],[6,-82],[46,-40],[6,-139],[76,-120],[46,-328],[73,-36],[53,-116],[56,-342],[49,-83],[-4,-111],[84,-136],[11,-148],[155,-127],[64,-242],[306,-447],[98,-38],[168,39],[363,-9],[314,-151],[218,-167],[98,-608],[-16,-284],[-46,-113],[15,-267],[32,-58],[-15,-398],[-148,-164],[-72,-26],[-29,-85],[33,-78],[-73,-44],[-170,-236],[-273,-61],[-13,-120]],[[51992,91696],[28,166],[104,48],[115,-4],[97,-131],[-2,-98],[90,-120],[10,-71],[-126,-162],[-130,-39],[-49,50],[-91,262],[-54,27],[8,72]],[[51932,92036],[53,56],[120,2],[75,-68],[28,-89],[-187,-65],[-108,134],[19,30]],[[54573,52759],[0,1]],[[54573,52760],[32,-224],[-68,-62],[-1207,788],[-265,84]],[[53065,53347],[0,-1]],[[53065,53346],[-5,-4]],[[53059,53342],[1,0]],[[53060,53342],[-95,72],[-126,5]],[[52838,53419],[1,0]],[[52839,53419],[-13,2]],[[52826,53421],[1,0],[-1,1],[0,-1]],[[52826,53421],[-73,17]],[[52753,53437],[0,1]],[[52753,53438],[-45,14]],[[52707,53452],[1,0]],[[52708,53452],[-3,-3]],[[52705,53448],[0,1]],[[52705,53449],[-11,12]],[[52693,53461],[1,0]],[[52694,53461],[-225,163]],[[52469,53623],[0,1]],[[52469,53624],[-8,39]],[[52461,53662],[0,1]],[[52460,53663],[1,0]],[[52461,53663],[6,116]],[[52467,53778],[0,1]],[[52467,53779],[43,117],[-26,35]],[[52485,53931],[-1,0]],[[52484,53931],[-9,62],[75,-6],[-8,78],[32,72],[17,-17]],[[52591,54119],[0,1]],[[52591,54120],[19,131],[31,-16],[71,59],[-41,3],[-42,75],[29,123],[128,136],[37,91],[-64,-25],[-6,-45],[-48,28],[23,-54],[-281,-162],[-29,-29],[27,-34],[-37,17],[-7,-57],[-75,-24],[0,-71],[-71,-71],[17,-27],[-61,-32],[12,-64],[-31,19],[-31,-28],[30,3],[-12,-103],[-101,-47],[29,-55],[-50,-36],[44,-24],[-57,-74],[21,-70],[-60,-128]],[[52005,53529],[-21,63],[-98,-19],[-79,49],[41,64],[-90,-52],[24,113],[-54,10],[29,98],[-70,139],[17,72],[-121,20],[-6,112],[80,10],[-41,68],[88,215],[-14,65],[66,12],[11,68],[-34,38],[15,77],[-39,98],[-9,119],[43,57],[-46,72],[14,67],[-77,10],[-19,43],[44,309],[-43,93],[6,120],[60,81],[-24,100],[63,111],[-104,65],[-79,306],[129,159],[14,217],[-130,36],[-51,89],[-7,230],[78,325],[105,188],[-3,307],[114,173],[-52,337],[74,134],[-50,113],[114,223],[-73,237],[90,125],[62,24],[40,247],[77,43],[19,215],[122,124],[-10,74],[92,278],[-37,130],[13,88],[83,146],[116,107],[85,325],[87,172]],[[55895,72783],[103,-5],[65,116],[154,-83],[170,358],[375,77],[95,-84],[315,-152],[220,-37],[167,104],[168,-17],[121,-78],[13,-183],[53,-85],[228,-14],[271,-200],[140,-16],[122,-153],[59,-350],[-44,-175],[138,-356],[4,-161],[-41,-148],[44,-126],[-7,-222],[119,-362],[-126,-422],[39,-139],[-88,-135],[-15,-177],[-78,-164],[10,-214],[-79,-196],[54,-137],[-52,-237],[-257,-427],[-146,16],[-77,-64],[-10,-84],[146,-128],[86,-154],[128,107],[105,-6],[89,-72],[48,-109],[-12,-74],[-176,-104],[-63,-88],[66,-26],[74,44],[59,-16],[58,-241],[29,39],[74,-16],[-23,-84],[89,-29],[-14,-47],[50,-34],[0,-138],[64,14],[-45,63],[37,21],[95,-113],[-53,-14],[14,-50],[65,-13],[-32,-31],[7,-73],[118,-28],[-16,-45],[48,3],[-4,-108],[28,-9],[-22,-32],[103,-85],[21,19],[101,-136]],[[59464,66259],[0,-1]],[[59464,66258],[2,-76],[77,-31],[2,-137],[89,-20],[48,-142],[100,-37],[82,69],[22,90],[80,62],[49,-11],[50,79],[13,-37],[81,13],[174,101]],[[60333,66180],[0,1]],[[60333,66181],[47,10]],[[60380,66192],[0,-1]],[[60380,66191],[46,21]],[[60426,66213],[0,-1]],[[60426,66212],[89,0]],[[60515,66213],[0,-1]],[[60515,66212],[30,21]],[[60546,66233],[-1,0]],[[60545,66233],[9,-4]],[[60554,66230],[0,-1]],[[60554,66229],[14,-5]],[[60568,66225],[0,-1]],[[60568,66224],[16,12]],[[60584,66235],[0,1]],[[60584,66236],[24,11]],[[60608,66246],[0,1]],[[60608,66247],[65,-8]],[[60673,66239],[-1,0],[0,-1],[1,0],[0,1]],[[60673,66239],[24,-8]],[[60697,66232],[0,-1]],[[60697,66231],[5,-3]],[[60702,66227],[0,1]],[[60702,66228],[33,-49]],[[60736,66179],[-1,0]],[[60735,66179],[2,-4]],[[60737,66174],[0,1]],[[60737,66175],[39,-47]],[[60776,66128],[0,-1]],[[60776,66128],[0,-1]],[[60776,66127],[10,-12]],[[60786,66115],[0,-1],[1,0],[-1,1]],[[60786,66115],[19,-3]],[[60805,66112],[-1,0],[0,-2],[1,0],[0,2]],[[60805,66112],[6,-1]],[[60812,66111],[-1,0]],[[60811,66111],[15,-11]],[[60826,66100],[-1,0],[0,-1],[1,0],[0,1]],[[60826,66100],[13,-6]],[[60839,66096],[0,-1]],[[60840,66095],[-1,0]],[[60839,66095],[0,-1]],[[60839,66094],[1,1]],[[60840,66095],[8,-1]],[[60847,66095],[1,-1]],[[60848,66094],[12,-11]],[[60860,66084],[0,-1]],[[60860,66083],[4,-3]],[[60864,66080],[0,1],[1,-1],[-1,0]],[[60864,66080],[6,-10]],[[60871,66070],[-1,0]],[[60870,66070],[10,-8]],[[60880,66063],[0,-1]],[[60880,66062],[1,0]],[[60881,66061],[0,1]],[[60881,66062],[3,-3]],[[60884,66060],[0,-1]],[[60884,66059],[9,-12]],[[60894,66047],[-1,0]],[[60893,66047],[19,-24]],[[60912,66024],[0,-1]],[[60912,66023],[10,-23]],[[60923,66000],[-1,0]],[[60922,66000],[21,-48]],[[60943,65952],[0,-1]],[[60943,65952],[0,-1]],[[60943,65951],[19,-155]],[[60963,65796],[-1,0]],[[60962,65796],[-1,0]],[[60961,65797],[0,-1]],[[60961,65796],[-3,-16]],[[60957,65780],[1,0]],[[60958,65780],[-3,-10]],[[60955,65770],[0,1],[-1,0],[0,-1],[1,0]],[[60955,65770],[-21,-9]],[[60935,65761],[-1,0]],[[60934,65761],[-4,-1]],[[60929,65760],[1,0]],[[60930,65760],[-5,-12]],[[60924,65748],[1,0]],[[60925,65748],[-38,-113]],[[60887,65634],[0,1]],[[60887,65635],[-30,-90],[33,-34]],[[60890,65510],[0,1]],[[60890,65511],[29,-39],[-32,-45]],[[60888,65427],[-1,0]],[[60887,65427],[-13,-131],[-74,-109]],[[60799,65187],[1,0]],[[60800,65187],[-110,-38],[-97,23],[-158,-81],[-49,-93],[-121,47],[-10,-80],[-44,0],[14,-141],[-112,-56],[11,-151],[-156,-156],[42,-13],[-42,-122],[66,-97],[-99,-104],[64,-164],[-27,-159],[-175,-70],[52,-88],[-106,-98],[-8,-92],[-31,25],[-2,-53],[-71,-32],[56,-37],[-60,-91],[134,-21],[6,-31],[190,40],[21,-41],[-43,-8],[-1,-108],[93,9],[1,-46],[82,-31],[4,-96],[62,-18],[8,-156],[-58,-102],[76,-18],[116,-191],[-11,-71],[216,44],[74,-51],[-34,-40],[18,-78],[175,-67],[-33,-86],[85,-106],[-122,-73],[-36,-182],[-99,-90],[13,-95],[34,-47],[127,-25],[7,-128],[138,18],[65,-143],[-26,-34],[42,-19],[-10,-288],[45,-72],[1,-82],[25,-70],[55,-9],[81,-101],[31,-118],[94,-44],[258,35],[106,-112],[145,3],[147,93],[42,-191]],[[61971,60219],[-35,-68],[63,-50],[64,-159],[133,-32],[52,79],[-63,71],[42,124],[58,37],[170,-46],[75,44],[61,60],[21,184]],[[61748,53382],[-184,-100],[-179,-35]],[[61385,53247],[1,0],[0,-1],[-1,0],[0,1]],[[61385,53247],[-18,-1]],[[61368,53246],[-1,0]],[[61367,53246],[-57,-20]],[[61310,53227],[0,-1]],[[61310,53226],[-25,-4]],[[61286,53222],[-1,0]],[[61285,53222],[-112,-14],[15,315],[-95,44],[-19,60],[-48,-290]],[[61026,53338],[0,-1]],[[61026,53337],[-2,0]],[[61024,53336],[0,1]],[[61024,53337],[-33,-91],[-655,5],[-154,-83],[-76,-169],[-83,39],[-193,-203],[-51,26],[-77,-75]],[[59703,52786],[-1,0]],[[59702,52786],[-96,-28],[-18,-52],[-99,10],[-6,-66],[-41,-17],[-67,15],[2,44],[-104,-29]],[[59273,52662],[0,1]],[[59273,52663],[-114,-170],[-30,42],[-63,-25],[-34,31]],[[59032,52542],[0,-1]],[[59032,52541],[-86,44],[-32,-84],[-84,-72],[-54,101],[51,45],[-121,32],[16,93],[-139,-19],[-53,46]],[[58531,52727],[-1,0]],[[58530,52727],[4,141],[-155,45],[-66,-182]],[[58313,52730],[0,1]],[[58313,52731],[21,-36],[-30,-64],[62,-134],[-48,-103],[25,-118],[62,-52],[-122,-248],[-310,386]],[[57973,52363],[0,-1]],[[57973,52362],[-20,9]],[[57953,52371],[1,0],[0,-1],[-1,0],[0,1]],[[57953,52371],[-119,-18]],[[57834,52352],[0,1]],[[57834,52353],[-6,1]],[[57828,52354],[0,2],[-3,1],[0,-2],[3,-1]],[[57828,52354],[-7,-1]],[[57820,52353],[1,0]],[[57821,52353],[-22,28]],[[57798,52381],[1,0]],[[57799,52381],[-63,45],[-38,-20]],[[57698,52408],[1,0],[0,1],[-1,0],[0,-1]],[[57698,52408],[0,-2]],[[57698,52406],[-20,-20]],[[57678,52385],[0,1]],[[57678,52386],[-1,2]],[[57677,52389],[0,-1]],[[57677,52388],[-36,-23],[-39,91]],[[57602,52456],[0,-1],[3,0],[0,2],[-3,-1]],[[57602,52456],[-78,-1]],[[57524,52456],[0,-1]],[[57524,52455],[-96,113],[-36,-18],[-2,-108]],[[57390,52443],[0,-1]],[[57390,52442],[-1,-3]],[[57389,52438],[0,1]],[[57389,52439],[-31,-7]],[[57358,52431],[0,1]],[[57358,52432],[-15,-5]],[[57343,52428],[0,-1]],[[57343,52427],[-122,-52],[-29,27],[36,52],[-28,234],[49,93]],[[57249,52781],[1,1],[-1,0],[0,-1]],[[57249,52781],[-96,-2],[-17,-51],[-80,12],[-43,-73],[-57,-15]],[[56956,52652],[0,-2],[1,0],[0,2],[-1,0]],[[56956,52652],[-28,-34]],[[56928,52617],[0,1]],[[56928,52618],[-44,-55],[-75,24],[-14,-45]],[[56796,52542],[-1,0]],[[56795,52542],[-30,4]],[[56764,52546],[1,0]],[[56765,52546],[-1,0]],[[56764,52546],[-21,-19]],[[56744,52527],[-1,0]],[[56743,52527],[-68,-41]],[[56675,52487],[0,-1]],[[56675,52486],[-26,-9]],[[56649,52478],[0,-1]],[[56649,52477],[-5,-10]],[[56644,52466],[0,1]],[[56644,52467],[-37,-14]],[[56607,52454],[0,-1]],[[56607,52453],[-17,-30],[-36,26]],[[56554,52448],[0,1]],[[56554,52449],[-5,3]],[[56549,52451],[0,1]],[[56549,52452],[7,85],[-25,12]],[[56531,52548],[0,1]],[[56531,52549],[-12,50]],[[56519,52598],[0,1]],[[56519,52599],[-1,3]],[[56519,52602],[-1,0]],[[56518,52602],[7,217]],[[56525,52819],[-19,-38],[-34,40],[-54,-8],[-23,-131],[-54,-31],[1,-254],[-70,-49],[-33,69],[19,71]],[[56258,52487],[0,1]],[[56258,52488],[-19,74],[38,40],[11,127],[-42,56]],[[56245,52785],[1,0]],[[56246,52785],[25,23]],[[56271,52807],[0,1]],[[56271,52808],[9,13]],[[56281,52821],[-1,0]],[[56280,52821],[0,14]],[[56281,52835],[-1,0]],[[56280,52835],[9,14]],[[56290,52849],[-1,0]],[[56289,52849],[-37,51]],[[56252,52899],[0,1]],[[56252,52900],[-14,91]],[[56237,52991],[1,0]],[[56238,52991],[-1,30]],[[56238,53021],[-1,0]],[[56237,53021],[-58,19]],[[56179,53039],[0,1]],[[56179,53040],[-2,2]],[[56177,53042],[1,0],[-1,1],[0,-1]],[[56177,53042],[-1,3]],[[56176,53045],[0,1]],[[56176,53045],[0,1]],[[56176,53046],[-2,7]],[[56174,53052],[0,1]],[[56174,53053],[-5,7]],[[56169,53059],[0,1]],[[56169,53060],[-10,19]],[[56159,53079],[1,0],[0,1],[-1,0],[0,-1]],[[56159,53079],[-2,23]],[[56156,53102],[1,0]],[[56157,53102],[2,17]],[[56160,53119],[-1,0]],[[56159,53119],[-5,10]],[[56153,53129],[1,0]],[[56154,53129],[-43,21]],[[56111,53149],[0,1]],[[56111,53150],[-1,12]],[[56110,53162],[-1,0]],[[56110,53162],[-1,0]],[[56109,53162],[-5,0]],[[56104,53161],[0,1]],[[56104,53162],[-16,10]],[[56088,53172],[-1,0],[1,1],[0,-1]],[[56088,53172],[-2,5]],[[56086,53178],[0,-1]],[[56086,53177],[-12,10]],[[56074,53186],[0,1]],[[56074,53187],[-11,1]],[[56063,53188],[1,0],[0,1],[-1,0],[0,-1]],[[56063,53188],[-29,-13]],[[56034,53174],[0,1]],[[56034,53175],[-22,3]],[[56012,53179],[0,-1]],[[56012,53178],[-4,-7]],[[56008,53170],[0,1]],[[56008,53171],[-4,-5]],[[56003,53165],[1,1]],[[56004,53166],[-1,-1]],[[56003,53165],[-9,4]],[[55994,53170],[0,-1]],[[55994,53169],[-12,-2]],[[55982,53166],[0,1]],[[55982,53167],[-4,5]],[[55978,53173],[0,-1]],[[55978,53172],[-35,53]],[[55943,53226],[0,-1]],[[55943,53225],[2,3]],[[55945,53228],[-1,0],[0,1],[1,0],[0,-1]],[[55945,53228],[-1,15]],[[55945,53243],[-1,0]],[[55944,53243],[-1,4]],[[55943,53246],[0,1]],[[55943,53247],[3,9]],[[55946,53256],[-1,-1],[0,1],[1,0]],[[55946,53256],[-1,2]],[[55945,53258],[0,-1],[-1,0],[0,1],[1,0]],[[55945,53258],[1,2]],[[55946,53259],[0,1]],[[55946,53260],[2,5]],[[55949,53265],[-1,0]],[[55948,53265],[1,11]],[[55948,53276],[1,0]],[[55949,53276],[-1,0]],[[55948,53276],[-5,12]],[[55943,53288],[0,1]],[[55943,53288],[0,1]],[[55943,53289],[-6,10]],[[55937,53298],[0,1]],[[55937,53299],[0,29]],[[55937,53329],[0,-1]],[[55937,53328],[3,24]],[[55940,53351],[0,1]],[[55940,53352],[-40,44]],[[55900,53395],[0,1]],[[55900,53396],[-1,4]],[[55900,53400],[-1,0]],[[55899,53400],[-3,4]],[[55897,53404],[-1,0]],[[55896,53404],[0,2]],[[55897,53406],[-1,0]],[[55896,53406],[-7,5]],[[55889,53412],[0,-1]],[[55889,53411],[-4,3]],[[55885,53414],[1,0],[0,2],[-1,0],[0,-2]],[[55885,53414],[-9,14]],[[55876,53428],[0,-1],[-1,0],[0,1],[1,0]],[[55876,53428],[-6,8]],[[55870,53435],[0,1]],[[55870,53436],[-2,-2]],[[55869,53434],[-1,0]],[[55868,53434],[-3,1]],[[55865,53436],[0,-1]],[[55865,53435],[-4,7]],[[55861,53441],[0,1]],[[55861,53442],[0,5]],[[55861,53446],[0,1]],[[55861,53447],[-22,20]],[[55839,53466],[0,1]],[[55839,53467],[-8,5]],[[55831,53471],[0,1]],[[55831,53472],[-3,9]],[[55828,53481],[1,0],[0,1],[-1,0],[0,-1]],[[55828,53481],[-3,-11]],[[55825,53469],[0,1]],[[55825,53470],[-4,3]],[[55821,53474],[0,-1]],[[55821,53473],[-10,15]],[[55811,53489],[0,-1]],[[55811,53488],[-28,20]],[[55783,53508],[0,-1],[-1,0],[0,1],[1,0]],[[55783,53508],[-21,19]],[[55762,53528],[0,-1]],[[55762,53527],[1,0]],[[55763,53528],[0,-1]],[[55763,53527],[8,6]],[[55772,53533],[-1,0]],[[55771,53533],[-25,39]],[[55746,53571],[0,1]],[[55746,53572],[-45,4],[-2,39]],[[55700,53615],[-1,0]],[[55699,53615],[-6,46],[-34,3]],[[55659,53665],[0,-1]],[[55659,53664],[-20,12],[-234,-395]],[[55405,53281],[1,0]],[[55406,53281],[0,1]],[[55406,53282],[1,1]],[[55407,53283],[-103,130],[-127,5],[-9,72]],[[55168,53490],[0,-1],[-1,0],[0,1],[1,0]],[[55168,53490],[27,44]],[[55195,53534],[-1,0],[-1,1],[2,0],[0,-1]],[[55195,53534],[-3,7]],[[55191,53541],[1,0]],[[55192,53541],[-1,3]],[[55191,53544],[0,-2],[-1,0],[0,2],[1,0]],[[55191,53544],[3,9]],[[55194,53554],[0,-1]],[[55194,53553],[-73,41],[-34,118],[-285,-285]],[[54802,53428],[0,-1]],[[54802,53427],[-1,-7]],[[54801,53420],[1,0],[0,-1],[-1,0],[0,1]],[[54801,53420],[-5,-48]],[[54795,53372],[1,0]],[[54796,53372],[-136,-290]],[[54659,53082],[1,0]],[[54660,53082],[-88,-147],[25,-86],[-24,-89]],[[77048,40441],[-2,-4],[-3,1],[3,4],[2,-1]],[[77066,40985],[32,17],[19,19],[-9,-17],[-40,-29],[-2,10]],[[76028,39492],[-1229,914]],[[74799,40406],[-91,150],[113,67],[85,113],[-97,143],[-6,149],[-132,38],[-147,284],[-18,-83],[-38,82],[-55,-34],[-40,40],[9,107],[-108,-3],[-66,127],[14,80],[-85,113],[-227,99],[55,42],[-15,76],[29,37],[-37,47],[136,111],[-54,83],[44,134],[-49,48],[-10,82],[48,112],[-32,100],[58,209],[65,53],[80,223],[143,-59],[109,66],[77,-88],[64,42],[47,-24],[77,143],[-24,100],[-195,50],[79,130],[-7,156],[83,262],[63,-1],[29,40],[169,-55],[-33,106]],[[74909,44102],[0,1]],[[74909,44103],[5,37]],[[74913,44140],[1,0]],[[74914,44140],[24,14]],[[74937,44154],[1,0]],[[74938,44154],[0,1]],[[74937,44155],[1,0]],[[74938,44155],[6,14]],[[74944,44170],[0,-1]],[[74944,44169],[1,1]],[[74946,44171],[-1,-1]],[[74945,44170],[5,6]],[[74950,44176],[-1,0],[0,1],[1,0],[0,-1]],[[74950,44176],[1,2]],[[74951,44179],[0,-1]],[[74951,44178],[0,1]],[[74951,44179],[82,108]],[[75034,44287],[-1,0]],[[75033,44287],[2,11]],[[75034,44298],[1,0]],[[75035,44298],[0,2]],[[75034,44300],[1,0]],[[75035,44300],[40,104],[3,-72],[60,-31],[173,380],[56,-37],[30,75],[79,36],[-44,97],[118,131],[-30,136],[36,-5],[53,76],[-56,118],[-119,113],[46,61],[-198,-5],[-137,107],[0,52],[-28,-2],[29,77],[-34,-34],[-9,69],[-47,-39],[-74,34],[-69,-22],[11,100],[-76,15],[-68,151],[-323,-51],[-107,46],[-81,135],[-43,-57],[-62,19],[-21,-76],[-98,-15],[-10,70],[-59,13],[-28,88],[-51,54],[-34,-34],[-123,158],[-91,-33],[4,-60],[-67,-26],[-23,86],[-87,87],[-50,-95],[-87,-29],[-47,7],[-26,79],[-108,32],[-95,-168],[-159,-13],[-113,-71],[-30,-65],[-162,90],[-256,-20],[-56,627],[-988,1026],[-151,-38],[-137,-153],[-145,40],[-208,-71],[-181,259],[-203,-102],[-147,117],[-52,-47],[-44,69],[-147,23],[9,102],[-86,14],[-273,238],[-61,-54],[-172,160],[-43,-7],[-70,100],[-140,63],[-111,141],[-130,59],[-27,93],[-278,69],[-42,-45],[-38,58],[-167,64],[-299,-49],[-78,-67],[-196,-69],[-62,-110],[-41,-5],[26,-50],[-133,-73],[-16,83],[-97,83],[-76,-23],[-160,99],[-72,-21],[17,37],[-30,43],[-296,62],[-59,99],[33,34],[-36,95],[28,155],[122,347],[81,128],[-87,42],[4,29],[-59,-26],[-12,35],[-82,1],[-5,37],[-112,-30],[-120,101],[-84,-60],[-86,8],[-3,39],[-30,-19],[-54,50],[-51,-61],[-4,47],[-73,-12],[-103,91],[-3,-30],[-50,11],[-15,-50],[-156,50],[-97,-83],[-148,-35],[-132,-108],[-170,-28],[-152,-140],[-55,-3],[-22,-73],[-45,19],[-28,-85],[-50,2],[-156,-122],[-54,16],[10,-37],[-43,13],[20,-102],[-50,-15],[-26,-67],[33,13],[1,-37],[-147,-57],[-16,-42],[-141,-62],[-9,-45],[-122,-48],[-95,-176],[-180,42],[-93,-32],[-184,-188],[7,-37],[-68,3],[0,-51],[-105,-52],[-80,-118],[-77,-11],[-45,-82],[-248,23],[-125,-193],[-75,-18],[-39,-137],[-94,-34],[-11,-48],[-230,-9],[-101,-110],[-105,65],[-78,-16],[-68,-144],[-100,-15],[-51,-147],[-50,-15],[-101,179],[156,70],[15,128],[151,203],[20,151],[-12,79],[-79,60],[8,60],[-79,70]],[[61911,48366],[32,49],[-36,75],[50,21],[43,93],[-1,189],[-62,70],[85,57],[11,95],[-30,47],[50,165],[-55,42],[9,88],[-51,42],[42,65],[-22,54],[76,-22],[96,62],[56,140],[-77,31],[-46,147],[-77,21],[5,55],[-69,-12],[-59,41],[-18,127],[-90,-33],[-2,47],[-44,-2],[10,79],[-146,7],[-90,133],[-14,117],[50,111],[-35,32],[9,73],[-93,53],[-11,95],[77,177],[-92,50],[22,55],[-39,32],[130,76],[-89,78],[61,64],[-12,40],[-50,7],[57,101],[166,124],[-54,73],[-134,-9],[23,61],[-22,85],[49,48],[-27,41],[63,55],[-90,88],[252,143],[149,206],[-77,97],[-419,-152],[-57,30],[40,122],[-65,23],[57,116],[-29,52],[48,106],[-90,113],[77,60],[56,138],[334,155],[43,70],[-17,37]],[[61748,53382],[-135,-35]],[[61613,53346],[0,1]],[[61613,53347],[-69,-48],[-134,30],[-143,-49],[34,24]],[[61301,53304],[0,-1],[1,0],[0,1],[-1,0]],[[61301,53304],[6,100],[51,28]],[[61359,53432],[-1,0]],[[61358,53432],[-18,108]],[[61340,53540],[1,0]],[[61341,53540],[-1,0]],[[61340,53540],[1,1]],[[61341,53540],[0,1]],[[61341,53541],[3,1]],[[61344,53542],[0,-1],[1,1],[-1,0]],[[61344,53542],[43,39]],[[61387,53580],[0,1]],[[61387,53581],[5,64],[-29,8]],[[61362,53651],[-1,-1],[-1,0],[0,1],[2,0]],[[61362,53651],[1,2]],[[61363,53653],[-5,7]],[[61358,53659],[0,1]],[[61358,53660],[-4,0]],[[61353,53660],[1,0]],[[61354,53660],[-1,0]],[[61353,53660],[-4,3]],[[61349,53664],[0,-1]],[[61349,53663],[-2,0]],[[61347,53664],[0,-1]],[[61347,53663],[-2,-2]],[[61345,53661],[0,0]],[[61344,53661],[1,0]],[[61345,53661],[0,-1]],[[61344,53660],[1,0]],[[61345,53659],[0,1]],[[61345,53660],[3,20]],[[61349,53680],[-1,0]],[[61348,53680],[3,14]],[[61351,53694],[1,0]],[[61353,53694],[-1,0]],[[61352,53694],[-1,0]],[[61351,53694],[-25,2]],[[61325,53696],[1,0]],[[61326,53696],[-1,0]],[[61325,53696],[-13,-3]],[[61312,53694],[0,-1]],[[61312,53693],[1,23]],[[61312,53716],[1,0]],[[61313,53716],[29,22]],[[61342,53739],[0,-1]],[[61342,53738],[3,9]],[[61345,53748],[0,-1]],[[61345,53747],[11,5]],[[61356,53753],[0,-1]],[[61356,53752],[12,13]],[[61367,53765],[1,0]],[[61368,53765],[5,13]],[[61373,53778],[1,0],[0,1],[-1,0],[0,-1]],[[61373,53778],[-3,-2]],[[61370,53775],[0,1]],[[61370,53776],[-25,6]],[[61345,53782],[0,1],[-1,-1],[1,0]],[[61345,53782],[2,6]],[[61347,53787],[0,1]],[[61347,53788],[2,8]],[[61349,53795],[0,1]],[[61349,53796],[21,47]],[[61370,53842],[0,1]],[[61370,53843],[28,17]],[[61399,53860],[-1,0]],[[61398,53860],[6,44],[-66,11]],[[61338,53916],[0,-1]],[[61338,53915],[13,21]],[[61351,53937],[0,-1]],[[61351,53936],[-30,34],[27,10]],[[61348,53979],[0,1]],[[61348,53980],[58,60]],[[61406,54039],[0,1]],[[61406,54040],[0,28]],[[61407,54068],[-1,0]],[[61406,54068],[-1,0]],[[61405,54068],[-1,0]],[[61405,54068],[-1,0]],[[61404,54069],[0,-1]],[[61404,54068],[-1,0]],[[61403,54067],[0,1]],[[61403,54068],[-2,-1]],[[61401,54068],[0,-1]],[[61401,54067],[-2,0]],[[61399,54066],[0,1]],[[61399,54067],[-9,5]],[[61390,54071],[0,1]],[[61390,54072],[-9,16]],[[61381,54087],[0,1]],[[61381,54088],[-25,11]],[[61356,54100],[0,-1]],[[61356,54099],[-26,-5]],[[61330,54095],[0,-1]],[[61330,54094],[-8,0]],[[61322,54095],[0,-1]],[[61322,54094],[40,83]],[[61361,54177],[1,0]],[[61362,54177],[16,25]],[[61378,54201],[0,1]],[[61378,54202],[3,16]],[[61381,54218],[0,1]],[[61381,54218],[0,1]],[[61381,54219],[-12,3]],[[61369,54221],[0,1]],[[61369,54222],[-19,17]],[[61350,54239],[0,-1],[-1,0],[0,1],[1,0]],[[61350,54239],[-3,7]],[[61347,54245],[0,1]],[[61347,54246],[-19,-2]],[[61328,54245],[0,-1]],[[61328,54244],[-4,24]],[[61323,54268],[1,0]],[[61324,54269],[0,-1]],[[61324,54268],[73,6],[2,50]],[[61398,54324],[-4,0],[0,1],[4,0],[0,-1]],[[61398,54324],[1,0]],[[61399,54324],[16,14]],[[61416,54338],[-1,0]],[[61415,54338],[0,2]],[[61415,54340],[-1,0],[0,1],[1,-1]],[[61415,54340],[123,88]],[[61537,54428],[1,0]],[[61538,54428],[0,19]],[[61539,54447],[-1,0]],[[61538,54447],[-9,9]],[[61529,54457],[0,-1]],[[61529,54456],[-5,1]],[[61524,54457],[-1,0]],[[61524,54457],[-1,0]],[[61523,54457],[-1,-3]],[[61523,54454],[-1,0]],[[61522,54454],[-52,-10]],[[61470,54443],[0,1]],[[61470,54444],[-76,-28],[12,35]],[[61405,54451],[1,0]],[[61406,54451],[14,70],[-24,3]],[[61396,54524],[-1,-1],[0,1],[1,0]],[[61396,54524],[3,3]],[[61398,54527],[1,0]],[[61399,54527],[15,19]],[[61414,54547],[0,-1]],[[61414,54546],[-19,15]],[[61395,54560],[0,1]],[[61395,54561],[-8,3]],[[61387,54565],[0,-1]],[[61387,54564],[-11,34]],[[61375,54598],[1,0]],[[61376,54598],[7,51]],[[61383,54649],[-1,-1]],[[61381,54648],[1,0]],[[61382,54648],[1,1]],[[61383,54649],[-6,10]],[[61376,54659],[1,0]],[[61377,54659],[-11,-32],[-10,36]],[[61355,54663],[1,0]],[[61356,54663],[-1,4]],[[61354,54667],[1,0]],[[61355,54667],[-1,0]],[[61354,54667],[0,0]],[[61354,54667],[-31,0],[9,-54]],[[61332,54613],[2,0],[0,-1],[-2,-1],[0,2]],[[61332,54613],[-56,-69],[-32,32],[6,98]],[[61250,54673],[0,1]],[[61250,54674],[61,32]],[[61311,54707],[0,-1]],[[61311,54706],[21,25]],[[61331,54731],[1,0]],[[61332,54731],[23,43],[-59,45]],[[61296,54820],[0,-1]],[[61296,54819],[-1,-3]],[[61295,54815],[0,1]],[[61295,54816],[-44,-5]],[[61251,54811],[0,1]],[[61251,54811],[0,1]],[[61251,54812],[-62,-16],[54,39]],[[61243,54836],[0,-1]],[[61243,54835],[-29,9]],[[61214,54843],[0,1]],[[61214,54844],[-11,-12]],[[61203,54831],[0,1]],[[61203,54832],[-40,-1]],[[61162,54831],[1,0]],[[61163,54831],[36,48]],[[61199,54879],[0,0]],[[61199,54879],[1,1]],[[61200,54880],[0,0]],[[61200,54880],[18,49]],[[61218,54928],[0,-1],[1,0],[0,1],[-1,0]],[[61218,54928],[0,1]],[[61218,54929],[1,14]],[[61219,54943],[1,-1],[-1,0],[0,1]],[[61219,54943],[-2,1]],[[61216,54944],[1,0]],[[61217,54944],[-3,5]],[[61213,54949],[1,0]],[[61214,54949],[1,1]],[[61215,54951],[0,-1]],[[61215,54950],[8,-3]],[[61223,54947],[0,0]],[[61223,54947],[1,1]],[[61224,54948],[0,0]],[[61224,54948],[-15,17]],[[61209,54964],[0,1]],[[61209,54965],[-13,13]],[[61196,54979],[0,-1]],[[61196,54978],[-32,-8]],[[61164,54970],[-1,-1]],[[61163,54969],[0,-1],[-1,0],[0,1],[1,0]],[[61163,54969],[1,1]],[[61164,54970],[-23,24],[32,61]],[[61173,55056],[0,-1]],[[61173,55055],[-8,-1]],[[61166,55054],[-1,0]],[[61165,55054],[2,15]],[[61168,55069],[-1,0]],[[61167,55069],[-5,8]],[[61162,55078],[0,-1]],[[61162,55077],[-17,4]],[[61145,55080],[0,1]],[[61145,55081],[-5,14]],[[61140,55094],[0,1]],[[61140,55095],[37,41]],[[61178,55136],[-1,0]],[[61177,55136],[0,22]],[[61178,55158],[-1,0]],[[61177,55158],[2,8]],[[61180,55166],[-1,0]],[[61179,55166],[4,7]],[[61184,55173],[-1,0]],[[61183,55173],[-23,16]],[[61160,55188],[0,1]],[[61160,55189],[-1,0]],[[61159,55188],[0,1]],[[61159,55189],[3,14]],[[61162,55203],[-3,0],[0,1],[3,0],[0,-1]],[[61162,55203],[-4,29]],[[61158,55231],[0,1]],[[61158,55232],[-20,5]],[[61138,55238],[0,-1]],[[61138,55237],[-2,1]],[[61136,55239],[0,-1]],[[61136,55238],[-23,-9]],[[61113,55230],[0,-1]],[[61113,55229],[-23,-3],[64,47],[-56,61],[40,0],[41,116],[-63,51]],[[61115,55501],[1,0]],[[61116,55501],[32,26]],[[61147,55527],[1,0]],[[61148,55527],[-3,3]],[[61144,55530],[1,0]],[[61145,55530],[-2,5]],[[61142,55535],[1,0]],[[61143,55535],[0,68]],[[61143,55602],[0,1]],[[61143,55603],[-15,8]],[[61127,55611],[1,0]],[[61128,55611],[-192,0],[83,51]],[[61019,55662],[0,0]],[[61019,55661],[0,1]],[[61019,55662],[0,-1]],[[61019,55661],[0,-1]],[[61020,55660],[-1,0]],[[61019,55660],[8,-6]],[[61027,55655],[0,-1]],[[61027,55654],[3,2]],[[61030,55657],[0,-1]],[[61030,55656],[43,32]],[[61073,55689],[0,-1]],[[61073,55688],[22,14]],[[61096,55702],[-1,0]],[[61095,55702],[17,-31],[31,57]],[[61143,55729],[0,-1]],[[61143,55728],[28,19]],[[61170,55747],[1,0]],[[61171,55747],[21,33]],[[61191,55780],[1,0]],[[61192,55780],[94,85]],[[61286,55866],[0,-1]],[[61286,55865],[102,33]],[[61388,55899],[0,-1]],[[61388,55898],[109,7]],[[61497,55904],[0,1]],[[61497,55905],[4,5]],[[61500,55910],[1,0]],[[61501,55910],[29,21]],[[61530,55930],[0,1]],[[61530,55931],[45,8],[8,41]],[[61583,55979],[0,1]],[[61583,55980],[-29,-6]],[[61554,55975],[0,-1]],[[61554,55974],[-35,-8]],[[61519,55967],[0,-1]],[[61519,55966],[-25,-10]],[[61494,55957],[0,-1]],[[61494,55956],[-1,0]],[[61493,55957],[0,-1]],[[61493,55956],[-28,-12]],[[61465,55943],[0,1]],[[61465,55944],[-5,0]],[[61460,55943],[0,1]],[[61460,55944],[-33,3]],[[61427,55946],[0,1]],[[61427,55947],[-124,15]],[[61302,55962],[1,0]],[[61303,55962],[-107,63]],[[61195,56025],[1,0]],[[61196,56025],[-1,0]],[[61195,56025],[-17,8]],[[61178,56034],[0,-1]],[[61178,56033],[-8,13]],[[61170,56047],[0,-1]],[[61170,56046],[-8,18]],[[61161,56064],[1,0]],[[61162,56064],[-6,12]],[[61156,56076],[-1,-2],[-1,0],[0,2],[2,0]],[[61156,56076],[3,13]],[[61159,56088],[0,1]],[[61159,56089],[1,6]],[[61159,56094],[1,1]],[[61160,56095],[-2,11]],[[61159,56106],[-1,0]],[[61158,56106],[16,65],[47,-9]],[[61221,56160],[0,2]],[[61221,56162],[-8,15]],[[61213,56177],[0,-1],[-1,-1],[0,1],[1,1]],[[61213,56177],[-2,4]],[[61212,56181],[-1,0]],[[61211,56181],[-2,16]],[[61208,56197],[1,0]],[[61208,56198],[1,-1]],[[61209,56197],[14,13]],[[61222,56210],[1,0]],[[61223,56210],[19,-2]],[[61242,56208],[0,0]],[[61242,56209],[0,-1]],[[61242,56208],[1,1]],[[61243,56209],[-1,0]],[[61242,56209],[1,0]],[[61243,56209],[13,28]],[[61256,56237],[-1,-1],[0,1],[1,0]],[[61256,56237],[-22,39]],[[61235,56276],[-1,0]],[[61234,56276],[33,38]],[[61267,56315],[0,-1]],[[61267,56314],[4,5]],[[61270,56319],[1,0]],[[61271,56319],[-1,2]],[[61270,56320],[0,1]],[[61270,56321],[-71,-20],[39,47],[-71,-20],[2,54]],[[61169,56381],[0,1]],[[61169,56382],[21,19]],[[61190,56402],[0,-1]],[[61190,56401],[2,-1]],[[61193,56400],[-1,0]],[[61192,56400],[0,-5]],[[61192,56396],[0,-1]],[[61192,56395],[4,-1]],[[61196,56395],[0,-1]],[[61196,56394],[0,-1]],[[61196,56392],[0,1]],[[61196,56393],[57,9],[16,43]],[[61268,56445],[1,0]],[[61269,56445],[-3,23]],[[61266,56468],[2,0]],[[61268,56468],[49,70],[-20,28]],[[61297,56567],[0,-1]],[[61297,56566],[-52,39]],[[61244,56605],[1,0]],[[61245,56605],[-5,10]],[[61240,56616],[0,-1]],[[61240,56615],[5,13]],[[61245,56629],[0,-1]],[[61245,56628],[-39,44]],[[61206,56672],[0,-1],[-1,0],[0,1],[1,0]],[[61206,56672],[-11,3]],[[61195,56676],[0,-1]],[[61195,56675],[-8,-7]],[[61187,56668],[1,-1],[-1,-1],[0,2]],[[61187,56668],[-13,-10]],[[61174,56657],[0,1]],[[61174,56658],[-46,-2]],[[61128,56656],[-5,-5],[-1,0],[0,6],[6,-1]],[[61128,56656],[34,32]],[[61163,56688],[-1,0]],[[61162,56688],[-1,19]],[[61160,56707],[1,0]],[[61161,56707],[40,17]],[[61200,56724],[1,0]],[[61201,56724],[3,2]],[[61204,56725],[0,1]],[[61204,56726],[1,-9]],[[61205,56716],[0,1]],[[61205,56717],[13,-8]],[[61218,56709],[0,1],[1,0],[-1,-1]],[[61218,56709],[31,27]],[[61250,56736],[-1,0]],[[61249,56736],[32,6]],[[61280,56742],[1,0]],[[61281,56742],[23,-2]],[[61304,56741],[0,-1]],[[61304,56740],[11,-2]],[[61315,56737],[0,1]],[[61315,56738],[4,3]],[[61319,56742],[0,-1]],[[61319,56741],[36,-17]],[[61355,56724],[1,1],[0,-1],[-1,0]],[[61355,56724],[103,21]],[[61459,56745],[-1,0]],[[61458,56745],[17,-12]],[[61476,56733],[-1,0]],[[61475,56733],[0,-1]],[[61476,56732],[-1,0]],[[61475,56732],[0,-13]],[[61475,56718],[0,1]],[[61475,56719],[-2,-11]],[[61474,56708],[-1,0]],[[61473,56708],[14,-24]],[[61486,56684],[1,0]],[[61487,56684],[8,-7]],[[61495,56678],[0,-1]],[[61495,56677],[2,-9]],[[61496,56668],[1,0]],[[61497,56668],[4,-9]],[[61501,56658],[0,1]],[[61501,56659],[19,-3]],[[61520,56657],[0,-1]],[[61520,56656],[36,-5]],[[61557,56651],[-1,0]],[[61556,56651],[18,-12]],[[61574,56638],[0,1]],[[61574,56639],[17,-9]],[[61591,56629],[0,1]],[[61591,56630],[53,3]],[[61644,56632],[0,1]],[[61644,56633],[1,0]],[[61645,56633],[0,2],[2,1],[-1,-3],[-1,0]],[[61645,56633],[7,-4]],[[61652,56628],[0,1]],[[61652,56629],[26,69],[141,2],[-284,97],[-92,127],[-213,76],[-209,-35],[-184,147],[-16,225],[-81,9],[-16,88],[51,191],[466,829],[165,12],[15,314],[76,75],[45,-45],[21,138],[103,142],[-24,81],[24,60],[619,341],[110,115],[51,346],[159,27],[61,139],[-6,203],[-48,61]],[[62612,60463],[86,5],[181,117],[79,-81],[11,-183],[80,-67],[26,-135],[187,-179],[12,-172],[64,-47],[-114,-160],[0,-132],[33,-184],[105,-54],[59,-206],[199,-113],[45,-117],[388,-47],[314,-227],[159,117],[28,-46],[86,90],[50,153],[59,4],[3,44],[95,66],[104,5],[2,199],[100,23],[81,113],[187,-53],[98,107],[128,5],[137,148],[68,-44],[93,-151],[111,26],[144,-74],[85,118],[85,43],[47,190],[56,79],[-22,103],[27,69],[113,-62],[125,15],[3,109],[173,210],[-1,134],[129,178],[29,257],[162,7],[5,84],[63,90],[-10,51],[-81,60],[28,94],[-41,42],[123,190],[-291,197],[-28,169],[-99,152],[-19,224],[160,259],[238,103],[218,237],[91,30],[102,100],[75,8],[64,-39],[136,-223],[70,-19],[113,-135],[143,64],[50,-53],[73,111],[52,-27],[31,40],[92,-70],[42,10],[8,-61],[156,45],[66,-79],[-12,-96],[41,-130],[83,-12],[73,-99],[80,35],[37,-177],[112,0],[27,77],[91,85],[-9,64],[91,-46],[124,19],[78,114],[212,6],[8,84],[108,15],[39,109],[131,82],[15,75],[91,92],[104,16],[85,69],[291,6],[72,64],[93,16],[55,-42],[61,45],[121,-77],[105,106],[72,-13],[84,242],[144,136],[19,201],[111,16],[15,52],[92,14],[49,69],[133,-11],[97,252],[172,156],[90,239],[56,4]],[[72282,64174],[54,-51],[117,-22],[120,81],[253,2],[-26,-125],[53,-76],[143,-9],[33,-148],[94,52],[53,-53],[75,22],[154,-300],[70,-330],[244,-153],[55,8],[39,-55],[-60,-190],[19,-110],[-156,-99],[40,-103],[-64,-231],[105,9],[203,-105],[160,64],[54,110],[141,-15],[104,175],[127,-69],[55,50],[117,446],[-2,175],[69,139],[71,17],[130,-128],[78,-10],[142,121],[239,38],[187,293],[-65,193],[22,77],[231,25],[90,64],[121,-12],[48,46],[-43,303],[212,29],[463,302],[92,-65],[135,-18],[91,-174],[-6,-129],[38,-68],[105,11],[27,38],[55,-54],[236,-57],[187,-179],[188,53],[158,-25],[200,-176],[36,-213],[81,-99],[58,2],[41,72],[5,168],[75,147],[71,22],[133,-66],[17,-103],[-103,-138],[79,-148],[167,-96],[102,97],[87,28],[60,-84],[14,-63],[-80,-79],[48,-48],[-37,-85],[79,-126],[-5,-97],[111,-289]],[[79196,62580],[96,-143],[-23,-85],[112,-64],[169,7],[22,-45],[126,-52],[17,-93]],[[79715,62105],[-85,-174]],[[79630,61930],[0,1]],[[79630,61931],[-3,-1]],[[79627,61931],[0,-1]],[[79627,61930],[-40,-11],[16,-110]],[[79603,61808],[0,1]],[[79603,61809],[-3,-4]],[[79599,61805],[1,0]],[[79600,61805],[83,-17]],[[79683,61789],[0,-1]],[[79683,61788],[1,-8]],[[79684,61781],[0,-1]],[[79684,61780],[0,-1]],[[79683,61779],[1,0]],[[79684,61779],[19,-17],[-52,-30],[-28,-92],[47,-206]],[[79670,61435],[0,-1]],[[79670,61434],[40,-92]],[[79711,61342],[-1,0]],[[79710,61342],[11,-23]],[[79722,61319],[-1,0]],[[79721,61319],[0,-33]],[[79721,61287],[0,-1]],[[79721,61286],[5,-25]],[[79726,61260],[0,1]],[[79726,61261],[-9,-33]],[[79717,61227],[0,1]],[[79717,61228],[-17,7]],[[79700,61236],[0,-1]],[[79700,61235],[8,-38]],[[79708,61196],[0,1]],[[79708,61197],[19,-21]],[[79727,61177],[0,-1]],[[79727,61176],[10,-30]],[[79738,61146],[-1,0]],[[79737,61146],[1,-3]],[[79737,61143],[1,0]],[[79738,61143],[-12,-68],[65,-54]],[[79791,61022],[0,-1]],[[79791,61021],[66,-3]],[[79857,61017],[0,1]],[[79857,61018],[3,-2]],[[79860,61017],[0,-1]],[[79860,61016],[67,74],[-11,-67],[188,-216]],[[80104,60806],[0,1]],[[80104,60807],[4,-39],[78,10],[5,-99]],[[80191,60678],[0,1]],[[80191,60679],[-30,-107],[41,-45]],[[80202,60526],[0,1]],[[80202,60527],[1,0]],[[80203,60526],[0,1]],[[80203,60527],[0,-124]],[[80204,60403],[-1,0]],[[80203,60403],[2,-11]],[[80205,60392],[0,-1]],[[80205,60392],[0,-1]],[[80205,60391],[0,-1]],[[80204,60390],[1,0]],[[80205,60390],[2,-6]],[[80207,60385],[0,-1]],[[80207,60384],[4,-5]],[[80210,60379],[1,0]],[[80211,60379],[9,-3]],[[80220,60377],[0,-1]],[[80220,60376],[63,-125],[-42,-35],[36,-74]],[[80278,60142],[-1,0]],[[80277,60142],[-42,-22],[56,-126],[-46,-9]],[[80245,59986],[0,-1]],[[80245,59985],[-47,-12]],[[80197,59973],[1,0]],[[80198,59973],[-3,-5]],[[80194,59968],[1,0]],[[80195,59968],[-60,-49]],[[80134,59919],[1,0]],[[80135,59919],[-1,-3]],[[80133,59916],[1,0]],[[80134,59916],[-17,-9]],[[80118,59907],[-1,0]],[[80117,59907],[-29,-17]],[[80088,59891],[0,-1]],[[80088,59890],[-5,-1]],[[80084,59889],[-1,0]],[[80083,59889],[-4,1]],[[80079,59891],[0,-1]],[[80079,59890],[0,-1]],[[80080,59889],[-1,0]],[[80079,59889],[1,-5]],[[80081,59884],[-1,0]],[[80080,59884],[1,0]],[[80081,59884],[-1,-55]],[[80080,59830],[0,-1]],[[80080,59829],[-4,-1]],[[80076,59827],[0,1]],[[80076,59828],[-9,-3]],[[80066,59825],[1,0]],[[80067,59825],[-11,-3]],[[80056,59822],[-1,0]],[[80056,59822],[-1,0]],[[80055,59822],[-21,-55]],[[80033,59767],[1,0]],[[80034,59767],[46,-81]],[[80081,59686],[-1,0]],[[80080,59686],[44,-87]],[[80123,59599],[1,0]],[[80124,59599],[3,-18]],[[80127,59580],[0,1]],[[80127,59581],[0,-1]],[[80127,59580],[2,-32]],[[80129,59549],[0,-1]],[[80129,59548],[-7,-44]],[[80123,59504],[-1,0]],[[80122,59504],[-27,-55]],[[80095,59448],[0,1]],[[80095,59449],[1,-86],[33,-12]],[[80128,59351],[1,0]],[[80129,59351],[22,-29]],[[80151,59323],[0,-1]],[[80151,59322],[-2,-14]],[[80148,59308],[1,0]],[[80149,59308],[-5,-204]],[[80143,59104],[1,0]],[[80144,59104],[-51,14],[-33,-49],[-137,-41],[-80,-105],[-69,-4],[-123,79],[-18,67],[-33,-25]],[[79601,59040],[-1,0]],[[79600,59040],[-3,-2]],[[79597,59039],[0,-1]],[[79597,59038],[-9,-3]],[[79588,59036],[0,-1]],[[79588,59035],[-1,0]],[[79587,59034],[0,1]],[[79587,59035],[-23,-6]],[[79564,59030],[0,-1]],[[79564,59029],[-5,1]],[[79560,59030],[-1,0]],[[79559,59030],[-68,4]],[[79492,59034],[-1,0]],[[79491,59034],[-3,-2]],[[79488,59031],[0,1]],[[79488,59032],[-32,-8]],[[79456,59023],[0,1]],[[79456,59024],[-3,-1]],[[79453,59024],[0,-1]],[[79453,59023],[-11,3]],[[79442,59027],[0,-1]],[[79442,59026],[-11,-7]],[[79431,59020],[0,-1]],[[79431,59019],[-3,-4]],[[79428,59014],[0,1]],[[79428,59015],[-6,5]],[[79422,59020],[0,0]],[[79421,59020],[1,0]],[[79422,59020],[-9,1]],[[79413,59020],[0,1]],[[79413,59021],[-7,-1]],[[79405,59020],[1,0]],[[79406,59020],[-7,3]],[[79399,59024],[0,-1]],[[79399,59023],[-11,3]],[[79388,59027],[0,-1]],[[79388,59026],[-7,3]],[[79381,59028],[0,1]],[[79381,59029],[-8,5]],[[79373,59034],[0,0]],[[79373,59034],[-1,1]],[[79372,59035],[0,0]],[[79372,59035],[-10,4]],[[79362,59040],[0,-1]],[[79362,59039],[-6,-4]],[[79357,59035],[-1,0]],[[79356,59035],[-1,1]],[[79355,59035],[0,1]],[[79355,59036],[-5,0]],[[79350,59037],[0,-1]],[[79350,59036],[-20,17]],[[79330,59052],[0,1]],[[79330,59053],[-4,0]],[[79326,59052],[0,1]],[[79326,59053],[-8,0]],[[79318,59052],[0,1]],[[79318,59053],[-9,-6]],[[79308,59047],[1,0]],[[79309,59047],[-3,-1]],[[79306,59047],[0,-1]],[[79306,59046],[0,0]],[[79306,59046],[-1,-3]],[[79305,59042],[0,1]],[[79305,59043],[-1,0]],[[79304,59044],[0,-1]],[[79304,59043],[-10,3]],[[79294,59046],[0,0]],[[79294,59046],[-1,0]],[[79294,59046],[-1,0]],[[79293,59046],[-3,-2]],[[79290,59045],[0,-1]],[[79290,59044],[-14,-1]],[[79275,59042],[1,1]],[[79276,59043],[-17,-8]],[[79258,59035],[1,0]],[[79259,59035],[-9,-53]],[[79249,58982],[1,0]],[[79250,58982],[0,-7]],[[79249,58975],[1,0]],[[79250,58975],[0,-7]],[[79249,58968],[1,0]],[[79250,58968],[0,-3]],[[79250,58966],[0,-1]],[[79250,58965],[-3,-20]],[[79248,58945],[-1,0]],[[79247,58945],[0,-50]],[[79247,58894],[0,1]],[[79247,58895],[-6,-23]],[[79242,58872],[-1,0]],[[79241,58872],[-1,-7]],[[79241,58865],[-1,0]],[[79240,58865],[-1,-2]],[[79240,58863],[-1,0]],[[79239,58863],[0,-4]],[[79239,58860],[0,-1]],[[79239,58859],[-3,-5]],[[79236,58853],[0,1]],[[79236,58854],[-3,-3]],[[79233,58852],[0,-1]],[[79233,58851],[-2,-2]],[[79232,58849],[-1,0]],[[79231,58849],[-4,-5]],[[79227,58843],[0,1]],[[79227,58844],[-2,-1]],[[79225,58844],[0,-1]],[[79225,58843],[-17,-13]],[[79208,58831],[0,-1]],[[79208,58830],[-12,-21]],[[79196,58810],[0,-1]],[[79196,58809],[0,-9]],[[79196,58801],[0,-1]],[[79196,58800],[-6,-56]],[[79190,58743],[0,1]],[[79190,58744],[12,-22]],[[79201,58722],[1,0]],[[79202,58722],[2,-8]],[[79204,58715],[0,-1]],[[79204,58714],[11,-167]],[[79216,58547],[-1,0]],[[79215,58547],[17,-42]],[[79232,58504],[0,1]],[[79232,58505],[1,-1]],[[79233,58505],[0,-1]],[[79233,58504],[1,-4]],[[79234,58499],[0,1]],[[79234,58500],[88,-56]],[[79321,58444],[1,0]],[[79322,58444],[0,-3]],[[79321,58441],[1,0]],[[79322,58441],[-7,-53]],[[79315,58387],[0,1]],[[79315,58388],[3,-3]],[[79317,58385],[1,0]],[[79318,58385],[14,-36]],[[79331,58349],[1,0]],[[79332,58349],[6,-13]],[[79339,58336],[-1,0]],[[79338,58336],[55,-43]],[[79393,58294],[0,-1]],[[79393,58293],[22,-23]],[[79416,58270],[-1,0]],[[79415,58270],[31,-9]],[[79446,58261],[0,0]],[[79445,58261],[1,0]],[[79446,58261],[38,10],[12,-58]],[[79496,58212],[0,1]],[[79496,58213],[5,-18]],[[79501,58194],[0,1]],[[79501,58195],[-5,-6]],[[79495,58189],[1,0]],[[79496,58189],[10,-10]],[[79506,58178],[0,1]],[[79506,58179],[0,-1]],[[79506,58178],[7,-6]],[[79513,58172],[0,1],[1,-1],[-1,0]],[[79513,58172],[8,-23]],[[79521,58148],[0,1]],[[79521,58149],[28,-39]],[[79549,58111],[0,-1]],[[79549,58110],[4,-6]],[[79554,58103],[0,1]],[[79554,58104],[-1,0]],[[79553,58104],[1,0]],[[79554,58104],[0,0]],[[79554,58104],[-10,-19]],[[79544,58084],[0,1]],[[79544,58085],[-5,-17]],[[79540,58068],[-1,0]],[[79539,58068],[-5,-13]],[[79535,58055],[-1,0]],[[79534,58055],[-5,-8]],[[79529,58046],[0,1]],[[79529,58047],[-13,-14]],[[79516,58032],[0,1]],[[79516,58033],[5,-4]],[[79520,58029],[1,0]],[[79521,58029],[56,-48]],[[79577,57981],[0,-1]],[[79577,57981],[0,-1]],[[79577,57980],[-1,-13]],[[79575,57967],[1,0]],[[79576,57967],[0,-9]],[[79576,57957],[0,1]],[[79576,57958],[-8,-11]],[[79568,57948],[0,-1]],[[79568,57947],[-3,-16]],[[79565,57930],[0,1]],[[79565,57931],[3,-8]],[[79567,57923],[1,0]],[[79568,57923],[5,-10]],[[79574,57913],[-1,0]],[[79573,57913],[6,-24]],[[79579,57890],[0,-1]],[[79579,57889],[5,-2]],[[79584,57887],[-1,0],[1,-1],[0,1]],[[79584,57887],[13,-25]],[[79597,57862],[0,1],[-1,0],[0,-1],[1,0]],[[79597,57862],[0,-1]],[[79596,57861],[1,0]],[[79597,57861],[2,-4]],[[79599,57858],[0,-1]],[[79599,57857],[0,0]],[[79599,57857],[7,-6]],[[79606,57851],[0,-1]],[[79606,57851],[0,-1]],[[79606,57850],[3,-2]],[[79609,57849],[0,-1]],[[79609,57848],[21,-8]],[[79630,57839],[0,1]],[[79630,57840],[21,2]],[[79651,57843],[0,-1]],[[79651,57842],[14,1]],[[79665,57842],[0,1]],[[79665,57843],[4,0]],[[79669,57842],[0,1]],[[79669,57843],[9,-8]],[[79678,57836],[0,-1]],[[79678,57835],[79,-38]],[[79757,57796],[0,1]],[[79757,57797],[0,5]],[[79756,57802],[1,0]],[[79757,57802],[23,0]],[[79781,57802],[-1,0]],[[79780,57802],[-16,-12]],[[79763,57790],[1,0]],[[79764,57790],[8,-57]],[[79773,57733],[-1,0]],[[79772,57733],[-24,-70]],[[79749,57663],[-1,0]],[[79748,57663],[-6,-45]],[[79741,57618],[1,0]],[[79742,57618],[11,-9]],[[79754,57609],[-1,0]],[[79753,57609],[-15,-16]],[[79738,57592],[0,1]],[[79738,57593],[3,-2]],[[79741,57592],[0,-1]],[[79741,57591],[-45,-39]],[[79695,57552],[1,0]],[[79696,57552],[25,-33]],[[79721,57520],[0,-1]],[[79721,57519],[21,-32]],[[79742,57488],[0,-1]],[[79742,57487],[-4,-11]],[[79738,57477],[0,-1]],[[79738,57476],[-12,-3]],[[79725,57473],[1,0]],[[79726,57473],[23,-23]],[[79749,57449],[0,1]],[[79749,57450],[-8,-7]],[[79741,57443],[0,1],[-1,0],[0,-1],[1,0]],[[79741,57443],[-9,-3]],[[79732,57441],[0,-1]],[[79731,57440],[1,0]],[[79732,57440],[59,-99],[-20,-49],[45,-9]],[[79816,57284],[0,-1]],[[79816,57283],[30,-72],[60,56],[40,-92],[36,35],[38,-7],[-17,-19]],[[80003,57183],[0,1]],[[80003,57184],[15,-20]],[[80018,57165],[0,-1]],[[80018,57164],[12,-1]],[[80030,57162],[0,1]],[[80030,57163],[29,3],[-35,-31],[23,-35]],[[80047,57101],[0,-1]],[[80047,57100],[4,-4]],[[80050,57096],[1,0]],[[80051,57096],[14,-10]],[[80065,57085],[0,1]],[[80065,57086],[31,-30]],[[80095,57056],[1,0]],[[80096,57056],[1,-1]],[[80097,57056],[0,-1]],[[80097,57055],[9,-9]],[[80107,57046],[-1,0]],[[80106,57046],[41,-19],[-8,-54],[129,-34]],[[80269,56939],[-1,0]],[[80268,56939],[59,-59],[55,34],[5,-57],[52,-15],[36,94]],[[80475,56937],[0,-1]],[[80475,56936],[22,39]],[[80498,56975],[-1,0]],[[80497,56975],[77,-57],[76,21],[11,-51]],[[80661,56887],[0,1]],[[80661,56888],[18,31],[25,-34],[82,6],[37,64],[106,3],[253,207]],[[81182,57165],[-170,-295],[-605,-1413],[-789,-1350],[-654,-808],[-100,-16],[-180,-149],[-387,-1],[-154,-118],[-109,-148],[-370,-254],[-64,-126],[-21,-184],[26,-106],[21,-48],[82,51],[39,-185],[-55,-67],[-38,-200],[71,-114],[22,-139],[-51,-56],[-28,47],[-98,-37],[20,-37],[-79,-162],[3,-123],[134,-228],[19,-136],[-138,-665],[-11,-174],[34,-67],[-182,-850],[-7,-220],[21,-167],[62,-18],[20,-356],[46,-163],[10,-792],[107,-552],[22,-399],[182,-472],[-222,-641],[11,-144],[-59,-149],[-81,-82],[-27,-174],[39,-49],[-6,-108],[-56,-32],[-62,-119],[-93,-679],[-84,-159],[-1,-275],[79,-74],[-100,-117],[-67,-436],[-69,-139],[-18,-346],[65,-365],[-5,-354],[130,-275],[-161,-148],[5,-65],[-115,-136],[-32,-106],[-105,-63],[-99,3],[4,-39],[-147,-75],[-117,-130],[-324,-593],[-94,-337],[6,30]],[[77511,48098],[1,-1],[-2,-2],[0,6],[1,-3]],[[77476,48584],[0,-1],[-3,-1],[0,3],[3,-1]],[[77473,48632],[-1,0]],[[77473,48632],[-1,0]],[[77472,48632],[1,0]],[[77467,48636],[2,2],[-1,-5],[-1,0],[0,3]],[[78169,40410],[0,-3],[4,0],[5,2],[1,-3],[-9,-3],[-2,5],[1,2]],[[78180,40410],[0,0]],[[78147,40433],[6,2],[3,-2],[-17,-3],[8,3]],[[78155,40445],[-2,-7],[-9,3],[2,7],[9,-3]],[[78175,40455],[15,-11],[-33,7],[2,4],[16,0]],[[78187,40455],[-1,1],[3,2],[0,-3],[-2,0]],[[77606,44905],[0,-3],[-1,0],[-1,3],[2,0]],[[77686,45026],[1,-2],[-3,-1],[0,1],[2,2]],[[77680,45409],[-2,-7],[-1,0],[2,7],[1,0]],[[77634,51030],[10,-1],[0,-8],[-3,0],[-7,9]],[[77585,51440],[3,-1],[-1,-4],[-3,3],[1,2]],[[77627,52183],[-2,-3],[-2,0],[5,5],[-1,-2]],[[77721,52199],[0,-3],[-2,0],[0,3],[2,0]],[[23513,92163],[-23,42],[48,106],[-1,148],[-35,74],[48,76],[-39,104],[-63,9],[-28,60],[-112,-133],[-35,83],[-166,-31],[0,65],[-27,-29],[-55,53],[-91,-42],[-110,6],[-40,43],[-39,-39],[-32,26],[-78,-31],[-170,138],[-104,-76],[-77,15],[-19,-39],[-159,62],[-27,-43],[-91,93],[33,199],[38,-2],[92,182],[0,100],[-48,47],[46,27],[-37,58],[15,77],[-44,21],[-7,111],[-131,139],[19,126],[-83,80],[2,64],[-119,14],[29,137],[-157,134],[-25,120],[108,70],[56,125],[-5,80],[92,86],[5,144],[-73,95],[58,81],[-17,112],[25,57],[-166,140],[47,83],[-120,192],[-51,-28],[33,63],[-23,41],[-109,-19],[-54,154],[-36,-16],[-176,181],[-96,11],[-38,124],[-58,-18],[-75,141],[-71,56],[33,65],[-81,34],[-15,57],[-101,41],[-14,46],[-55,-12],[-20,57],[-47,-14],[-30,66],[-42,-27],[-86,80],[24,21],[-34,204],[-43,28],[9,79],[-25,43],[-39,-13],[-12,64],[81,183],[128,-37],[54,-170],[155,-133],[20,-112],[145,-37],[99,46],[39,-33],[61,88],[78,-63],[38,73],[95,-26],[87,33],[68,-61],[34,98],[69,-30],[-27,-35],[58,-44],[63,9],[123,-76],[63,38],[183,-337],[77,-11],[49,-173],[45,-15],[22,-73],[107,164],[81,-12],[46,48],[133,-35],[87,23],[55,-74],[156,-10],[63,119],[-8,63],[122,-163],[-21,-33],[213,-165],[-11,63],[45,51],[73,-67],[80,110],[-6,85],[-74,54],[56,54],[74,6],[130,-68],[67,-81],[190,-10],[-35,-90],[14,-126],[53,-49],[230,-51],[89,-136],[-30,-139],[89,-41],[92,-134],[89,-18],[66,163],[71,11],[115,149],[88,-32],[107,-132],[30,48],[-10,192],[30,96],[-105,79],[39,59],[-72,88],[12,105],[81,98],[-47,90],[39,68],[198,3],[38,39],[193,-86],[-11,55],[64,29],[-15,77],[-38,1],[20,84],[31,1],[-10,59],[63,-14],[11,41],[77,-25],[16,108],[222,-18],[60,-87],[95,10],[211,-72],[117,-97],[75,42],[-14,65],[101,17],[5,84],[100,-13],[84,71],[123,-160],[19,106],[108,-22],[15,67],[69,-41],[43,17],[-11,83],[48,68],[66,4],[-12,52],[105,51],[12,-60],[113,49],[56,-10],[16,-54],[69,58],[42,-45],[69,23],[115,174],[-40,44],[27,178],[133,84],[25,-37],[42,23],[170,-41],[56,33],[25,75],[45,-9],[18,48],[-96,72],[2,80],[139,9],[84,-41],[8,30],[158,-136],[117,110],[212,-19],[29,69],[60,6],[2,94],[56,7],[-3,93],[-41,59],[71,51],[40,136],[111,-35],[97,115],[125,15],[174,195],[51,82],[-11,58],[60,10],[84,114],[-8,154],[-53,40],[15,73],[-81,51],[10,139],[-33,0],[-5,108],[-66,102],[-109,21],[32,49],[163,25],[49,-46],[84,11],[11,-47],[75,-28],[55,41],[132,-28],[30,26],[35,-67],[56,90],[66,17],[41,-42],[107,2],[34,61],[184,108],[40,-8],[18,-83],[48,-23],[120,71],[36,-23],[-37,2],[-15,-46],[52,-76],[27,-152],[51,3],[39,-80],[155,-70],[14,-42],[-86,-515],[-57,-154],[29,-52],[-40,-146],[31,-48],[-111,-129],[12,-98],[-118,-31],[-28,-103],[-47,20],[-9,-141],[96,-41],[65,82],[6,-43],[48,10],[-14,-71],[150,6],[66,-39],[4,75],[77,-24],[66,-104],[68,70],[30,-88],[111,-16],[36,50],[-1,-41],[88,-74],[46,8],[34,-67],[113,-58],[-30,-29],[9,-59],[-118,-143],[3,-42],[47,-1],[-67,-91],[20,-134],[106,-88],[144,-36],[-80,-161],[81,-44],[36,-58],[-12,-59],[27,29],[-5,-44],[38,1],[18,-37],[-28,-47],[88,27],[64,-84],[-25,-57],[-26,22],[-57,-36],[-7,-73],[-22,30],[5,-31],[-39,-10],[34,-177],[-46,-6],[6,-50],[-33,24],[-41,-52],[3,38],[-84,-45],[-32,-63],[37,-60],[-11,-78],[-186,-129],[-27,-68],[-190,-54],[-49,-106],[65,-26],[14,-71],[75,-55],[-54,-61],[38,-27],[-30,5],[-40,-111],[68,-3],[-24,-40],[39,-131],[-66,-20],[15,-56],[-133,-225],[27,-50],[-73,-29],[19,-151],[-48,-18],[32,-7],[-28,-29],[26,-49],[-30,22],[-77,-107],[-14,-163],[35,-41],[-29,-121],[-54,-60],[-21,-368],[3,-254],[76,-196],[-32,-43],[96,-64],[-21,-42],[92,-183],[13,-146],[-40,-87],[24,-74],[57,-2],[62,-102],[34,21],[93,-117],[40,30],[101,-45],[-40,-297],[44,-151],[-46,-90],[48,-105],[-34,-40],[-34,-268],[57,-87],[-14,-70],[136,-9],[17,70],[30,-67],[-10,-68],[-57,-25],[-26,-129],[51,-2],[10,-49],[68,12],[32,-68],[116,53],[63,-36],[59,-138],[41,15],[22,-119],[83,-23],[33,-138],[77,-30],[26,-116],[121,18],[6,-135],[89,-20],[7,-116],[68,-53],[127,-23],[113,-83],[125,2],[89,-66],[119,16],[32,-66],[138,36],[-15,-66],[80,-73],[-53,-59],[36,-23]],[[33430,87170],[-2531,0],[-47,-258],[-117,-74],[-48,-78],[34,-53],[-48,-96],[16,-46],[-124,-91],[-54,-85],[-58,-182],[40,-76],[-106,-89],[-27,-86],[-49,0]],[[30310,85956],[1,0]],[[30311,85956],[15,-103],[-31,-32],[40,-82],[-24,-78],[-47,-20],[-1,-115],[-61,-74],[15,-77],[-85,-61],[-48,-138],[64,-140],[-28,-14],[16,-35],[32,16],[31,-92],[84,-45],[30,-141],[-20,-72],[-114,-63],[-24,31],[-25,-58],[-73,-7],[-17,-38],[-110,25],[-50,-49],[10,-79],[-56,-36],[36,-38],[-73,-74],[-116,68],[-18,-60],[-55,38],[-109,-94],[-5,46],[-208,32]],[[29285,84297],[1,0]],[[29286,84297],[-9,144],[30,26],[-70,20],[37,70],[-86,56],[6,101],[-105,21],[-15,105],[-74,3],[-56,63],[-28,184],[-141,-31]],[[28776,85059],[-1,0]],[[28775,85059],[-141,47],[-23,76],[-58,34],[-138,2],[-23,-46],[-113,45],[-25,-159],[-155,-37],[-292,-149],[3,-54],[-73,-15],[-43,-146],[-113,-96],[-30,-128],[24,-112],[-99,-228],[8,-120],[81,-24],[-37,-47],[37,-131],[-78,-45],[26,-51],[-30,-28],[30,-47],[-33,-71],[23,-67],[-129,-304],[104,-133],[-82,-106],[82,-38],[18,-49],[79,-12],[48,-177],[96,-65],[-21,-135],[-314,364],[-367,153],[-82,-59],[-154,17],[-299,689],[-68,68],[-83,8],[-57,152],[-165,95],[-9,45],[-122,18],[-29,61],[-48,10],[-183,211],[1,76],[-44,41],[-233,100],[-16,172],[48,84],[132,-21],[53,-84],[102,52],[-28,88],[61,-14],[34,52],[75,14],[14,39],[-34,45],[25,42],[-61,138],[41,39],[-17,54],[49,39],[2,55],[38,6],[-26,71],[18,-21],[100,74],[26,86],[28,1],[-15,49],[47,108],[-72,51],[-25,-26],[-39,50],[15,323],[-81,52],[-92,138],[11,70],[-36,36],[39,25],[-63,190],[-177,176],[-15,194],[-54,87],[-34,175],[3,147],[45,118],[-86,192],[-74,-26],[-32,166],[33,193],[-34,301],[168,215],[-63,187],[96,258],[-77,178],[13,149],[-109,-6],[-45,72],[-209,820],[-189,145],[-34,106],[-155,168],[29,102],[154,198],[-17,271],[60,143],[2,153],[-300,212],[-243,37],[-167,-41],[-66,36],[-147,173],[-59,197],[-105,20],[-211,-63],[-183,141]],[[52639,61268],[-5974,463],[-8308,753],[-88,-18],[-102,-82],[-33,39],[-15,189],[-91,182],[-302,60],[-86,-28],[-137,123],[-8,125],[48,99],[-124,208],[-97,58],[-125,172],[-100,54],[-132,-19],[-34,69],[-154,19],[-79,68],[13,105],[-30,74],[-79,-4],[-148,93],[-139,-21],[-8,166],[-62,135],[5,123],[-58,38],[32,147],[-55,47],[17,76],[-79,140],[41,107],[-24,152],[80,264],[-53,92],[-107,47],[-29,163],[-107,108],[-115,204],[-14,235],[-86,205],[-51,316],[-95,64],[-73,304],[-197,357],[-169,118]],[[35108,67657],[-74,95],[3,230],[-96,234],[-77,121],[-78,25],[-129,240],[-86,25],[-120,158],[-105,327],[7,209],[114,214],[171,138],[51,159],[121,49],[38,69],[4106,10248],[-140,80],[99,167],[65,215],[416,239],[224,346],[11,28],[8,99],[-10,-73],[-288,-75],[-61,-82],[-92,-32],[-63,-115],[-109,17],[-86,-95],[-67,57],[-75,-43],[-109,80],[-94,-91],[-62,0],[-34,-91],[-170,4],[-40,64],[-135,46],[-2,65],[102,181],[-22,121],[-74,36],[-184,-30],[-105,113],[-123,41],[-78,136],[-89,-28],[-99,204],[26,71],[-53,78],[-65,-31],[-28,68],[-83,-7],[-6,128],[-75,-43],[-7,62],[-60,-42],[-61,79],[-11,-65],[-64,36],[-28,-63],[-60,44],[-43,-54],[-47,57],[-44,-27],[15,70],[-37,54],[-73,-38],[-9,67],[-74,-35],[-73,95],[-44,-35],[9,67],[-163,75],[16,50],[-28,22],[-47,-44],[-83,22],[-42,-36],[-62,57],[-13,177],[-150,-17],[18,59],[-52,-1],[-61,125],[-192,25],[-4,62],[-103,3],[8,61],[-42,12],[9,42],[-66,70],[59,262],[30,17],[-38,75],[22,61],[-101,84],[-13,84],[-92,-7],[-75,-141],[-68,-7],[12,-62],[-80,-114],[-226,262],[-144,-38],[-32,76],[-50,21],[-12,94],[-61,76],[-46,-17],[-38,49],[41,124],[-92,145],[27,128],[-109,37],[-1,70],[-98,6],[0,35],[-49,7],[-38,82],[-88,60],[-47,100],[-66,4],[-98,103],[0,66],[-66,87],[27,24],[-9,115],[46,46],[-61,190],[25,85],[-129,127],[-133,48],[-66,68],[17,200],[-35,156],[40,112],[0,189],[-78,178],[7,721]],[[33430,87170],[-1,2477]],[[33429,89647],[41,-11],[46,-107],[67,7],[3,-40],[66,54],[51,-14],[43,58],[28,-27],[57,100],[11,144],[59,9],[42,-45],[65,27],[107,-73],[46,89],[50,-13],[41,-85],[24,49],[36,-28],[89,273],[-32,-8],[-78,83],[-11,152],[142,-18],[165,54],[-49,129],[119,64],[-7,64],[42,53],[10,-81],[135,12],[59,-61],[93,69],[69,-56],[25,-111],[42,-25],[72,41],[62,-19],[12,48],[135,-63],[57,178],[-15,155],[-42,36],[16,40],[175,-43],[38,74],[105,10],[4,34],[110,-20],[14,108],[36,10],[139,-49],[27,37],[112,-114],[152,79],[10,-56],[52,5],[34,83],[58,5],[32,176],[122,47],[21,246],[150,44],[30,137],[84,5],[20,51],[84,-39],[-14,-42],[106,-77],[55,107],[44,-1],[1,52],[74,-20],[74,106],[39,-31],[27,23],[39,-175],[91,-26],[1,-66],[124,-85],[21,-59],[82,51],[-28,55],[39,62],[15,-106],[185,-13],[73,-47],[-1,-62],[70,75],[-2,52],[67,1],[0,46],[49,28],[114,-31],[96,85],[82,-105],[47,4],[143,70],[23,52],[77,6],[103,-100],[96,68],[55,-13],[200,-155],[29,57],[82,-29],[58,29],[0,-32],[33,9],[123,-104],[38,30],[184,-68],[91,39],[57,79],[84,33],[-98,240],[19,35],[50,-28],[19,130],[-72,38],[11,57],[-84,23],[-76,203],[-119,44],[44,80],[-29,49],[-86,41],[-29,-28],[-90,70],[103,141],[5,117],[90,-84],[64,25],[-41,45],[115,135],[1,44],[-57,36],[77,90],[-36,51],[38,62],[122,7],[1,-40],[48,7],[119,-133],[180,-21],[34,-117],[67,-24],[54,50],[153,-7],[109,51],[48,-31],[138,52],[141,-30],[58,29],[3,-72],[54,-17],[71,98],[-52,48],[8,45],[36,-17],[-7,70],[81,64],[51,-44],[31,24],[33,-95],[33,1],[50,80],[26,-43],[36,17],[-20,43],[51,29],[-17,59],[84,49],[13,-37],[55,14],[11,-134],[56,54],[41,-28],[134,165],[95,25],[72,83],[11,-111],[-45,1],[-40,-59],[105,-168],[34,-2],[-8,-39],[105,-36],[-13,-90]],[[42346,92738],[-8,-53],[174,-249],[-34,-132],[107,-165],[-95,-162],[-15,-195],[20,-95],[111,-150],[-40,-69],[41,-229],[43,-49],[-46,-87],[22,-57],[163,-26],[222,49],[138,-93],[186,31],[82,-39],[22,47],[73,-59],[79,1],[-2,-30],[63,-14],[-24,-38],[57,-2],[7,-72],[74,-10],[86,-131],[20,85],[85,-45],[34,-126],[59,-2],[-35,-83],[73,-82],[-4,-97],[137,29],[-6,44],[41,7],[25,-113],[68,23],[28,-43],[57,4],[-22,-87],[46,55],[48,-4],[43,-51],[-20,-84],[92,9],[-14,-37],[96,0],[-35,57],[42,25],[65,-69],[27,30],[67,-57],[33,117],[48,-35],[-35,-88],[91,-30],[52,91],[7,-112],[-43,-37],[27,-34],[123,56],[55,-53],[25,33],[46,-24],[11,-48],[-64,-40],[87,-116],[-51,-84],[16,-41],[249,77],[68,-162],[-9,-54],[-88,-12],[-44,-67],[8,-129],[77,-124],[-16,-76],[39,-44],[-2,-135],[491,-413],[102,-185],[84,-32],[-98,-238],[4,-126],[-47,-123],[32,-35],[-28,-88],[18,-110],[-34,-66],[81,-120],[9,-77],[88,-98],[-26,-78],[27,-93],[94,-97],[90,-160],[-8,-91],[83,-92],[14,-171],[85,-254],[64,-33],[116,13],[34,-93],[168,-131],[45,-100],[107,-59],[22,-104],[-37,-121],[43,-93],[-52,-91],[16,-96],[123,-226],[59,-26],[162,56],[33,-32],[62,-352],[-44,-221],[-59,-109],[59,-18],[136,73],[116,-120],[-3,-92],[-77,-56],[55,-192],[-28,-106],[60,18],[93,-49],[56,-136],[471,-78],[48,-209],[97,-16],[-16,131],[157,28],[13,130],[44,-12],[21,-112],[66,96],[86,-88],[173,24],[232,229],[41,98],[-21,278],[36,349],[185,346],[306,351],[78,209],[133,163],[36,185],[287,455],[312,89],[258,353],[437,172],[208,164],[255,326],[258,737],[198,171],[268,76]],[[52636,88279],[49,-124],[156,-73],[65,51],[70,-9],[97,-148],[-17,-113],[-90,-181],[-212,-168],[11,-147],[366,-8],[49,59],[77,14],[80,-54],[-10,-64],[204,94],[32,-63],[184,117],[236,37],[73,68],[182,-120],[18,-136],[-306,-198],[-132,-162],[-15,-71],[55,-112],[94,-82],[122,41],[212,-24],[236,-95],[39,-175],[-132,-111],[-48,-152],[36,-107],[62,-58],[146,85],[179,-20],[179,94],[24,-74],[58,-34],[260,29],[34,-68],[174,-111],[240,38],[218,-95],[173,52],[288,-28],[141,44],[96,-67],[44,-92],[-3,-98],[-158,-262],[-54,-253],[-28,-514],[-57,-82],[25,-179],[102,-148],[197,-82],[160,-2],[79,79],[63,156],[132,32],[33,116],[223,279],[63,-18],[14,-47],[86,-11],[48,145],[95,31],[5,150],[96,7],[53,-69],[-43,-208],[57,-35],[45,121],[-23,61],[23,124],[49,12],[-22,-75],[68,16],[36,-74],[-22,121],[58,-10],[-21,62],[112,22],[-1,-48],[32,-7],[-26,-103],[75,53],[79,-73],[-30,-217],[36,-48],[50,29],[44,144],[-6,164],[119,-83],[-9,-82],[41,-19],[88,-235],[26,78],[-15,295],[137,6],[-35,-124],[11,-45],[12,45],[53,-37],[16,68],[48,1],[-40,61],[86,-21],[-25,17],[86,35],[71,-25],[-14,-113],[94,-1],[-14,59],[88,-27],[29,-43],[-7,-121],[79,58],[6,-231],[93,128],[-29,42],[43,57],[61,8],[40,-54],[-53,-152],[40,-2],[10,-82],[22,29],[24,-58],[44,13],[18,73],[52,-3],[24,130],[79,9],[25,-60],[-52,-85],[63,-106],[6,-157],[51,45],[7,80],[64,33],[-1,99],[48,25],[-21,22],[28,27],[62,-35],[17,-92],[-35,-7],[34,-32],[-44,-32],[28,-64],[60,42],[5,-117],[80,84],[12,105],[81,-175],[55,82],[64,-41],[-14,76],[31,22],[-39,42],[85,7],[103,-130],[-103,-167],[38,-30],[-38,-72],[13,-52],[77,31],[53,-63],[55,175],[44,13],[-10,-119],[48,62],[12,126],[37,23],[60,-55],[-5,52],[100,19],[30,-54],[-157,-86],[39,-65],[-71,-75],[59,-16],[4,-115],[86,6],[63,71],[45,-79],[70,52],[63,-43],[115,150],[6,134],[135,73],[62,-156],[-103,-100],[38,-199],[-76,-101],[109,65],[33,195],[33,-13],[23,-99],[-34,-116],[91,122],[105,44],[10,-56],[-47,-31],[71,-114],[-57,-82],[-37,-173]],[[61768,83413],[-100,-61],[20,-56],[-47,-88],[31,-70],[40,-8],[1,-56],[56,-8],[-112,-218],[32,-55],[-81,-79],[71,-110],[24,-156],[-48,-39],[18,-43],[-42,-61],[20,-118],[-142,-130],[-52,26],[-142,-25],[-34,-91],[26,-101],[130,25],[94,-90],[-75,-130],[48,-85],[-82,-336],[-32,-22],[4,-168],[-62,-55],[39,-33],[-219,-242],[-63,52],[-45,-18],[33,-86],[-35,-168],[-79,-96],[25,-37],[54,57],[50,-18],[-73,-123],[12,-245],[39,-44],[-121,-37],[-39,23],[-23,-26],[32,-70],[-49,-39],[6,-68],[-160,-37],[-30,-87],[-30,66],[-33,-12],[-30,-106],[-36,13],[-46,-66],[-8,-67],[47,8],[4,-72],[36,4],[-2,-99],[25,-32],[51,45],[15,-96],[44,-39],[-87,32],[9,-67],[-66,9],[3,-81],[-92,1],[60,-123],[-40,-44],[54,-55],[-34,-13],[29,-54],[-53,-5],[33,-33],[-41,-60],[2,-154],[-67,-17],[-8,-70],[-19,48],[-65,-32],[63,-81],[-66,-32],[-4,-59],[-48,27],[39,-97],[-51,-1],[-17,-78],[-46,5],[11,-53],[-40,-21],[20,-41],[-35,-20],[29,-31],[-79,-22],[-21,-63],[-20,42],[-15,-49],[-34,27],[-35,-82],[-85,-25],[8,-109]],[[59915,77729],[1,-3],[-1,0],[0,3]],[[59915,77729],[-35,-16],[32,-53],[-32,-38],[17,-40],[-47,7],[22,-53],[-50,0],[15,-89],[-62,-12],[-33,-80],[-45,9],[26,-48],[-32,-26],[32,-21],[-48,-53],[19,-62],[-34,-7],[41,-54],[-39,-44],[12,-73]],[[59675,76976],[-1,0]],[[59674,76976],[-87,-380],[-40,-49],[-57,6],[0,-54],[-36,7],[0,-45],[-54,-24],[-38,-154],[-26,26],[-229,-218],[-31,28],[-70,-173],[24,-156],[-57,-11],[-30,-104],[17,-63],[-229,-178],[-3,-106],[-59,-121],[-241,-395],[-151,-131],[-250,57],[-1346,-1250],[-41,-30],[-35,24],[3,-55],[-713,-644]],[[55895,72783],[21,-53],[211,-38],[119,-97],[204,-17],[266,90],[186,-330],[87,-65],[108,-15],[165,-125],[8,-84],[-81,-184],[-109,-53],[-123,4],[-49,-99],[13,-184],[125,-190],[9,-90],[-184,-84],[-45,-65],[-1,-80],[107,-77],[-23,-115],[-82,-68],[-164,-42],[-59,-76],[40,-297],[86,-90],[-10,-118],[-144,73],[-116,1],[-251,-264],[-105,-238],[20,-239],[-42,-74],[-147,-61],[-71,-97],[-100,-54],[-211,-12],[-242,-71],[-214,-220],[-209,-142],[-17,-93],[57,-229],[14,-472],[-102,-232],[-325,-438],[-13,-120],[124,-344],[398,-332],[-37,-66],[1,-256],[-39,-113],[12,-218],[-50,-67],[-37,-273],[-149,-475],[-147,-99],[-61,-95],[-65,-304],[-105,-106],[-307,-575],[-204,-43],[-134,-127],[-216,-311],[-55,-179],[-95,-144],[6,-52],[-130,-147],[-62,-8],[-24,-89],[-80,-65],[-26,-201],[-116,-263],[35,-180],[-110,-210],[-26,-175],[-104,-162],[-60,-212]],[[55383,86056],[24,-12],[16,-34],[-40,21],[0,25]],[[55467,86029],[7,26],[16,1],[-11,-25],[-12,-2]],[[55395,86071],[13,-4],[-2,-15],[-11,12],[0,7]],[[55081,86123],[-10,-40],[-60,30],[10,35],[60,-25]],[[54303,86866],[53,-83],[-126,23],[42,71],[31,-11]],[[53905,86866],[-56,47],[40,61],[61,19],[59,-34],[-20,-73],[-84,-20]],[[54104,86973],[-63,-11],[-35,24],[117,38],[-19,-51]],[[54058,87048],[-75,-43],[-35,15],[71,97],[98,2],[-59,-71]],[[56621,84430],[-4,-7],[-9,1],[9,8],[4,-2]],[[57585,84717],[-9,31],[3,8],[5,-8],[1,-31]],[[57547,84797],[6,-33],[-12,-25],[-9,40],[15,18]],[[57920,84813],[2,-25],[-5,-15],[-9,17],[12,23]],[[57602,84805],[20,27],[11,-16],[-24,-47],[-7,36]],[[57932,84795],[-3,-4],[0,24],[5,-3],[-2,-17]],[[57960,84870],[-8,-23],[-1,-15],[-6,31],[15,7]],[[57892,84856],[-2,-2],[7,14],[0,-3],[-5,-9]],[[57765,84962],[-22,9],[4,12],[3,0],[15,-21]],[[57753,85008],[4,-12],[-16,19],[3,2],[9,-9]],[[55512,86086],[91,16],[48,-98],[-175,-48],[36,130]],[[55885,86073],[28,-18],[-40,-38],[-13,20],[25,36]],[[55944,86063],[4,-10],[-5,-4],[-7,8],[8,6]],[[61029,83882],[2,1],[0,-1],[-2,0]],[[61025,83884],[-2,1],[6,0],[-1,-1],[-3,0]],[[61159,83919],[9,-40],[-14,-6],[-10,42],[15,4]],[[61037,83916],[0,-24],[-33,-3],[9,14],[24,13]],[[61025,83915],[-3,-1],[9,6],[-4,-4],[-2,-1]],[[60926,84004],[6,1],[5,-4],[-16,-1],[5,4]],[[61301,84097],[18,-16],[-13,-169],[-61,122],[56,63]],[[60955,84010],[-11,1],[16,12],[0,-6],[-5,-7]],[[61061,84041],[46,29],[-10,-58],[-65,-57],[29,86]],[[60645,84081],[12,-33],[-47,-13],[15,34],[20,12]],[[61681,84126],[14,-7],[-35,-71],[-2,66],[23,12]],[[60988,84166],[-10,-16],[-8,3],[9,18],[9,-5]],[[60404,84480],[-8,-11],[-13,19],[15,2],[6,-10]]]}