{"type":"FeatureCollection","features":[{"type":"Feature","properties":{"regiao_id":1,"regiao":"Norte","ordem_regiao":1},"geometry":{"type":"MultiPolygon","coordinates":[[[[-61.555751,-9.092407],[-61.555385,-9.131501],[-61.52364,-9.179019],[-61.529301,-9.248677],[-61.568385,-9.237084],[-61.628339,-9.257093],[-61.611992,-9.280704],[-61.613637,-9.355776],[-61.553153,-9.389061],[-61.55672,-9.435613],[-61.581719,-9.459128],[-61.56274,-9.485771],[-61.526513,-9.501073],[-61.549119,-9.512489],[-61.513442,-9.528533],[-61.494923,-9.584926],[-61.5037,-9.612619],[-61.476963,-9.629857],[-61.502145,-9.682819],[-61.532426,-9.711772],[-61.574637,-9.717789],[-61.531501,-9.739915],[-61.54622,-9.788895],[-61.524913,-9.795731],[-61.507914,-9.861077],[-61.524986,-9.906579],[-61.527987,-9.970434],[-61.55587,-10.038956],[-61.58486,-10.061586],[-61.596804,-10.162375],[-61.562462,-10.171897],[-61.551719,-10.19778],[-61.574004,-10.208961],[-61.576729,-10.248577],[-61.553335,-10.307001],[-61.501722,-10.353779],[-61.495653,-10.390233],[-61.461797,-10.419905],[-61.480815,-10.487745],[-61.478954,-10.64304],[-61.499394,-10.698618],[-61.472393,-10.714974],[-61.488397,-10.736477],[-61.47656,-10.766644],[-61.525146,-10.855806],[-61.514811,-10.906431],[-61.530087,-10.979024],[-61.550256,-10.986097],[-61.000598,-10.992243],[-61.000597,-10.988347],[-60.460051,-10.989853],[-60.432511,-11.037627],[-60.411493,-11.046779],[-60.391555,-11.093793],[-60.350021,-11.10832],[-60.341976,-11.082636],[-60.301249,-11.057154],[-60.280829,-11.091531],[-60.191469,-11.114112],[-60.159274,-11.095652],[-60.066712,-11.125507],[-59.976774,-11.122388],[-59.99502,-11.1482],[-59.964021,-11.189112],[-59.979687,-11.239531],[-59.959467,-11.294732],[-59.927772,-11.310431],[-59.917191,-11.338439],[-59.920633,-11.398011],[-59.93441,-11.423668],[-59.976239,-11.43922],[-59.985408,-11.469337],[-60.031238,-11.493177],[-60.057473,-11.5421],[-60.11091,-11.582488],[-60.12241,-11.682405],[-60.096864,-11.795321],[-60.098871,-11.845558],[-60.065883,-11.890825],[-60.006888,-11.894679],[-59.984194,-11.914821],[-59.986991,-11.960085],[-59.967174,-12.002637],[-59.979362,-12.029551],[-59.899801,-12.117227],[-59.910808,-12.186459],[-59.886796,-12.245085],[-59.774358,-12.340956],[-59.79294,-12.345782],[-59.842546,-12.424845],[-59.844158,-12.467176],[-59.898178,-12.50164],[-59.896054,-12.536447],[-59.947653,-12.599263],[-59.981576,-12.592141],[-60.028942,-12.61857],[-60.059831,-12.664155],[-60.056056,-12.699127],[-60.07484,-12.734484],[-60.059219,-12.786949],[-60.08282,-12.852635],[-60.079113,-12.881139],[-60.117165,-12.959556],[-60.183346,-12.967632],[-60.267613,-13.077289],[-60.282988,-13.08055],[-60.268503,-13.144974],[-60.303838,-13.178367],[-60.329786,-13.235471],[-60.324813,-13.250489],[-60.373484,-13.32444],[-60.371878,-13.408868],[-60.387919,-13.454693],[-60.432004,-13.488432],[-60.510952,-13.5036],[-60.533061,-13.536251],[-60.577647,-13.565228],[-60.632202,-13.5717],[-60.686034,-13.625227],[-60.713945,-13.676],[-60.709315,-13.693005],[-60.769543,-13.684207],[-60.77053,-13.665111],[-60.810063,-13.655278],[-60.828588,-13.629498],[-60.879838,-13.617524],[-60.933889,-13.540711],[-61.00562,-13.550281],[-61.009007,-13.506407],[-60.988333,-13.500327],[-61.046984,-13.484674],[-61.060371,-13.511853],[-61.087758,-13.49209],[-61.106178,-13.531663],[-61.171292,-13.510611],[-61.194287,-13.536452],[-61.22173,-13.530156],[-61.248343,-13.496277],[-61.275208,-13.506058],[-61.302565,-13.478941],[-61.303956,-13.50181],[-61.350517,-13.521159],[-61.389788,-13.51977],[-61.402457,-13.537871],[-61.469927,-13.555248],[-61.508259,-13.547937],[-61.578931,-13.509903],[-61.573097,-13.494096],[-61.622822,-13.514618],[-61.693847,-13.50808],[-61.730811,-13.526542],[-61.769236,-13.519311],[-61.789991,-13.537865],[-61.817128,-13.527434],[-61.841089,-13.548912],[-61.883214,-13.4973],[-61.887431,-13.440776],[-61.970626,-13.406171],[-61.980493,-13.365494],[-62.011513,-13.358394],[-62.017204,-13.327286],[-62.056906,-13.311777],[-62.115681,-13.258469],[-62.109068,-13.219038],[-62.119705,-13.153535],[-62.1429,-13.161165],[-62.183956,-13.123194],[-62.200208,-13.15059],[-62.214786,-13.111349],[-62.243396,-13.11734],[-62.245927,-13.145164],[-62.278538,-13.155481],[-62.31677,-13.13447],[-62.372572,-13.140708],[-62.41399,-13.128385],[-62.433403,-13.08581],[-62.472044,-13.078882],[-62.475875,-13.057491],[-62.502628,-13.083159],[-62.547158,-13.07399],[-62.612573,-13.041292],[-62.60063,-13.018832],[-62.633024,-13.010636],[-62.660687,-12.969473],[-62.734022,-13.021864],[-62.794352,-12.995216],[-62.822994,-12.933773],[-62.870212,-12.910622],[-62.892158,-12.858837],[-62.921358,-12.84086],[-62.947497,-12.858622],[-63.007101,-12.839595],[-63.010329,-12.808306],[-63.054582,-12.731128],[-63.078992,-12.728131],[-63.066772,-12.682704],[-63.09466,-12.684094],[-63.090548,-12.636009],[-63.16594,-12.642332],[-63.247918,-12.666263],[-63.232907,-12.686147],[-63.299397,-12.681757],[-63.348551,-12.656154],[-63.383885,-12.653149],[-63.427382,-12.59361],[-63.437153,-12.564375],[-63.501737,-12.567328],[-63.550487,-12.508435],[-63.73372,-12.438623],[-63.786303,-12.427947],[-63.833973,-12.46343],[-63.887303,-12.447249],[-63.903838,-12.50848],[-63.963361,-12.529703],[-63.991272,-12.505366],[-64.040163,-12.515136],[-64.057011,-12.492043],[-64.095803,-12.484196],[-64.115497,-12.503959],[-64.130218,-12.477024],[-64.171184,-12.510367],[-64.171303,-12.470493],[-64.234494,-12.455479],[-64.284447,-12.503178],[-64.294724,-12.457814],[-64.345083,-12.459821],[-64.406171,-12.447047],[-64.461645,-12.385844],[-64.513075,-12.343828],[-64.492888,-12.291194],[-64.512791,-12.222873],[-64.552239,-12.241948],[-64.580055,-12.2143],[-64.608189,-12.216376],[-64.712943,-12.173584],[-64.717797,-12.142464],[-64.698356,-12.103593],[-64.738553,-12.100083],[-64.741772,-12.151202],[-64.768584,-12.145996],[-64.75986,-12.102296],[-64.788471,-12.085789],[-64.823441,-12.120589],[-64.842259,-12.107486],[-64.81127,-12.067939],[-64.839583,-12.010676],[-64.917024,-12.028386],[-64.948388,-11.993431],[-64.980888,-12.016884],[-65.000555,-11.993377],[-65.028915,-11.99764],[-65.018859,-11.892087],[-65.070694,-11.869111],[-65.059723,-11.790676],[-65.090525,-11.70778],[-65.128247,-11.720515],[-65.182973,-11.721706],[-65.173972,-11.75311],[-65.204782,-11.749463],[-65.260804,-11.704889],[-65.217913,-11.65209],[-65.234977,-11.576782],[-65.211917,-11.530485],[-65.228971,-11.515627],[-65.30492,-11.501604],[-65.335396,-11.357036],[-65.293772,-11.31924],[-65.339639,-11.312447],[-65.359857,-11.257805],[-65.360698,-11.223318],[-65.325636,-11.211691],[-65.350863,-11.186388],[-65.363495,-11.147264],[-65.351472,-11.121725],[-65.288889,-11.094255],[-65.282917,-11.058618],[-65.297167,-11.025969],[-65.250859,-10.984545],[-65.285831,-10.927669],[-65.266612,-10.921812],[-65.275556,-10.871158],[-65.316884,-10.825389],[-65.362502,-10.801613],[-65.350493,-10.780589],[-65.343606,-10.69958],[-65.358337,-10.657393],[-65.405134,-10.640556],[-65.416135,-10.616741],[-65.397609,-10.580903],[-65.418472,-10.539763],[-65.41058,-10.512954],[-65.429248,-10.484987],[-65.380134,-10.424263],[-65.391802,-10.374436],[-65.327358,-10.305271],[-65.288829,-10.21987],[-65.307025,-10.164999],[-65.300578,-10.100906],[-65.329357,-10.043195],[-65.320051,-10.000959],[-65.331833,-9.930013],[-65.288659,-9.86573],[-65.287376,-9.839867],[-65.321994,-9.81131],[-65.35688,-9.720174],[-65.3916,-9.687634],[-65.443434,-9.669322],[-65.443523,-9.692655],[-65.501019,-9.729839],[-65.513528,-9.793174],[-65.564326,-9.810258],[-65.554102,-9.832048],[-65.627608,-9.836806],[-65.647356,-9.791465],[-65.670967,-9.781095],[-65.688444,-9.810997],[-65.710551,-9.807323],[-65.704164,-9.763841],[-65.746051,-9.78153],[-65.772662,-9.758185],[-65.805724,-9.788092],[-65.81694,-9.754663],[-65.853585,-9.794346],[-65.885916,-9.752481],[-65.921639,-9.752783],[-65.973518,-9.777337],[-65.982141,-9.808784],[-66.026032,-9.811017],[-66.033224,-9.788938],[-66.071106,-9.784301],[-66.090577,-9.812781],[-66.105804,-9.78312],[-66.152029,-9.785622],[-66.195052,-9.806311],[-66.213305,-9.834256],[-66.237657,-9.814598],[-66.252805,-9.832079],[-66.313386,-9.832573],[-66.35839,-9.864043],[-66.403112,-9.86356],[-66.432168,-9.891982],[-66.435803,-9.866009],[-66.543863,-9.877443],[-66.587583,-9.900298],[-66.626895,-9.898026],[-66.642254,-9.949814],[-66.664215,-9.938257],[-66.675146,-9.967075],[-66.760695,-9.998326],[-66.832281,-10.05965],[-66.844015,-10.086264],[-66.870911,-10.080782],[-66.896751,-10.122984],[-66.945807,-10.15834],[-66.951378,-10.186658],[-66.993799,-10.204513],[-67.016026,-10.25883],[-67.079041,-10.289345],[-67.125783,-10.290403],[-67.143856,-10.326608],[-67.177788,-10.339399],[-67.236511,-10.316214],[-67.268301,-10.330153],[-67.315961,-10.318735],[-67.328016,-10.334983],[-67.31082,-10.377388],[-67.382906,-10.384192],[-67.406545,-10.372469],[-67.42365,-10.394264],[-67.412864,-10.42408],[-67.436484,-10.447904],[-67.594522,-10.521573],[-67.6098,-10.562382],[-67.659907,-10.614634],[-67.675614,-10.605164],[-67.704549,-10.700409],[-67.728426,-10.713271],[-67.75785,-10.686489],[-67.827673,-10.651359],[-67.910159,-10.641887],[-67.971632,-10.659688],[-67.99971,-10.649832],[-68.077361,-10.685803],[-68.107862,-10.726794],[-68.103781,-10.77355],[-68.184354,-10.858285],[-68.2243,-10.911617],[-68.239389,-10.957823],[-68.278558,-10.989316],[-68.33104,-11.012595],[-68.384687,-11.018141],[-68.404144,-11.054013],[-68.434102,-11.032098],[-68.487183,-11.050875],[-68.542974,-11.111357],[-68.716118,-11.145561],[-68.720807,-11.103861],[-68.765367,-11.065653],[-68.752047,-11.038274],[-68.759397,-10.999817],[-68.860423,-11.016538],[-68.894874,-11.006234],[-68.912113,-11.021653],[-68.952518,-10.99075],[-69.001419,-11.008952],[-69.038061,-10.977198],[-69.071948,-10.966791],[-69.104286,-10.980382],[-69.148202,-10.971887],[-69.232485,-10.940086],[-69.291162,-10.95034],[-69.380552,-10.940154],[-69.415081,-10.925678],[-69.453754,-10.949331],[-69.498891,-10.93836],[-69.584663,-10.939956],[-69.658996,-10.952979],[-69.714058,-10.976238],[-69.760122,-10.939203],[-69.806894,-10.925827],[-69.831462,-10.933575],[-69.901684,-10.920232],[-69.954698,-10.927647],[-70.028364,-10.977677],[-70.109105,-10.996117],[-70.130568,-11.023232],[-70.20074,-11.054691],[-70.264321,-11.051779],[-70.308517,-11.070674],[-70.37306,-11.060798],[-70.437772,-11.039021],[-70.452835,-10.996725],[-70.526709,-10.935146],[-70.617617,-10.99904],[-70.617303,-10.508916],[-70.61687,-9.828825],[-70.608169,-9.801151],[-70.536631,-9.765841],[-70.527075,-9.723789],[-70.542574,-9.679939],[-70.575094,-9.654501],[-70.598246,-9.607287],[-70.586897,-9.567787],[-70.531535,-9.498741],[-70.514863,-9.501238],[-70.521141,-9.456093],[-70.504956,-9.422269],[-70.561937,-9.428803],[-70.632326,-9.479527],[-70.664628,-9.525186],[-70.737895,-9.55916],[-70.75787,-9.605655],[-70.786362,-9.614257],[-70.804723,-9.644219],[-70.833336,-9.642905],[-70.870672,-9.667472],[-70.924877,-9.741931],[-70.973541,-9.759445],[-70.997872,-9.818418],[-71.085974,-9.83315],[-71.103585,-9.822684],[-71.162889,-9.871417],[-71.207771,-9.952542],[-71.253699,-9.963069],[-71.30306,-9.988947],[-71.337362,-9.9658],[-71.377414,-9.999996],[-72.180454,-9.999998],[-72.155248,-9.971403],[-72.168335,-9.933017],[-72.143612,-9.891526],[-72.159785,-9.824567],[-72.153946,-9.792018],[-72.20074,-9.780371],[-72.257542,-9.751994],[-72.243316,-9.66858],[-72.284533,-9.595628],[-72.290277,-9.535664],[-72.312927,-9.544791],[-72.340652,-9.506225],[-72.408428,-9.477243],[-72.456192,-9.488549],[-72.491459,-9.479507],[-72.517448,-9.491628],[-72.5437,-9.465614],[-72.71239,-9.429922],[-72.716512,-9.412273],[-73.21247,-9.412049],[-73.191066,-9.3975],[-73.188897,-9.362817],[-73.154916,-9.356697],[-73.131408,-9.318443],[-73.10033,-9.302372],[-73.111128,-9.285948],[-73.064355,-9.227801],[-73.010684,-9.222467],[-72.997958,-9.198047],[-73.025874,-9.177874],[-72.951099,-9.136305],[-72.93938,-9.072139],[-72.957371,-9.011206],[-72.939851,-8.985393],[-72.969205,-8.981091],[-73.001875,-8.915016],[-73.05839,-8.907307],[-73.083374,-8.839917],[-73.113283,-8.819097],[-73.116712,-8.781431],[-73.135702,-8.768013],[-73.153866,-8.705791],[-73.217998,-8.677967],[-73.266734,-8.680843],[-73.295061,-8.639476],[-73.342224,-8.618519],[-73.327678,-8.522238],[-73.329626,-8.478573],[-73.372702,-8.472658],[-73.403574,-8.447317],[-73.404957,-8.419079],[-73.480789,-8.394885],[-73.538833,-8.34164],[-73.529742,-8.276691],[-73.59557,-8.206951],[-73.588087,-8.11224],[-73.631279,-8.057257],[-73.615151,-8.033847],[-73.637824,-8.006994],[-73.669411,-8.0125],[-73.693611,-7.964151],[-73.746118,-7.949273],[-73.777812,-7.889511],[-73.767777,-7.861276],[-73.699874,-7.870706],[-73.679243,-7.843712],[-73.689506,-7.766011],[-73.742023,-7.733348],[-73.826191,-7.713118],[-73.833674,-7.682258],[-73.873898,-7.67101],[-73.877118,-7.632374],[-73.931089,-7.604433],[-73.959861,-7.565562],[-73.979075,-7.571092],[-73.985573,-7.534919],[-73.941302,-7.534382],[-73.93152,-7.480506],[-73.90889,-7.473152],[-73.921838,-7.419421],[-73.95648,-7.35425],[-73.890538,-7.386007],[-73.863233,-7.385327],[-73.849456,-7.34899],[-73.76197,-7.336365],[-73.755672,-7.353585],[-73.722775,-7.340412],[-73.695825,-7.309474],[-73.717687,-7.272536],[-73.719023,-7.22712],[-73.752099,-7.207135],[-73.767061,-7.155467],[-73.787497,-7.147828],[-73.798141,-7.113054],[-73.757908,-7.059997],[-73.761456,-6.938775],[-73.723205,-6.886796],[-73.710554,-6.839789],[-73.66656,-6.806127],[-73.638182,-6.753559],[-73.560953,-6.721611],[-73.537591,-6.684439],[-73.439804,-6.651371],[-73.390235,-6.641602],[-73.352361,-6.593273],[-73.329849,-6.598305],[-73.212212,-6.57643],[-73.171045,-6.517151],[-73.15289,-6.527106],[-73.106217,-6.419352],[-73.127966,-6.39389],[-73.143898,-6.33487],[-73.157087,-6.326677],[-73.16132,-6.276324],[-73.21629,-6.225161],[-73.217415,-6.182912],[-73.249438,-6.131824],[-73.22994,-6.042713],[-73.187566,-6.005473],[-73.194275,-5.991119],[-73.18008,-5.926468],[-73.150988,-5.867441],[-73.112606,-5.858997],[-73.110146,-5.829158],[-73.057251,-5.796856],[-73.046953,-5.759101],[-72.995274,-5.717529],[-72.984668,-5.660629],[-72.958917,-5.655508],[-72.9737,-5.614122],[-72.948095,-5.53965],[-72.962282,-5.506259],[-72.95606,-5.462369],[-72.921035,-5.377166],[-72.895233,-5.347058],[-72.899375,-5.326814],[-72.868477,-5.290954],[-72.869816,-5.177733],[-72.88775,-5.162869],[-72.81363,-5.134696],[-72.820766,-5.105456],[-72.784474,-5.111943],[-72.755051,-5.076771],[-72.739532,-5.087599],[-72.730212,-5.053426],[-72.694566,-5.06069],[-72.607515,-5.029779],[-72.596362,-4.982813],[-72.567948,-4.983765],[-72.5203,-4.932726],[-72.482537,-4.952352],[-72.45831,-4.924639],[-72.470666,-4.893216],[-72.431438,-4.911215],[-72.418268,-4.874511],[-72.3815,-4.869111],[-72.382469,-4.825404],[-72.367013,-4.802682],[-72.323192,-4.805499],[-72.325967,-4.778913],[-72.282101,-4.782334],[-72.255644,-4.764531],[-72.221268,-4.771409],[-72.20797,-4.746936],[-72.101097,-4.704431],[-72.060287,-4.650519],[-71.981757,-4.624493],[-71.99446,-4.609245],[-71.947469,-4.608723],[-71.951345,-4.583227],[-71.919754,-4.561665],[-71.908884,-4.519957],[-71.858822,-4.513527],[-71.78172,-4.484008],[-71.768965,-4.504534],[-71.739793,-4.494597],[-71.707173,-4.510843],[-71.650482,-4.50375],[-71.611525,-4.474576],[-71.63276,-4.516718],[-71.594738,-4.527508],[-71.533924,-4.463206],[-71.497152,-4.486765],[-71.503757,-4.438763],[-71.433567,-4.446161],[-71.422006,-4.468175],[-71.396917,-4.432524],[-71.34411,-4.427502],[-71.301626,-4.448524],[-71.306368,-4.417396],[-71.280335,-4.442003],[-71.26364,-4.429069],[-71.270152,-4.384945],[-71.215921,-4.378882],[-71.197693,-4.423945],[-71.187105,-4.398508],[-71.118655,-4.409032],[-71.107389,-4.377908],[-71.083726,-4.391849],[-71.046365,-4.370659],[-71.03974,-4.401502],[-70.989382,-4.381759],[-70.991382,-4.345144],[-70.97122,-4.37693],[-70.933318,-4.379703],[-70.879776,-4.298657],[-70.845601,-4.278774],[-70.864481,-4.256467],[-70.831729,-4.253184],[-70.820469,-4.219655],[-70.844591,-4.231187],[-70.802468,-4.184084],[-70.763482,-4.159933],[-70.726508,-4.185082],[-70.672129,-4.193745],[-70.663368,-4.142805],[-70.617135,-4.129305],[-70.634928,-4.177063],[-70.616219,-4.193397],[-70.565934,-4.173109],[-70.554014,-4.199763],[-70.548933,-4.136883],[-70.503862,-4.158786],[-70.51341,-4.188484],[-70.493009,-4.192876],[-70.486667,-4.162259],[-70.467137,-4.17536],[-70.432529,-4.153166],[-70.433439,-4.131517],[-70.383912,-4.133667],[-70.332694,-4.177307],[-70.32334,-4.142249],[-70.285965,-4.171748],[-70.280473,-4.234505],[-70.307287,-4.258814],[-70.288855,-4.286365],[-70.246777,-4.27428],[-70.268742,-4.297028],[-70.220788,-4.314813],[-70.196969,-4.360772],[-70.152961,-4.329958],[-70.171436,-4.300195],[-70.151216,-4.2709],[-70.12753,-4.285631],[-70.10162,-4.261785],[-70.099024,-4.285749],[-70.040724,-4.2931],[-70.07533,-4.32062],[-70.041069,-4.335071],[-70.051324,-4.36252],[-69.988989,-4.32136],[-69.977395,-4.341995],[-69.938385,-4.292232],[-69.951634,-4.25462],[-69.933232,-4.219206],[-69.801185,-3.48422],[-69.691119,-2.871556],[-69.534645,-2.000575],[-69.451708,-1.538946],[-69.457017,-1.491587],[-69.433011,-1.452844],[-69.436223,-1.403499],[-69.398515,-1.364898],[-69.410145,-1.278427],[-69.430916,-1.226939],[-69.400165,-1.11035],[-69.427122,-1.074753],[-69.420727,-1.043197],[-69.444981,-1.023948],[-69.422983,-1.014043],[-69.467153,-0.982589],[-69.462391,-0.96703],[-69.529129,-0.91786],[-69.521856,-0.892057],[-69.572934,-0.832179],[-69.575793,-0.807736],[-69.62541,-0.744926],[-69.572926,-0.646087],[-69.570128,-0.621262],[-69.603166,-0.595509],[-69.592637,-0.55354],[-69.614128,-0.533887],[-69.611631,-0.497941],[-69.66288,-0.46635],[-69.736828,-0.436035],[-69.753515,-0.408122],[-69.829086,-0.362072],[-69.844791,-0.337078],[-69.889967,-0.341743],[-69.920879,-0.32558],[-69.999998,-0.222095],[-70.054582,-0.188291],[-70.065026,-0.163906],[-70.047373,-0.109726],[-70.04647,0.562938],[-69.996592,0.5494],[-69.978426,0.577993],[-69.935792,0.553022],[-69.916671,0.590027],[-69.887815,0.577177],[-69.822786,0.590992],[-69.802644,0.571963],[-69.749024,0.619484],[-69.723955,0.615043],[-69.687553,0.66395],[-69.650189,0.663995],[-69.608141,0.61328],[-69.597199,0.654271],[-69.565976,0.680743],[-69.535454,0.679504],[-69.532055,0.702983],[-69.463578,0.736346],[-69.403746,0.664119],[-69.349343,0.614697],[-69.285896,0.649248],[-69.294793,0.608223],[-69.199597,0.606563],[-69.196515,0.649047],[-69.115673,0.643952],[-69.153609,0.708403],[-69.190605,0.739975],[-69.147353,0.76963],[-69.166777,0.845502],[-69.143981,0.847039],[-69.156604,0.882416],[-69.191239,0.916641],[-69.164452,0.940207],[-69.216196,0.982435],[-69.198054,0.99746],[-69.246098,1.046434],[-69.287533,1.053092],[-69.321396,1.088417],[-69.372056,1.080408],[-69.412602,1.0391],[-69.440104,1.074541],[-69.486931,1.079405],[-69.574929,1.074234],[-69.597732,1.094575],[-69.703515,1.075008],[-69.702642,1.118314],[-69.772263,1.104502],[-69.817311,1.063543],[-69.846571,1.076521],[-69.84575,1.713701],[-69.814179,1.69575],[-69.744621,1.72947],[-69.676487,1.732719],[-69.636391,1.722841],[-69.55926,1.771817],[-69.534676,1.776823],[-69.474717,1.743532],[-69.393258,1.726744],[-68.163293,1.727785],[-68.193278,1.738708],[-68.178218,1.767298],[-68.244649,1.787213],[-68.235746,1.8217],[-68.27611,1.820432],[-68.285191,1.836349],[-68.253055,1.879911],[-68.245401,1.925459],[-68.204751,1.983673],[-68.192953,2.039193],[-68.183879,1.976461],[-68.146489,1.972648],[-68.093044,1.8971],[-68.064832,1.89419],[-68.046557,1.84183],[-68.019925,1.820165],[-67.997315,1.837696],[-67.985281,1.81847],[-67.943626,1.820155],[-67.908218,1.805701],[-67.921888,1.892762],[-67.885092,1.894061],[-67.850087,1.939599],[-67.834875,1.939202],[-67.807324,1.98632],[-67.748123,2.035856],[-67.729868,2.013031],[-67.676568,2.008237],[-67.661143,1.992291],[-67.600657,2.043192],[-67.583622,2.091874],[-67.542819,2.152812],[-67.489278,2.177992],[-67.455793,2.168306],[-67.44579,2.217094],[-67.397896,2.235308],[-67.371939,2.218462],[-67.376319,2.158828],[-67.346425,2.135095],[-67.359134,2.093524],[-67.343994,2.036205],[-67.352396,2.000104],[-67.334716,1.97944],[-67.298622,1.888122],[-67.264613,1.855572],[-67.239827,1.865504],[-67.19485,1.853582],[-67.154664,1.816052],[-67.125866,1.768817],[-67.139781,1.760298],[-67.142621,1.709053],[-67.133315,1.632671],[-67.138721,1.605949],[-67.10267,1.578603],[-67.101149,1.509023],[-67.077232,1.469339],[-67.089558,1.3486],[-67.114458,1.335445],[-67.15149,1.344114],[-67.155582,1.31813],[-67.09823,1.254653],[-67.089197,1.165613],[-66.856886,1.227956],[-66.310574,0.745009],[-66.204,0.780474],[-66.145977,0.747502],[-66.108133,0.765294],[-66.077129,0.761948],[-66.067776,0.804976],[-66.033886,0.816381],[-66.014398,0.803892],[-65.967396,0.813736],[-65.942416,0.887274],[-65.910069,0.889112],[-65.8823,0.919492],[-65.89315,0.934443],[-65.821446,0.955532],[-65.776343,0.957881],[-65.742768,1.001011],[-65.696442,1.002999],[-65.684098,0.9856],[-65.658603,1.011654],[-65.625385,0.990933],[-65.628118,1.014154],[-65.571108,0.995844],[-65.542852,0.970053],[-65.496808,0.873828],[-65.508809,0.831335],[-65.574892,0.763246],[-65.591367,0.721608],[-65.54349,0.646679],[-65.52941,0.668673],[-65.445755,0.688397],[-65.424109,0.730333],[-65.390935,0.759395],[-65.411947,0.823712],[-65.357776,0.879452],[-65.331194,0.923212],[-65.304201,0.941347],[-65.250352,0.917344],[-65.212196,0.925989],[-65.213947,0.902781],[-65.17452,0.941352],[-65.151837,1.108744],[-65.106544,1.155244],[-65.072542,1.152313],[-65.051724,1.117415],[-65.010747,1.110962],[-64.946777,1.222053],[-64.931217,1.209434],[-64.903958,1.251349],[-64.863999,1.229296],[-64.843432,1.278959],[-64.802481,1.313603],[-64.790385,1.273458],[-64.756808,1.227851],[-64.718998,1.241189],[-64.700953,1.279888],[-64.645187,1.300785],[-64.580658,1.360269],[-64.555276,1.414877],[-64.537188,1.415217],[-64.466448,1.474895],[-64.435668,1.470528],[-64.388876,1.528812],[-64.346675,1.517429],[-64.409576,1.402612],[-64.354867,1.379541],[-64.3258,1.394464],[-64.327705,1.420643],[-64.30126,1.464365],[-64.256558,1.498042],[-64.197306,1.519974],[-64.167715,1.57977],[-64.131428,1.576339],[-64.074966,1.650729],[-64.061251,1.701114],[-64.077268,1.748772],[-64.050398,1.827608],[-64.069441,1.852607],[-64.057878,1.929083],[-64.015033,1.952278],[-63.971934,1.991273],[-63.921102,1.982124],[-63.903228,1.993394],[-63.843882,1.9613],[-63.824858,1.993797],[-63.781026,1.982665],[-63.740508,2.001327],[-63.699355,2.048838],[-63.691507,2.021987],[-63.664049,2.019376],[-63.663487,2.058923],[-63.632725,2.071984],[-63.620242,2.10327],[-63.564654,2.132631],[-63.511155,2.111908],[-63.443038,2.1244],[-63.392676,2.148895],[-63.399459,2.202874],[-63.37169,2.211463],[-63.360366,2.269549],[-63.360801,2.326178],[-63.37522,2.362001],[-63.356332,2.379574],[-63.372727,2.425983],[-63.412913,2.452126],[-63.465297,2.401979],[-63.480191,2.433519],[-63.527074,2.421034],[-63.592126,2.456198],[-63.633468,2.439817],[-63.68285,2.442363],[-63.703083,2.458712],[-63.749035,2.44098],[-63.84617,2.495379],[-63.882193,2.469172],[-63.919828,2.47351],[-63.936301,2.456603],[-64.009164,2.480942],[-64.023545,2.464802],[-64.060986,2.50589],[-64.045512,2.52814],[-64.049324,2.567066],[-64.028272,2.577232],[-63.98657,2.648793],[-63.987283,2.716095],[-64.003879,2.738022],[-64.015626,2.812193],[-64.079423,2.881922],[-64.071292,2.924188],[-64.091563,2.931747],[-64.103797,2.974167],[-64.16054,2.984745],[-64.144578,3.025732],[-64.178571,3.051138],[-64.215955,3.10207],[-64.229719,3.140714],[-64.181429,3.165128],[-64.15817,3.207672],[-64.15867,3.244082],[-64.123432,3.291776],[-64.114871,3.334488],[-64.146756,3.364917],[-64.117038,3.421144],[-64.13336,3.488102],[-64.176967,3.503814],[-64.171773,3.556193],[-64.221409,3.609614],[-64.244387,3.660692],[-64.293501,3.653515],[-64.318559,3.713613],[-64.33342,3.707283],[-64.36478,3.747202],[-64.414062,3.777941],[-64.45728,3.78257],[-64.474215,3.830482],[-64.490931,3.819936],[-64.534453,3.878462],[-64.565834,3.902815],[-64.550724,3.924869],[-64.588396,3.939338],[-64.610859,3.971171],[-64.666581,3.989585],[-64.68674,4.015364],[-64.772985,4.056939],[-64.767497,4.109408],[-64.796876,4.152781],[-64.792929,4.183305],[-64.821363,4.194736],[-64.826012,4.232098],[-64.812157,4.268551],[-64.782289,4.291216],[-64.736334,4.280379],[-64.706251,4.208484],[-64.634652,4.146148],[-64.633328,4.11808],[-64.543912,4.104249],[-64.501564,4.105857],[-64.474039,4.139846],[-64.433997,4.116961],[-64.419985,4.143823],[-64.38003,4.133654],[-64.336968,4.144816],[-64.308762,4.123045],[-64.294713,4.161157],[-64.248104,4.118585],[-64.220136,4.12193],[-64.17718,4.09441],[-64.132033,4.1025],[-64.042642,3.967623],[-64.023371,3.975773],[-63.996309,3.903959],[-63.966519,3.870348],[-63.932575,3.922125],[-63.849619,3.948333],[-63.790875,3.933456],[-63.743739,3.934617],[-63.73635,3.914198],[-63.665993,3.909939],[-63.637764,3.956506],[-63.641079,3.981222],[-63.593672,3.922826],[-63.595824,3.904751],[-63.557827,3.887545],[-63.550706,3.863756],[-63.513497,3.848148],[-63.484311,3.884691],[-63.463042,3.861337],[-63.415131,3.901572],[-63.417945,3.934699],[-63.451142,3.955696],[-63.425674,3.976791],[-63.392318,3.979121],[-63.333863,3.95269],[-63.303757,3.921142],[-63.216508,3.915134],[-63.233867,3.87902],[-63.227423,3.832915],[-63.20608,3.814893],[-63.122404,3.804078],[-63.096082,3.79084],[-63.059528,3.740657],[-63.072918,3.686707],[-63.02944,3.667458],[-62.991383,3.618266],[-62.950968,3.61114],[-62.929916,3.633218],[-62.921501,3.674947],[-62.889215,3.678948],[-62.833413,3.737573],[-62.796116,3.72333],[-62.751204,3.674268],[-62.731041,3.704591],[-62.740538,3.753406],[-62.728309,3.807577],[-62.77518,3.837371],[-62.756448,3.858032],[-62.78889,3.892703],[-62.783573,3.933401],[-62.747031,3.971757],[-62.768109,4.006817],[-62.750547,4.033517],[-62.608671,4.04389],[-62.574226,4.014228],[-62.533203,4.049161],[-62.556894,4.079394],[-62.541159,4.126383],[-62.504949,4.146286],[-62.464269,4.140063],[-62.463235,4.178712],[-62.420909,4.182983],[-62.362988,4.171661],[-62.330864,4.135559],[-62.294567,4.141611],[-62.142476,4.075616],[-62.11062,4.094237],[-62.117455,4.117153],[-62.074588,4.122107],[-62.066737,4.157728],[-62.011661,4.156225],[-61.986631,4.179343],[-61.926151,4.119674],[-61.922349,4.158249],[-61.873479,4.149543],[-61.8666,4.175942],[-61.816414,4.166296],[-61.795777,4.229305],[-61.735838,4.257145],[-61.722445,4.243871],[-61.67231,4.262499],[-61.641365,4.238621],[-61.607891,4.260634],[-61.588837,4.243016],[-61.557729,4.251953],[-61.505922,4.319839],[-61.523885,4.338743],[-61.511514,4.406114],[-61.451413,4.438953],[-61.42853,4.425792],[-61.344535,4.417466],[-61.308602,4.459343],[-61.278348,4.467984],[-61.324922,4.532217],[-61.257,4.536585],[-61.178039,4.511911],[-61.147338,4.480678],[-61.12564,4.505666],[-61.065003,4.523172],[-60.997875,4.515606],[-60.984863,4.54267],[-60.957906,4.545164],[-60.956285,4.581663],[-60.933705,4.584961],[-60.947581,4.655543],[-60.919591,4.663349],[-60.899401,4.718198],[-60.851072,4.702941],[-60.810542,4.743881],[-60.750936,4.753686],[-60.696093,4.81006],[-60.589888,4.932041],[-60.592822,4.992933],[-60.616851,5.008792],[-60.610346,5.037012],[-60.64334,5.049883],[-60.642409,5.111023],[-60.689133,5.193008],[-60.739318,5.20445],[-60.68073,5.232529],[-60.542976,5.187045],[-60.515258,5.204617],[-60.450067,5.195893],[-60.431208,5.177553],[-60.412552,5.211093],[-60.369744,5.203481],[-60.308028,5.20995],[-60.257581,5.25121],[-60.202467,5.267266],[-60.191167,5.233015],[-60.166605,5.224057],[-60.115437,5.251595],[-60.119233,5.215301],[-60.099145,5.195802],[-60.086886,5.136451],[-60.063989,5.137827],[-60.023253,5.092235],[-59.971892,5.074866],[-59.989751,5.001407],[-59.993416,4.93416],[-60.014027,4.842417],[-60.035594,4.789668],[-60.022524,4.783649],[-60.039585,4.724448],[-60.025416,4.706853],[-60.075669,4.655006],[-60.069801,4.619103],[-60.120387,4.605362],[-60.135919,4.566771],[-60.156988,4.573065],[-60.161247,4.517633],[-60.122543,4.502519],[-60.103749,4.527603],[-60.066984,4.523486],[-60.070408,4.493143],[-60.001884,4.494795],[-59.974186,4.480658],[-59.971211,4.503753],[-59.930974,4.482222],[-59.863358,4.472329],[-59.737051,4.424095],[-59.72132,4.398391],[-59.669816,4.375223],[-59.676517,4.34624],[-59.73186,4.286406],[-59.710184,4.267923],[-59.739532,4.235077],[-59.71939,4.167152],[-59.684008,4.146817],[-59.618789,4.132657],[-59.653863,4.069205],[-59.602016,4.030063],[-59.597204,4.001889],[-59.526796,3.96879],[-59.516111,3.946258],[-59.565677,3.917251],[-59.593627,3.860101],[-59.578013,3.816964],[-59.629235,3.784195],[-59.665634,3.781502],[-59.668621,3.703071],[-59.705203,3.688789],[-59.759052,3.633951],[-59.849348,3.605231],[-59.869558,3.559103],[-59.842536,3.55304],[-59.836686,3.52588],[-59.805415,3.510717],[-59.840427,3.442413],[-59.821112,3.416871],[-59.805268,3.355687],[-59.86861,3.279795],[-59.908361,3.211618],[-59.899659,3.156201],[-59.955634,3.082233],[-59.962121,3.015726],[-59.94676,3.001445],[-59.984193,2.928603],[-59.977827,2.896625],[-59.991685,2.835922],[-59.98813,2.679432],[-59.962986,2.614064],[-59.972491,2.598683],[-59.929029,2.569473],[-59.938003,2.551945],[-59.897656,2.482243],[-59.891182,2.424879],[-59.909234,2.388854],[-59.898827,2.362586],[-59.829036,2.329188],[-59.779835,2.285896],[-59.741313,2.29288],[-59.72342,2.276683],[-59.719948,2.237193],[-59.739488,2.146639],[-59.723075,2.098361],[-59.742026,2.074158],[-59.729662,2.030291],[-59.73877,1.94787],[-59.751367,1.906589],[-59.724099,1.840829],[-59.703012,1.851668],[-59.650411,1.844808],[-59.655121,1.816193],[-59.679172,1.807622],[-59.691418,1.756631],[-59.633251,1.74131],[-59.619554,1.717105],[-59.566521,1.735487],[-59.532825,1.716062],[-59.511253,1.667596],[-59.492873,1.673318],[-59.489694,1.634987],[-59.445756,1.617966],[-59.430455,1.564223],[-59.371769,1.505282],[-59.329636,1.514318],[-59.326759,1.46146],[-59.302112,1.465841],[-59.252295,1.387673],[-59.170054,1.356889],[-59.087095,1.346778],[-59.047857,1.321564],[-58.995305,1.328157],[-58.983245,1.30482],[-58.916926,1.315583],[-58.923957,1.290188],[-58.887989,1.261865],[-58.895692,1.229619],[-58.858066,1.186345],[-58.773139,1.186322],[-58.730805,1.209395],[-58.70923,1.293705],[-58.663495,1.279566],[-58.635094,1.29038],[-58.583469,1.263061],[-58.567183,1.296201],[-58.542761,1.291323],[-58.521065,1.257283],[-58.498697,1.265878],[-58.471202,1.312277],[-58.477,1.343543],[-58.45671,1.372622],[-58.506791,1.402757],[-58.51148,1.461439],[-58.445302,1.45498],[-58.38814,1.467653],[-58.387262,1.536437],[-58.341524,1.551058],[-58.325622,1.59664],[-58.321046,1.565123],[-58.261007,1.569575],[-58.233398,1.545939],[-58.191925,1.572836],[-58.15365,1.540036],[-58.129782,1.497742],[-58.063317,1.525028],[-58.001664,1.501742],[-57.988784,1.538962],[-57.980439,1.657587],[-57.923773,1.642028],[-57.893857,1.674695],[-57.85055,1.689254],[-57.804979,1.685545],[-57.794647,1.723907],[-57.7011,1.715122],[-57.652735,1.678717],[-57.578256,1.706204],[-57.564587,1.68667],[-57.541285,1.72178],[-57.514965,1.723688],[-57.508622,1.773166],[-57.445582,1.810648],[-57.432191,1.862608],[-57.433737,1.908265],[-57.363364,1.929097],[-57.358076,1.972731],[-57.315119,1.980925],[-57.307686,1.999376],[-57.268328,1.978138],[-57.252379,1.948771],[-57.230049,1.951541],[-57.182924,1.99919],[-57.150163,1.991298],[-57.111197,2.033462],[-57.086398,2.029618],[-57.069671,1.96239],[-57.028313,1.951087],[-57.027711,1.92554],[-56.971351,1.892078],[-56.962558,1.869271],[-56.925453,1.889258],[-56.937798,1.913071],[-56.920875,1.934668],[-56.913623,1.893523],[-56.845916,1.89294],[-56.803238,1.874737],[-56.797297,1.846004],[-56.736258,1.896135],[-56.714524,1.924778],[-56.651107,1.915528],[-56.628662,1.943469],[-56.595352,1.932192],[-56.582449,1.904647],[-56.542491,1.912829],[-56.449274,1.956227],[-56.405581,1.917356],[-56.360245,1.943903],[-56.30998,1.922467],[-56.267749,1.88392],[-56.217099,1.903632],[-56.171903,1.900328],[-56.098538,1.851146],[-56.034765,1.855288],[-56.000302,1.83614],[-55.957385,1.85224],[-55.895271,1.894988],[-55.930238,1.945989],[-55.939308,1.993014],[-55.906291,1.999525],[-55.898883,2.029252],[-55.932319,2.057304],[-55.925777,2.074169],[-55.959735,2.086383],[-56.002072,2.16843],[-56.033428,2.169003],[-56.052192,2.191274],[-56.033331,2.217229],[-56.046886,2.235186],[-56.098603,2.240174],[-56.138096,2.264779],[-56.106055,2.319702],[-56.090348,2.367814],[-56.049455,2.335393],[-55.98602,2.431207],[-56.012422,2.4459],[-55.976778,2.492951],[-55.975469,2.525274],[-55.921495,2.52803],[-55.880139,2.48814],[-55.829501,2.457823],[-55.76476,2.455298],[-55.747914,2.409301],[-55.709411,2.39938],[-55.696461,2.418913],[-55.625969,2.417011],[-55.58696,2.435435],[-55.569153,2.423894],[-55.492535,2.4451],[-55.424985,2.437905],[-55.372476,2.410954],[-55.344228,2.457698],[-55.351344,2.505852],[-55.315437,2.530209],[-55.266412,2.509617],[-55.248631,2.485855],[-55.221299,2.5173],[-55.185723,2.532143],[-55.186594,2.560759],[-55.126797,2.571799],[-55.117559,2.516073],[-55.074218,2.52592],[-55.015668,2.588593],[-54.978743,2.597113],[-54.939113,2.632236],[-54.933389,2.589308],[-54.971688,2.566529],[-54.945664,2.528489],[-54.909975,2.501614],[-54.912319,2.484893],[-54.872245,2.474142],[-54.870989,2.435956],[-54.828218,2.421352],[-54.760322,2.463477],[-54.696483,2.462346],[-54.686568,2.413745],[-54.71369,2.407501],[-54.716831,2.377604],[-54.693928,2.352865],[-54.663712,2.356515],[-54.642982,2.322198],[-54.601218,2.337553],[-54.587591,2.322276],[-54.536499,2.325127],[-54.513719,2.280372],[-54.548714,2.269652],[-54.50356,2.25434],[-54.478223,2.215942],[-54.415352,2.199032],[-54.373386,2.227349],[-54.35398,2.202855],[-54.362811,2.177776],[-54.267102,2.143539],[-54.183496,2.177239],[-54.181767,2.152234],[-54.14363,2.116579],[-54.106352,2.120896],[-54.064969,2.196647],[-54.0153,2.182531],[-53.984654,2.212095],[-53.939984,2.219907],[-53.935936,2.283908],[-53.885159,2.275006],[-53.883404,2.308341],[-53.848988,2.313827],[-53.810908,2.352121],[-53.768531,2.375185],[-53.72093,2.350732],[-53.746812,2.309724],[-53.696142,2.309977],[-53.696928,2.293219],[-53.618897,2.272681],[-53.611784,2.281677],[-53.552438,2.257189],[-53.543417,2.267731],[-53.46974,2.251898],[-53.444379,2.27654],[-53.371299,2.312854],[-53.358814,2.347139],[-53.316885,2.340256],[-53.309786,2.314742],[-53.260143,2.293376],[-53.263415,2.275907],[-53.226405,2.254528],[-53.274289,2.211093],[-53.099752,2.225718],[-53.053872,2.190813],[-52.987498,2.168146],[-52.91048,2.188039],[-52.871499,2.260462],[-52.841969,2.291777],[-52.716777,2.343738],[-52.660565,2.374416],[-52.636688,2.444623],[-52.617626,2.445191],[-52.551935,2.519978],[-52.561136,2.5506],[-52.527577,2.582032],[-52.555722,2.637827],[-52.532642,2.650176],[-52.475592,2.765027],[-52.477999,2.781646],[-52.42264,2.889855],[-52.377189,2.916548],[-52.395538,2.929701],[-52.326108,3.076618],[-52.352856,3.126532],[-52.329384,3.166251],[-52.299361,3.178215],[-52.292515,3.22642],[-52.260448,3.253004],[-52.233764,3.240845],[-52.18969,3.298598],[-52.092916,3.478497],[-52.019559,3.593281],[-51.98816,3.628179],[-51.973906,3.706278],[-51.924339,3.722593],[-51.92676,3.768689],[-51.869524,3.808422],[-51.798638,3.888137],[-51.784431,3.915236],[-51.780713,3.969246],[-51.744945,4.002873],[-51.672042,4.037095],[-51.651126,4.067087],[-51.635881,4.124681],[-51.629464,4.19541],[-51.669637,4.282292],[-51.677791,4.335429],[-51.670017,4.425428],[-51.636494,4.452745],[-51.628417,4.504338],[-51.485878,4.437176],[-51.394227,4.364976],[-51.283362,4.250269],[-51.216393,4.149958],[-51.188513,4.076914],[-51.175647,4.010861],[-51.179298,3.919493],[-51.101868,3.912798],[-51.080679,3.884807],[-51.091174,3.738467],[-51.081777,3.559537],[-51.091014,3.480485],[-51.109311,3.450628],[-51.086539,3.350171],[-51.032825,3.213691],[-51.044406,3.134004],[-51.014296,3.085557],[-51.021165,3.051375],[-50.998831,3.011034],[-50.983767,2.937066],[-50.948961,2.875346],[-50.954206,2.837241],[-50.906215,2.781902],[-50.887304,2.746237],[-50.88044,2.684201],[-50.847718,2.64034],[-50.827009,2.512771],[-50.792835,2.496705],[-50.770371,2.453419],[-50.768098,2.40731],[-50.740796,2.309011],[-50.72263,2.287742],[-50.725271,2.252708],[-50.686635,2.191046],[-50.681869,2.133399],[-50.642522,2.112946],[-50.598059,2.063829],[-50.582664,1.989635],[-50.52562,1.929938],[-50.474967,1.838594],[-50.423723,1.804464],[-50.373543,1.801124],[-50.324613,1.815384],[-50.289693,1.807877],[-50.158691,1.811212],[-50.032211,1.759704],[-49.958133,1.719671],[-49.920615,1.687929],[-49.9003,1.602327],[-49.898519,1.55714],[-49.881698,1.500055],[-49.875835,1.423138],[-49.883644,1.339985],[-49.904266,1.295594],[-49.900316,1.21287],[-49.883085,1.169078],[-49.889783,1.013596],[-49.944143,0.959359],[-49.989016,0.93951],[-50.002475,0.906417],[-49.988377,0.874844],[-50.020261,0.858774],[-50.097362,0.767049],[-50.153401,0.749739],[-50.220391,0.74312],[-50.226089,0.696237],[-50.213507,0.655971],[-50.133489,0.619619],[-50.104358,0.639547],[-50.072639,0.635796],[-50.037305,0.601883],[-50.036417,0.534181],[-50.077433,0.463445],[-50.172735,0.397644],[-50.167819,0.34029],[-50.131691,0.330666],[-50.098448,0.344466],[-49.992905,0.338414],[-49.980508,0.360502],[-49.945911,0.365773],[-49.889218,0.322504],[-49.828279,0.355427],[-49.807789,0.332049],[-49.724753,0.377646],[-49.661503,0.39299],[-49.618123,0.392056],[-49.573165,0.416558],[-49.547757,0.390135],[-49.503173,0.371683],[-49.488629,0.334198],[-49.533978,0.289201],[-49.583734,0.27254],[-49.633287,0.241349],[-49.644451,0.216663],[-49.692719,0.178097],[-49.699579,0.150503],[-49.665659,0.096562],[-49.632226,0.074898],[-49.582583,0.089662],[-49.478954,0.081067],[-49.397012,0.062163],[-49.36948,0.037796],[-49.358934,-0.025915],[-49.415481,-0.066231],[-49.438613,-0.126489],[-49.422193,-0.168449],[-49.382553,-0.191525],[-49.334554,-0.160523],[-49.255943,-0.15982],[-49.164635,-0.130341],[-49.15596,-0.157796],[-49.125504,-0.171513],[-49.109462,-0.161255],[-49.039428,-0.169337],[-49.012624,-0.15988],[-48.997265,-0.18621],[-48.939562,-0.225758],[-48.834711,-0.222649],[-48.810082,-0.214769],[-48.743728,-0.249922],[-48.711971,-0.251845],[-48.63846,-0.232276],[-48.503672,-0.242505],[-48.428803,-0.227164],[-48.396911,-0.251632],[-48.374635,-0.303067],[-48.388253,-0.352692],[-48.441109,-0.412212],[-48.473727,-0.526716],[-48.470598,-0.614055],[-48.488026,-0.733958],[-48.512178,-0.759689],[-48.506066,-0.810435],[-48.474712,-0.873898],[-48.365799,-0.918925],[-48.293771,-0.919674],[-48.268461,-0.902923],[-48.229494,-0.82782],[-48.1778,-0.821015],[-48.158407,-0.774213],[-48.051386,-0.659469],[-48.019694,-0.686558],[-47.994377,-0.693992],[-47.983347,-0.692601],[-47.964623,-0.642079],[-47.917346,-0.623238],[-47.907981,-0.602634],[-47.917121,-0.566449],[-47.858741,-0.57037],[-47.853637,-0.635968],[-47.865678,-0.670573],[-47.836217,-0.679797],[-47.82088,-0.637475],[-47.830579,-0.60956],[-47.808431,-0.555814],[-47.807974,-0.587857],[-47.755446,-0.5464],[-47.703875,-0.534579],[-47.691207,-0.553425],[-47.702132,-0.593411],[-47.666199,-0.575734],[-47.632732,-0.602103],[-47.644688,-0.682947],[-47.629122,-0.707274],[-47.586575,-0.638249],[-47.589811,-0.576107],[-47.564273,-0.581596],[-47.531532,-0.616353],[-47.481562,-0.739083],[-47.469992,-0.693755],[-47.484698,-0.618165],[-47.474353,-0.592275],[-47.421313,-0.584764],[-47.410827,-0.601561],[-47.430839,-0.640792],[-47.395301,-0.6538],[-47.38628,-0.604685],[-47.323707,-0.591979],[-47.286366,-0.602954],[-47.294479,-0.644747],[-47.250683,-0.645291],[-47.261958,-0.62429],[-47.218196,-0.632685],[-47.204586,-0.698141],[-47.170946,-0.676263],[-47.160477,-0.762279],[-47.1273,-0.714756],[-47.121185,-0.676211],[-47.076836,-0.691904],[-47.090863,-0.737819],[-47.077771,-0.784052],[-47.0354,-0.790616],[-47.027898,-0.763664],[-47.002658,-0.760796],[-46.99066,-0.711902],[-46.958114,-0.710748],[-46.946152,-0.730996],[-46.970296,-0.767484],[-46.942243,-0.807467],[-46.941216,-0.869241],[-46.916127,-0.852421],[-46.912823,-0.82112],[-46.883676,-0.807652],[-46.883664,-0.767179],[-46.83602,-0.746713],[-46.824658,-0.803403],[-46.844145,-0.81818],[-46.827634,-0.842216],[-46.804411,-0.826777],[-46.809533,-0.860182],[-46.788521,-0.868738],[-46.766151,-0.839591],[-46.764401,-0.804006],[-46.739773,-0.820756],[-46.735446,-0.862231],[-46.676074,-0.83118],[-46.665294,-0.791218],[-46.629314,-0.800823],[-46.596122,-0.841946],[-46.642123,-0.90949],[-46.624984,-0.921187],[-46.63641,-0.969079],[-46.601558,-0.957048],[-46.576288,-0.980579],[-46.556477,-0.917744],[-46.532822,-0.908576],[-46.531318,-0.952995],[-46.495845,-0.872195],[-46.423803,-0.866448],[-46.410257,-0.88764],[-46.459845,-0.903449],[-46.480367,-0.923799],[-46.465357,-0.951704],[-46.494917,-0.975735],[-46.469398,-0.981219],[-46.469081,-1.025285],[-46.428374,-1.024123],[-46.396228,-0.996903],[-46.389506,-1.020678],[-46.371708,-1.028246],[-46.346367,-1.007248],[-46.319284,-1.023711],[-46.287734,-0.999412],[-46.266681,-0.961285],[-46.264829,-0.913417],[-46.207586,-0.885616],[-46.181912,-0.909484],[-46.175747,-0.94281],[-46.21276,-0.979343],[-46.205879,-1.064342],[-46.239557,-1.098246],[-46.193477,-1.079606],[-46.178636,-1.002756],[-46.160499,-1.005177],[-46.15277,-1.088666],[-46.141294,-1.058158],[-46.094551,-1.020623],[-46.07235,-1.045828],[-46.093792,-1.054643],[-46.061813,-1.097198],[-46.08714,-1.134422],[-46.104111,-1.201967],[-46.150825,-1.232643],[-46.140079,-1.247689],[-46.161577,-1.281888],[-46.128939,-1.334259],[-46.103725,-1.337287],[-46.153465,-1.425604],[-46.137727,-1.437134],[-46.176138,-1.477387],[-46.144083,-1.517831],[-46.133628,-1.581822],[-46.165877,-1.634374],[-46.155326,-1.675402],[-46.211223,-1.727174],[-46.247575,-1.720923],[-46.311883,-1.733229],[-46.324492,-1.772698],[-46.310052,-1.806275],[-46.258916,-1.794964],[-46.211027,-1.83106],[-46.244796,-1.883906],[-46.222702,-1.910224],[-46.26043,-2.04608],[-46.274601,-2.054625],[-46.273083,-2.120111],[-46.300201,-2.14594],[-46.283294,-2.154387],[-46.327271,-2.18623],[-46.347207,-2.221969],[-46.391139,-2.250137],[-46.431941,-2.237053],[-46.416304,-2.273818],[-46.431651,-2.334807],[-46.463312,-2.362241],[-46.446015,-2.381674],[-46.412789,-2.379134],[-46.442156,-2.419415],[-46.436781,-2.50797],[-46.419338,-2.532424],[-46.501721,-2.546773],[-46.487941,-2.568839],[-46.506847,-2.616877],[-46.567344,-2.626786],[-46.596809,-2.663731],[-46.606091,-2.639473],[-46.638099,-2.687208],[-46.663115,-2.693556],[-46.669612,-2.734606],[-46.631354,-2.770868],[-46.626418,-2.806543],[-46.599251,-2.795906],[-46.589571,-2.845781],[-46.640006,-2.85091],[-46.639418,-2.883555],[-46.681143,-2.893609],[-46.654806,-2.932287],[-46.649921,-2.99602],[-46.674154,-3.000209],[-46.676503,-3.094141],[-46.731963,-3.124593],[-46.722627,-3.15913],[-46.768903,-3.176498],[-46.757278,-3.209774],[-46.778974,-3.241069],[-46.806747,-3.245313],[-46.812225,-3.302051],[-46.858648,-3.342981],[-46.884836,-3.335175],[-46.936674,-3.384031],[-46.95632,-3.425874],[-46.948455,-3.476796],[-46.982411,-3.496159],[-46.975688,-3.529732],[-47.003771,-3.534207],[-47.030231,-3.580924],[-47.057048,-3.654581],[-47.037015,-3.667964],[-47.06033,-3.731176],[-47.055923,-3.772627],[-47.078253,-3.811687],[-47.088744,-3.861582],[-47.132544,-3.878654],[-47.148496,-3.914494],[-47.173456,-3.92443],[-47.195187,-3.985609],[-47.276344,-4.030139],[-47.306327,-4.0592],[-47.31868,-4.047625],[-47.346502,-4.101723],[-47.340157,-4.176371],[-47.365828,-4.180639],[-47.37177,-4.245584],[-47.442045,-4.287421],[-47.479539,-4.328497],[-47.476316,-4.35644],[-47.537304,-4.451554],[-47.565713,-4.478537],[-47.583569,-4.522963],[-47.61517,-4.559983],[-47.679959,-4.608615],[-47.724815,-4.606421],[-47.792573,-4.586415],[-47.816156,-4.614725],[-48.001437,-4.758863],[-48.373734,-5.052349],[-48.755152,-5.349167],[-48.712127,-5.353014],[-48.69921,-5.320125],[-48.658353,-5.308195],[-48.60613,-5.3365],[-48.568571,-5.282937],[-48.561073,-5.230196],[-48.519457,-5.192134],[-48.363906,-5.16838],[-48.328684,-5.196595],[-48.234925,-5.228304],[-48.1768,-5.259718],[-48.077373,-5.273431],[-48.00121,-5.234255],[-47.9281,-5.241235],[-47.87292,-5.272361],[-47.86762,-5.342815],[-47.827543,-5.386589],[-47.744316,-5.380136],[-47.66677,-5.421784],[-47.618624,-5.459722],[-47.560262,-5.46321],[-47.500121,-5.525601],[-47.483262,-5.564899],[-47.473703,-5.661979],[-47.493093,-5.710035],[-47.431065,-5.869214],[-47.430507,-5.937795],[-47.447812,-5.996077],[-47.428043,-6.039228],[-47.434479,-6.093115],[-47.423202,-6.160191],[-47.385368,-6.230392],[-47.378643,-6.272756],[-47.408625,-6.32807],[-47.409955,-6.369657],[-47.434205,-6.431185],[-47.416345,-6.483875],[-47.456495,-6.538274],[-47.468789,-6.62125],[-47.498644,-6.671232],[-47.493652,-6.751265],[-47.528896,-6.828115],[-47.507038,-6.872007],[-47.507625,-6.907187],[-47.529572,-6.946017],[-47.54829,-7.018892],[-47.618431,-7.091164],[-47.627452,-7.121585],[-47.660375,-7.151365],[-47.710659,-7.137649],[-47.745131,-7.162504],[-47.737457,-7.216861],[-47.691013,-7.238294],[-47.650655,-7.302256],[-47.627009,-7.300819],[-47.591904,-7.263998],[-47.542899,-7.265384],[-47.499787,-7.293859],[-47.478204,-7.336753],[-47.492994,-7.375874],[-47.57986,-7.41868],[-47.591571,-7.440067],[-47.560841,-7.449834],[-47.502808,-7.439061],[-47.480257,-7.526],[-47.424326,-7.530354],[-47.439829,-7.555024],[-47.399087,-7.56913],[-47.3832,-7.599823],[-47.382282,-7.654602],[-47.35256,-7.641786],[-47.356958,-7.616511],[-47.315354,-7.661885],[-47.336849,-7.664021],[-47.306683,-7.734672],[-47.27502,-7.730396],[-47.236364,-7.805287],[-47.153071,-7.896045],[-47.122048,-7.921911],[-47.098802,-7.979094],[-47.063002,-8.003881],[-47.045791,-8.052766],[-46.997158,-8.066398],[-46.953893,-8.026301],[-46.941286,-7.997722],[-46.895509,-7.985697],[-46.872118,-7.955098],[-46.830069,-7.964143],[-46.786007,-7.952932],[-46.756111,-7.922905],[-46.707534,-7.909791],[-46.650557,-7.909653],[-46.608127,-7.893401],[-46.549642,-7.950184],[-46.501207,-7.973209],[-46.476366,-8.01472],[-46.46586,-8.068968],[-46.482434,-8.088702],[-46.51522,-8.172862],[-46.488586,-8.206807],[-46.509554,-8.239039],[-46.507721,-8.269639],[-46.544001,-8.317433],[-46.593981,-8.327203],[-46.633191,-8.31831],[-46.702602,-8.348164],[-46.728095,-8.386383],[-46.782431,-8.368081],[-46.806751,-8.402379],[-46.796565,-8.44663],[-46.852248,-8.481046],[-46.846027,-8.533576],[-46.903184,-8.593237],[-46.91639,-8.648409],[-46.886945,-8.686488],[-46.931281,-8.726756],[-46.904227,-8.778564],[-46.918143,-8.856994],[-46.992921,-8.878886],[-46.970288,-8.914488],[-47.018277,-8.952939],[-47.020929,-8.987732],[-47.068499,-9.012021],[-47.043487,-9.026546],[-47.068731,-9.063877],[-46.975922,-9.081725],[-46.940293,-9.063737],[-46.926305,-9.134945],[-46.895968,-9.122536],[-46.861113,-9.146423],[-46.852371,-9.186135],[-46.81961,-9.211623],[-46.819151,-9.257435],[-46.847067,-9.292424],[-46.818756,-9.303437],[-46.758675,-9.381221],[-46.754315,-9.413803],[-46.723308,-9.396365],[-46.665977,-9.391914],[-46.632784,-9.411593],[-46.648087,-9.446986],[-46.559925,-9.493992],[-46.574531,-9.52068],[-46.539169,-9.560148],[-46.592389,-9.5872],[-46.61306,-9.665805],[-46.65334,-9.69344],[-46.64439,-9.740329],[-46.596141,-9.747251],[-46.569341,-9.769724],[-46.56248,-9.810691],[-46.512867,-9.797501],[-46.4729,-9.877441],[-46.478755,-9.920051],[-46.465722,-9.93706],[-46.477312,-9.989843],[-46.457081,-10.018013],[-46.445202,-10.077387],[-46.420692,-10.080883],[-46.383972,-10.120142],[-46.367891,-10.168815],[-46.32478,-10.183191],[-46.202006,-10.174012],[-46.168974,-10.211382],[-46.092835,-10.209902],[-46.039005,-10.176737],[-46.02322,-10.18338],[-46.012428,-10.250695],[-46.028207,-10.277105],[-45.999869,-10.296678],[-45.971111,-10.358937],[-45.910934,-10.371086],[-45.887173,-10.340462],[-45.915635,-10.312661],[-45.896731,-10.264294],[-45.86707,-10.254111],[-45.793744,-10.267668],[-45.744025,-10.239954],[-45.727264,-10.203381],[-45.723487,-10.155416],[-45.70198,-10.179354],[-45.699262,-10.258566],[-45.726894,-10.312534],[-45.798188,-10.323252],[-45.82021,-10.45605],[-45.870896,-10.503278],[-45.929221,-10.5216],[-46.060763,-10.600181],[-46.127616,-10.620601],[-46.160762,-10.659439],[-46.150342,-10.69155],[-46.19261,-10.742773],[-46.206198,-10.800464],[-46.226446,-10.782935],[-46.26055,-10.812189],[-46.26727,-10.934806],[-46.34156,-10.939009],[-46.469932,-11.139491],[-46.5522,-11.262797],[-46.576437,-11.341897],[-46.56856,-11.371347],[-46.536773,-11.371814],[-46.524075,-11.463538],[-46.439316,-11.521046],[-46.349773,-11.506181],[-46.250377,-11.536761],[-46.209513,-11.585272],[-46.103705,-11.608211],[-46.080892,-11.624008],[-46.144482,-11.624351],[-46.146746,-11.645231],[-46.200318,-11.648046],[-46.243983,-11.605364],[-46.304427,-11.606178],[-46.384929,-11.625277],[-46.361728,-11.631016],[-46.307754,-11.686568],[-46.332426,-11.734589],[-46.378575,-11.748617],[-46.346075,-11.784337],[-46.349566,-11.835537],[-46.372618,-11.830253],[-46.380985,-11.86307],[-46.325569,-11.908915],[-46.247713,-11.919299],[-46.189916,-11.903223],[-46.232769,-11.936407],[-46.312839,-11.941107],[-46.36393,-11.990862],[-46.421933,-12.0286],[-46.478494,-12.042825],[-46.451077,-12.054341],[-46.384466,-12.051692],[-46.395873,-12.088139],[-46.371525,-12.12312],[-46.400372,-12.167299],[-46.381082,-12.180975],[-46.369969,-12.265434],[-46.384384,-12.294508],[-46.353607,-12.306102],[-46.371612,-12.349812],[-46.300017,-12.363729],[-46.290032,-12.376969],[-46.322638,-12.406198],[-46.340546,-12.451989],[-46.315546,-12.463434],[-46.304412,-12.416812],[-46.270472,-12.431615],[-46.266632,-12.506669],[-46.200502,-12.504195],[-46.269834,-12.55033],[-46.302495,-12.581699],[-46.27687,-12.596163],[-46.29806,-12.637975],[-46.269392,-12.667517],[-46.30574,-12.688637],[-46.268576,-12.714381],[-46.282128,-12.763338],[-46.310502,-12.795539],[-46.27358,-12.815967],[-46.302925,-12.867629],[-46.290084,-12.900042],[-46.312003,-12.90972],[-46.305973,-12.939069],[-46.329476,-12.958477],[-46.24688,-12.940355],[-46.205724,-12.950613],[-46.163188,-12.924001],[-46.112965,-12.918012],[-46.198183,-12.957345],[-46.22935,-12.957588],[-46.3644,-12.990745],[-46.374228,-12.962829],[-46.360239,-12.908988],[-46.373918,-12.851448],[-46.409118,-12.84559],[-46.417981,-12.822438],[-46.432639,-12.928251],[-46.454647,-12.971153],[-46.750606,-12.969156],[-46.822814,-13.006792],[-46.868335,-13.068529],[-46.878229,-13.051663],[-46.928227,-13.092992],[-47.007542,-13.137841],[-47.068599,-13.155673],[-47.090044,-13.181176],[-47.13247,-13.178051],[-47.133891,-13.200765],[-47.167942,-13.211119],[-47.183737,-13.187448],[-47.252375,-13.212608],[-47.281433,-13.264708],[-47.323806,-13.258259],[-47.379719,-13.230605],[-47.391456,-13.25868],[-47.432775,-13.288352],[-47.453903,-13.251744],[-47.432894,-13.238421],[-47.488025,-13.212064],[-47.477447,-13.187192],[-47.540622,-13.191703],[-47.564969,-13.180331],[-47.560962,-13.124813],[-47.615792,-13.103663],[-47.646318,-13.120449],[-47.642833,-13.145003],[-47.669141,-13.167754],[-47.654325,-13.185845],[-47.63966,-13.26429],[-47.661113,-13.302505],[-47.650134,-13.348778],[-47.622349,-13.368714],[-47.679745,-13.468178],[-47.798226,-13.328985],[-47.823604,-13.311707],[-47.884431,-13.320725],[-47.936118,-13.289887],[-47.965753,-13.314728],[-47.988739,-13.276378],[-48.025513,-13.27947],[-48.033961,-13.25377],[-48.079153,-13.242638],[-48.079114,-13.285267],[-48.156507,-13.309503],[-48.167458,-13.24431],[-48.153013,-13.219249],[-48.165927,-13.189304],[-48.15341,-13.161985],[-48.17342,-13.14806],[-48.193111,-13.172896],[-48.232271,-13.169699],[-48.244897,-13.192737],[-48.288469,-13.205406],[-48.305941,-13.23261],[-48.342267,-13.228203],[-48.385352,-13.266103],[-48.458895,-13.280423],[-48.474846,-13.235943],[-48.472483,-13.14056],[-48.518815,-13.140026],[-48.530355,-13.19232],[-48.553659,-13.203275],[-48.553974,-13.303351],[-48.584792,-13.321391],[-48.599862,-13.287986],[-48.577159,-13.18754],[-48.596461,-13.149819],[-48.575942,-13.123929],[-48.602205,-13.05756],[-48.628113,-13.050634],[-48.638663,-13.013433],[-48.676527,-12.992943],[-48.715725,-13.00224],[-48.732506,-12.983913],[-48.735138,-12.921077],[-48.845296,-12.839364],[-48.846565,-12.80921],[-48.870317,-12.803259],[-48.976231,-12.957894],[-49.032299,-12.902383],[-49.04902,-12.913419],[-49.087478,-12.887178],[-49.071523,-12.849654],[-49.104629,-12.835424],[-49.117684,-12.790087],[-49.228863,-12.877295],[-49.280642,-12.970318],[-49.303084,-13.028803],[-49.338582,-13.067121],[-49.355649,-13.156063],[-49.339616,-13.253663],[-49.368315,-13.272299],[-49.909237,-12.97487],[-49.979138,-12.938754],[-49.990996,-12.944789],[-50.082886,-12.907803],[-50.146653,-12.903236],[-50.224497,-12.873038],[-50.225328,-12.860032],[-50.292915,-12.833991],[-50.307685,-12.817417],[-50.302611,-12.747153],[-50.283275,-12.717778],[-50.295352,-12.685701],[-50.26317,-12.665052],[-50.24476,-12.597473],[-50.204162,-12.563558],[-50.229346,-12.531624],[-50.215154,-12.481988],[-50.158594,-12.430618],[-50.148772,-12.396137],[-50.253729,-12.462253],[-50.261692,-12.477222],[-50.324285,-12.506745],[-50.333656,-12.536376],[-50.359402,-12.540389],[-50.434197,-12.649419],[-50.436647,-12.696365],[-50.460177,-12.692681],[-50.465091,-12.7308],[-50.493287,-12.783684],[-50.484169,-12.808875],[-50.510976,-12.860893],[-50.520343,-12.836391],[-50.566956,-12.843419],[-50.622734,-12.819737],[-50.611768,-12.775898],[-50.636119,-12.771146],[-50.622963,-12.734634],[-50.645123,-12.702235],[-50.656206,-12.645994],[-50.696397,-12.649689],[-50.700061,-12.595147],[-50.673876,-12.600121],[-50.686478,-12.569202],[-50.647095,-12.485527],[-50.653043,-12.460076],[-50.623576,-12.455288],[-50.626869,-12.38403],[-50.648918,-12.299093],[-50.631264,-12.284879],[-50.650817,-12.244946],[-50.643713,-12.222963],[-50.681379,-12.216948],[-50.667624,-12.064564],[-50.687076,-12.035633],[-50.682243,-11.990889],[-50.656836,-11.96685],[-50.668019,-11.930122],[-50.639284,-11.884563],[-50.686306,-11.858996],[-50.721596,-11.731712],[-50.663706,-11.677529],[-50.656927,-11.600858],[-50.672898,-11.580986],[-50.715989,-11.57895],[-50.738935,-11.544511],[-50.742068,-11.460347],[-50.728507,-11.382568],[-50.696811,-11.304661],[-50.671323,-11.286739],[-50.65473,-11.215031],[-50.664485,-11.151597],[-50.609454,-11.067449],[-50.632623,-10.93186],[-50.600793,-10.900685],[-50.619044,-10.864098],[-50.612195,-10.81032],[-50.570592,-10.752505],[-50.602895,-10.658234],[-50.563175,-10.611321],[-50.541429,-10.609323],[-50.519732,-10.562479],[-50.51679,-10.505544],[-50.482624,-10.490043],[-50.473728,-10.404905],[-50.418116,-10.354558],[-50.423062,-10.327441],[-50.381954,-10.212119],[-50.398262,-10.155466],[-50.377813,-10.110717],[-50.339843,-10.06094],[-50.302646,-10.035415],[-50.265532,-9.912678],[-50.224811,-9.841153],[-50.839909,-9.801023],[-51.304288,-9.772864],[-53.000472,-9.655271],[-54.106613,-9.571918],[-54.613455,-9.535826],[-55.487367,-9.46535],[-56.671887,-9.367396],[-56.708384,-9.373206],[-56.754268,-9.406368],[-56.772328,-9.390955],[-56.775518,-9.329527],[-56.820113,-9.246336],[-56.949324,-9.223989],[-56.995546,-9.233847],[-57.060132,-9.181964],[-57.06044,-9.137132],[-57.03924,-9.098294],[-57.090033,-9.038214],[-57.094601,-9.017112],[-57.138273,-8.994613],[-57.203771,-8.920816],[-57.235496,-8.907433],[-57.28948,-8.915825],[-57.317887,-8.885712],[-57.384383,-8.879555],[-57.416214,-8.858993],[-57.417502,-8.792612],[-57.463532,-8.784746],[-57.523001,-8.749738],[-57.592939,-8.756473],[-57.605302,-8.662835],[-57.622587,-8.645011],[-57.622246,-8.591185],[-57.650502,-8.553369],[-57.633418,-8.526809],[-57.659054,-8.50039],[-57.653997,-8.465072],[-57.686558,-8.407006],[-57.667802,-8.363938],[-57.680221,-8.326943],[-57.641669,-8.219882],[-57.672884,-8.172638],[-57.718751,-8.151222],[-57.732533,-8.08916],[-57.77653,-8.052177],[-57.831866,-7.961513],[-57.835024,-7.881411],[-57.879645,-7.781904],[-57.89675,-7.677888],[-57.939559,-7.653132],[-57.952058,-7.580144],[-58.002169,-7.488127],[-58.039838,-7.446345],[-58.061364,-7.395193],[-58.137886,-7.349025],[-58.213063,-7.458533],[-58.222727,-7.524041],[-58.202173,-7.620853],[-58.275991,-7.699669],[-58.29406,-7.771538],[-58.378216,-7.827441],[-58.375132,-7.899001],[-58.331506,-7.968767],[-58.321731,-8.024982],[-58.286367,-8.088474],[-58.29017,-8.135604],[-58.322464,-8.170042],[-58.312948,-8.209106],[-58.328079,-8.285832],[-58.314897,-8.323062],[-58.352529,-8.352633],[-58.354574,-8.392753],[-58.417803,-8.489523],[-58.405102,-8.537559],[-58.410467,-8.570389],[-58.389518,-8.59479],[-58.437297,-8.703352],[-58.411954,-8.720605],[-58.37585,-8.70371],[-58.328364,-8.712177],[-58.388006,-8.774789],[-58.442864,-8.799402],[-58.997404,-8.803079],[-59.481363,-8.803321],[-60.000524,-8.800885],[-60.420178,-8.79662],[-61.583135,-8.798691],[-61.527193,-8.81686],[-61.512464,-8.860556],[-61.469213,-8.920114],[-61.50573,-8.966187],[-61.555751,-9.092407]]],[[[-48.968554,-0.189408],[-48.986729,-0.17999],[-48.975268,-0.17578],[-48.968554,-0.189408]]],[[[-48.974956,-0.166825],[-48.977047,-0.17233],[-48.981487,-0.166512],[-48.974956,-0.166825]]],[[[-49.121663,-0.156914],[-49.143348,-0.159055],[-49.151141,-0.135754],[-49.121663,-0.156914]]],[[[-49.452432,0.112058],[-49.502369,0.117385],[-49.476905,0.148204],[-49.452432,0.112058]]],[[[-49.615397,0.152822],[-49.677453,0.15572],[-49.660683,0.187261],[-49.606623,0.181386],[-49.615397,0.152822]]],[[[-49.607905,0.191954],[-49.554928,0.20643],[-49.568346,0.181007],[-49.607905,0.191954]]],[[[-49.602141,0.242763],[-49.557818,0.243867],[-49.618082,0.199243],[-49.631886,0.210266],[-49.602141,0.242763]]],[[[-50.317424,1.947503],[-50.366991,1.889451],[-50.425504,1.867017],[-50.454914,1.888496],[-50.498638,1.99454],[-50.52123,2.00543],[-50.509638,2.08271],[-50.46843,2.100003],[-50.457416,2.112696],[-50.405408,2.111258],[-50.360765,2.057363],[-50.361076,2.019024],[-50.321956,1.975228],[-50.317424,1.947503]]],[[[-50.523231,2.182063],[-50.466761,2.184675],[-50.423907,2.1468],[-50.422633,2.118464],[-50.45822,2.115243],[-50.507659,2.099893],[-50.55243,2.150301],[-50.523231,2.182063]]],[[[-48.432805,-0.807166],[-48.429385,-0.805028],[-48.427936,-0.807448],[-48.432805,-0.807166]]],[[[-47.992919,-0.681542],[-47.992231,-0.693485],[-47.996423,-0.681555],[-47.992919,-0.681542]]],[[[-48.008127,-0.682847],[-48.015376,-0.683657],[-48.012231,-0.661941],[-48.008127,-0.682847]]],[[[-47.842399,-0.67183],[-47.84613,-0.662636],[-47.840008,-0.6587],[-47.842399,-0.67183]]],[[[-47.970807,-0.654965],[-47.98161,-0.673407],[-47.984505,-0.656214],[-47.970807,-0.654965]]],[[[-47.836658,-0.664782],[-47.837999,-0.656179],[-47.834761,-0.659026],[-47.836658,-0.664782]]],[[[-47.827173,-0.648775],[-47.829766,-0.63664],[-47.822861,-0.63398],[-47.827173,-0.648775]]],[[[-47.85444,-0.640069],[-47.852586,-0.635984],[-47.85192,-0.636604],[-47.85444,-0.640069]]],[[[-47.921072,-0.593242],[-47.917698,-0.589911],[-47.909926,-0.5993],[-47.921072,-0.593242]]],[[[-47.921732,-0.581219],[-47.921575,-0.576741],[-47.913985,-0.584377],[-47.921732,-0.581219]]],[[[-48.865318,-0.191297],[-48.924555,-0.213979],[-48.945991,-0.20886],[-48.930006,-0.160454],[-48.886987,-0.153201],[-48.865318,-0.191297]]],[[[-48.937683,-0.171941],[-48.948227,-0.18179],[-48.945229,-0.171646],[-48.937683,-0.171941]]],[[[-48.760908,-0.184853],[-48.761704,-0.165356],[-48.747168,-0.171457],[-48.760908,-0.184853]]],[[[-48.731779,-0.172957],[-48.736469,-0.172067],[-48.73488,-0.167861],[-48.731779,-0.172957]]],[[[-46.43676,-1.019059],[-46.437542,-1.018918],[-46.436761,-1.01845],[-46.43676,-1.019059]]],[[[-46.437535,-1.017788],[-46.438621,-1.018319],[-46.440015,-1.01791],[-46.437535,-1.017788]]],[[[-46.374776,-1.018788],[-46.381425,-1.022389],[-46.38565,-1.006022],[-46.374776,-1.018788]]],[[[-46.433348,-1.014147],[-46.445524,-1.017466],[-46.433925,-1.005793],[-46.433348,-1.014147]]],[[[-46.440483,-1.006042],[-46.436633,-1.004276],[-46.439449,-1.006299],[-46.440483,-1.006042]]],[[[-46.312809,-1.00733],[-46.33998,-0.959845],[-46.306604,-0.943253],[-46.312809,-1.00733]]],[[[-46.480717,-0.973803],[-46.486208,-0.972892],[-46.481459,-0.971124],[-46.480717,-0.973803]]],[[[-46.476002,-0.9687],[-46.468682,-0.963914],[-46.469769,-0.96779],[-46.476002,-0.9687]]],[[[-46.404916,-0.965377],[-46.436224,-0.990397],[-46.41089,-0.940899],[-46.404916,-0.965377]]],[[[-46.606387,-0.955148],[-46.626845,-0.959237],[-46.602553,-0.94149],[-46.606387,-0.955148]]],[[[-46.137231,-0.926821],[-46.155654,-0.952637],[-46.153542,-0.928801],[-46.137231,-0.926821]]],[[[-46.462,-0.908088],[-46.455909,-0.908129],[-46.460639,-0.914729],[-46.462,-0.908088]]],[[[-46.728143,-0.782447],[-46.721287,-0.783126],[-46.723737,-0.790038],[-46.728143,-0.782447]]]]}},{"type":"Feature","properties":{"regiao_id":2,"regiao":"Nordeste","ordem_regiao":2},"geometry":{"type":"MultiPolygon","coordinates":[[[[-46.367891,-10.168815],[-46.383972,-10.120142],[-46.420692,-10.080883],[-46.445202,-10.077387],[-46.457081,-10.018013],[-46.477312,-9.989843],[-46.465722,-9.93706],[-46.478755,-9.920051],[-46.4729,-9.877441],[-46.512867,-9.797501],[-46.56248,-9.810691],[-46.569341,-9.769724],[-46.596141,-9.747251],[-46.64439,-9.740329],[-46.65334,-9.69344],[-46.61306,-9.665805],[-46.592389,-9.5872],[-46.539169,-9.560148],[-46.574531,-9.52068],[-46.559925,-9.493992],[-46.648087,-9.446986],[-46.632784,-9.411593],[-46.665977,-9.391914],[-46.723308,-9.396365],[-46.754315,-9.413803],[-46.758675,-9.381221],[-46.818756,-9.303437],[-46.847067,-9.292424],[-46.819151,-9.257435],[-46.81961,-9.211623],[-46.852371,-9.186135],[-46.861113,-9.146423],[-46.895968,-9.122536],[-46.926305,-9.134945],[-46.940293,-9.063737],[-46.975922,-9.081725],[-47.068731,-9.063877],[-47.043487,-9.026546],[-47.068499,-9.012021],[-47.020929,-8.987732],[-47.018277,-8.952939],[-46.970288,-8.914488],[-46.992921,-8.878886],[-46.918143,-8.856994],[-46.904227,-8.778564],[-46.931281,-8.726756],[-46.886945,-8.686488],[-46.91639,-8.648409],[-46.903184,-8.593237],[-46.846027,-8.533576],[-46.852248,-8.481046],[-46.796565,-8.44663],[-46.806751,-8.402379],[-46.782431,-8.368081],[-46.728095,-8.386383],[-46.702602,-8.348164],[-46.633191,-8.31831],[-46.593981,-8.327203],[-46.544001,-8.317433],[-46.507721,-8.269639],[-46.509554,-8.239039],[-46.488586,-8.206807],[-46.51522,-8.172862],[-46.482434,-8.088702],[-46.46586,-8.068968],[-46.476366,-8.01472],[-46.501207,-7.973209],[-46.549642,-7.950184],[-46.608127,-7.893401],[-46.650557,-7.909653],[-46.707534,-7.909791],[-46.756111,-7.922905],[-46.786007,-7.952932],[-46.830069,-7.964143],[-46.872118,-7.955098],[-46.895509,-7.985697],[-46.941286,-7.997722],[-46.953893,-8.026301],[-46.997158,-8.066398],[-47.045791,-8.052766],[-47.063002,-8.003881],[-47.098802,-7.979094],[-47.122048,-7.921911],[-47.153071,-7.896045],[-47.236364,-7.805287],[-47.27502,-7.730396],[-47.306683,-7.734672],[-47.336849,-7.664021],[-47.315354,-7.661885],[-47.356958,-7.616511],[-47.35256,-7.641786],[-47.382282,-7.654602],[-47.3832,-7.599823],[-47.399087,-7.56913],[-47.439829,-7.555024],[-47.424326,-7.530354],[-47.480257,-7.526],[-47.502808,-7.439061],[-47.560841,-7.449834],[-47.591571,-7.440067],[-47.57986,-7.41868],[-47.492994,-7.375874],[-47.478204,-7.336753],[-47.499787,-7.293859],[-47.542899,-7.265384],[-47.591904,-7.263998],[-47.627009,-7.300819],[-47.650655,-7.302256],[-47.691013,-7.238294],[-47.737457,-7.216861],[-47.745131,-7.162504],[-47.710659,-7.137649],[-47.660375,-7.151365],[-47.627452,-7.121585],[-47.618431,-7.091164],[-47.54829,-7.018892],[-47.529572,-6.946017],[-47.507625,-6.907187],[-47.507038,-6.872007],[-47.528896,-6.828115],[-47.493652,-6.751265],[-47.498644,-6.671232],[-47.468789,-6.62125],[-47.456495,-6.538274],[-47.416345,-6.483875],[-47.434205,-6.431185],[-47.409955,-6.369657],[-47.408625,-6.32807],[-47.378643,-6.272756],[-47.385368,-6.230392],[-47.423202,-6.160191],[-47.434479,-6.093115],[-47.428043,-6.039228],[-47.447812,-5.996077],[-47.430507,-5.937795],[-47.431065,-5.869214],[-47.493093,-5.710035],[-47.473703,-5.661979],[-47.483262,-5.564899],[-47.500121,-5.525601],[-47.560262,-5.46321],[-47.618624,-5.459722],[-47.66677,-5.421784],[-47.744316,-5.380136],[-47.827543,-5.386589],[-47.86762,-5.342815],[-47.87292,-5.272361],[-47.9281,-5.241235],[-48.00121,-5.234255],[-48.077373,-5.273431],[-48.1768,-5.259718],[-48.234925,-5.228304],[-48.328684,-5.196595],[-48.363906,-5.16838],[-48.519457,-5.192134],[-48.561073,-5.230196],[-48.568571,-5.282937],[-48.60613,-5.3365],[-48.658353,-5.308195],[-48.69921,-5.320125],[-48.712127,-5.353014],[-48.755152,-5.349167],[-48.373734,-5.052349],[-48.001437,-4.758863],[-47.816156,-4.614725],[-47.792573,-4.586415],[-47.724815,-4.606421],[-47.679959,-4.608615],[-47.61517,-4.559983],[-47.583569,-4.522963],[-47.565713,-4.478537],[-47.537304,-4.451554],[-47.476316,-4.35644],[-47.479539,-4.328497],[-47.442045,-4.287421],[-47.37177,-4.245584],[-47.365828,-4.180639],[-47.340157,-4.176371],[-47.346502,-4.101723],[-47.31868,-4.047625],[-47.306327,-4.0592],[-47.276344,-4.030139],[-47.195187,-3.985609],[-47.173456,-3.92443],[-47.148496,-3.914494],[-47.132544,-3.878654],[-47.088744,-3.861582],[-47.078253,-3.811687],[-47.055923,-3.772627],[-47.06033,-3.731176],[-47.037015,-3.667964],[-47.057048,-3.654581],[-47.030231,-3.580924],[-47.003771,-3.534207],[-46.975688,-3.529732],[-46.982411,-3.496159],[-46.948455,-3.476796],[-46.95632,-3.425874],[-46.936674,-3.384031],[-46.884836,-3.335175],[-46.858648,-3.342981],[-46.812225,-3.302051],[-46.806747,-3.245313],[-46.778974,-3.241069],[-46.757278,-3.209774],[-46.768903,-3.176498],[-46.722627,-3.15913],[-46.731963,-3.124593],[-46.676503,-3.094141],[-46.674154,-3.000209],[-46.649921,-2.99602],[-46.654806,-2.932287],[-46.681143,-2.893609],[-46.639418,-2.883555],[-46.640006,-2.85091],[-46.589571,-2.845781],[-46.599251,-2.795906],[-46.626418,-2.806543],[-46.631354,-2.770868],[-46.669612,-2.734606],[-46.663115,-2.693556],[-46.638099,-2.687208],[-46.606091,-2.639473],[-46.596809,-2.663731],[-46.567344,-2.626786],[-46.506847,-2.616877],[-46.487941,-2.568839],[-46.501721,-2.546773],[-46.419338,-2.532424],[-46.436781,-2.50797],[-46.442156,-2.419415],[-46.412789,-2.379134],[-46.446015,-2.381674],[-46.463312,-2.362241],[-46.431651,-2.334807],[-46.416304,-2.273818],[-46.431941,-2.237053],[-46.391139,-2.250137],[-46.347207,-2.221969],[-46.327271,-2.18623],[-46.283294,-2.154387],[-46.300201,-2.14594],[-46.273083,-2.120111],[-46.274601,-2.054625],[-46.26043,-2.04608],[-46.222702,-1.910224],[-46.244796,-1.883906],[-46.211027,-1.83106],[-46.258916,-1.794964],[-46.310052,-1.806275],[-46.324492,-1.772698],[-46.311883,-1.733229],[-46.247575,-1.720923],[-46.211223,-1.727174],[-46.155326,-1.675402],[-46.165877,-1.634374],[-46.133628,-1.581822],[-46.144083,-1.517831],[-46.176138,-1.477387],[-46.137727,-1.437134],[-46.153465,-1.425604],[-46.103725,-1.337287],[-46.128939,-1.334259],[-46.161577,-1.281888],[-46.140079,-1.247689],[-46.150825,-1.232643],[-46.104111,-1.201967],[-46.077082,-1.196246],[-46.075035,-1.161001],[-46.017993,-1.080531],[-46.002775,-1.076326],[-45.99465,-1.053011],[-45.967822,-1.087223],[-45.957763,-1.195139],[-45.946521,-1.195589],[-45.896956,-1.118219],[-45.871552,-1.052533],[-45.843538,-1.082826],[-45.866548,-1.131986],[-45.89959,-1.149779],[-45.912076,-1.166344],[-45.871025,-1.153459],[-45.864079,-1.211847],[-45.825569,-1.202565],[-45.822844,-1.169981],[-45.774792,-1.197454],[-45.764239,-1.195847],[-45.724523,-1.109972],[-45.690908,-1.148663],[-45.736135,-1.207175],[-45.734414,-1.234959],[-45.689895,-1.273606],[-45.646296,-1.23217],[-45.64323,-1.17995],[-45.62575,-1.126454],[-45.61781,-1.180437],[-45.6377,-1.196415],[-45.64023,-1.277275],[-45.587357,-1.270027],[-45.592102,-1.302439],[-45.548941,-1.276379],[-45.546031,-1.300281],[-45.514358,-1.308092],[-45.526781,-1.358773],[-45.504487,-1.376871],[-45.447108,-1.292884],[-45.410165,-1.30181],[-45.422655,-1.353748],[-45.474977,-1.372008],[-45.488797,-1.469381],[-45.463831,-1.477112],[-45.436195,-1.428391],[-45.392584,-1.414279],[-45.37111,-1.394358],[-45.375042,-1.365669],[-45.348614,-1.312554],[-45.308619,-1.332916],[-45.301481,-1.438946],[-45.383409,-1.466654],[-45.308445,-1.496807],[-45.343467,-1.586793],[-45.311933,-1.599446],[-45.24959,-1.587223],[-45.212407,-1.530596],[-45.198019,-1.488423],[-45.176612,-1.495738],[-45.103195,-1.473132],[-45.096706,-1.455468],[-45.048894,-1.490355],[-45.00545,-1.487097],[-44.952924,-1.559936],[-44.948191,-1.538409],[-44.974012,-1.487979],[-44.937125,-1.489874],[-44.920111,-1.462012],[-44.860449,-1.411293],[-44.830541,-1.427712],[-44.8443,-1.489064],[-44.864658,-1.485907],[-44.88221,-1.489917],[-44.918129,-1.541006],[-44.912541,-1.594352],[-44.841821,-1.603202],[-44.836451,-1.574088],[-44.763495,-1.594738],[-44.723359,-1.556721],[-44.710051,-1.578799],[-44.687256,-1.565711],[-44.636332,-1.616557],[-44.658489,-1.659755],[-44.675004,-1.641375],[-44.748269,-1.652024],[-44.799797,-1.704293],[-44.701574,-1.724969],[-44.759372,-1.783033],[-44.645681,-1.764758],[-44.652523,-1.715396],[-44.600589,-1.740199],[-44.61678,-1.758911],[-44.573576,-1.775023],[-44.564608,-1.835326],[-44.534082,-1.822168],[-44.55351,-1.885034],[-44.512709,-1.889078],[-44.482084,-1.988316],[-44.507644,-2.009211],[-44.569115,-2.022181],[-44.533418,-2.036257],[-44.497267,-2.025297],[-44.487776,-2.046231],[-44.55043,-2.088406],[-44.588609,-2.136843],[-44.58729,-2.165557],[-44.634126,-2.228544],[-44.685374,-2.263005],[-44.671783,-2.287685],[-44.627592,-2.290897],[-44.623223,-2.267346],[-44.538761,-2.188863],[-44.529356,-2.159168],[-44.462615,-2.144965],[-44.398332,-2.215035],[-44.358006,-2.340521],[-44.380066,-2.359281],[-44.387972,-2.408891],[-44.477886,-2.411203],[-44.442941,-2.457518],[-44.477574,-2.48785],[-44.489757,-2.521236],[-44.535599,-2.529829],[-44.55725,-2.604226],[-44.606922,-2.689784],[-44.625354,-2.700848],[-44.623349,-2.736634],[-44.65135,-2.806542],[-44.632621,-2.8459],[-44.654414,-2.895294],[-44.677202,-2.912242],[-44.679447,-2.979083],[-44.662507,-3.012944],[-44.573867,-3.044389],[-44.532497,-3.044048],[-44.496118,-3.026585],[-44.448857,-2.980961],[-44.424818,-2.943938],[-44.406213,-2.882181],[-44.409042,-2.791871],[-44.388666,-2.75377],[-44.391677,-2.720424],[-44.354157,-2.60345],[-44.377723,-2.568494],[-44.355951,-2.532762],[-44.307586,-2.534687],[-44.304565,-2.487502],[-44.225929,-2.476953],[-44.173379,-2.457763],[-44.154361,-2.435943],[-44.094603,-2.406605],[-44.031775,-2.406276],[-44.026523,-2.451296],[-44.052519,-2.47032],[-44.027337,-2.500644],[-44.036158,-2.556691],[-44.092813,-2.57474],[-44.105693,-2.629246],[-44.137069,-2.680873],[-44.251364,-2.73211],[-44.25666,-2.778346],[-44.191676,-2.764569],[-44.129737,-2.764391],[-44.094916,-2.753251],[-44.077574,-2.742622],[-44.003948,-2.638152],[-43.956546,-2.621529],[-43.931224,-2.561625],[-43.891674,-2.554923],[-43.89013,-2.534083],[-43.85015,-2.510037],[-43.838115,-2.416658],[-43.802739,-2.390731],[-43.797348,-2.439136],[-43.726796,-2.386469],[-43.739598,-2.350348],[-43.720357,-2.291389],[-43.627208,-2.25123],[-43.594319,-2.282713],[-43.63036,-2.325963],[-43.644603,-2.40127],[-43.686227,-2.39731],[-43.710465,-2.427161],[-43.739874,-2.432162],[-43.76782,-2.493906],[-43.716959,-2.475883],[-43.701238,-2.512944],[-43.680346,-2.512211],[-43.664065,-2.487943],[-43.624259,-2.510491],[-43.586859,-2.465351],[-43.578605,-2.506137],[-43.558088,-2.479886],[-43.537448,-2.421908],[-43.511654,-2.437738],[-43.507033,-2.477547],[-43.469615,-2.488041],[-43.45662,-2.482621],[-43.451957,-2.443795],[-43.483324,-2.385343],[-43.441426,-2.341695],[-43.407907,-2.335941],[-43.311603,-2.33866],[-43.237418,-2.35869],[-43.060487,-2.43772],[-42.965328,-2.474669],[-42.828719,-2.543355],[-42.761376,-2.546434],[-42.696433,-2.573754],[-42.621011,-2.645084],[-42.562676,-2.678417],[-42.504241,-2.678117],[-42.493859,-2.704925],[-42.364782,-2.715444],[-42.338604,-2.749154],[-42.263553,-2.757908],[-42.25504,-2.675809],[-42.1375,-2.694882],[-42.071259,-2.687041],[-42.042966,-2.729586],[-42.018851,-2.713651],[-41.983788,-2.723175],[-41.910281,-2.718941],[-41.807244,-2.730037],[-41.826013,-2.757267],[-41.781806,-2.758308],[-41.740844,-2.807552],[-41.729604,-2.803025],[-41.612535,-2.896498],[-41.510308,-2.911544],[-41.47836,-2.896023],[-41.420951,-2.909784],[-41.39788,-2.904092],[-41.340351,-2.927437],[-41.322682,-2.921319],[-41.271158,-2.887193],[-41.069082,-2.895206],[-41.002401,-2.889742],[-40.865234,-2.862027],[-40.843895,-2.88541],[-40.760381,-2.848807],[-40.670236,-2.843414],[-40.603141,-2.848288],[-40.5424,-2.822145],[-40.497959,-2.784326],[-40.439168,-2.809256],[-40.326136,-2.806122],[-40.236723,-2.81503],[-40.185332,-2.811677],[-40.143775,-2.840173],[-40.12623,-2.823539],[-39.965594,-2.851359],[-39.861894,-2.899907],[-39.794712,-2.952105],[-39.732534,-2.990536],[-39.67676,-3.001246],[-39.660589,-3.021102],[-39.619824,-3.025986],[-39.592137,-3.069415],[-39.549881,-3.079131],[-39.381824,-3.183577],[-39.341423,-3.180462],[-39.313785,-3.205664],[-39.260243,-3.218151],[-39.227731,-3.240809],[-39.156394,-3.335325],[-39.112736,-3.347116],[-39.091177,-3.38456],[-39.048751,-3.412577],[-39.007417,-3.397052],[-38.973768,-3.411075],[-38.936808,-3.453548],[-38.917939,-3.494296],[-38.852165,-3.54084],[-38.812258,-3.542129],[-38.748324,-3.616889],[-38.695586,-3.643709],[-38.652405,-3.682154],[-38.580667,-3.693532],[-38.495854,-3.725038],[-38.463841,-3.707246],[-38.435822,-3.770572],[-38.360324,-3.884853],[-38.303544,-3.93598],[-38.272864,-3.944677],[-38.192163,-4.040555],[-38.114893,-4.149145],[-38.011119,-4.249523],[-37.988319,-4.260844],[-37.906594,-4.339751],[-37.854163,-4.3795],[-37.770545,-4.401099],[-37.732423,-4.488488],[-37.652363,-4.573214],[-37.603103,-4.6173],[-37.542973,-4.644708],[-37.494675,-4.628659],[-37.478558,-4.646336],[-37.325912,-4.700266],[-37.281576,-4.751696],[-37.252657,-4.83139],[-37.209654,-4.895361],[-37.157639,-4.945374],[-37.106855,-4.92234],[-37.037257,-4.949867],[-36.960533,-4.91843],[-36.91011,-4.949811],[-36.867147,-4.958108],[-36.812162,-5.026057],[-36.729103,-5.077185],[-36.613397,-5.094332],[-36.610408,-5.078445],[-36.542267,-5.088549],[-36.507766,-5.06231],[-36.449229,-5.06644],[-36.388158,-5.086909],[-36.290086,-5.087719],[-36.246738,-5.095947],[-36.128958,-5.092387],[-36.039555,-5.051452],[-35.948299,-5.044359],[-35.879165,-5.068012],[-35.786561,-5.07506],[-35.758826,-5.088772],[-35.638974,-5.119532],[-35.610183,-5.118901],[-35.489531,-5.15705],[-35.460626,-5.194877],[-35.416717,-5.220975],[-35.370705,-5.284586],[-35.35487,-5.354801],[-35.319411,-5.377831],[-35.288005,-5.460558],[-35.26068,-5.480629],[-35.260124,-5.505606],[-35.216211,-5.628489],[-35.217617,-5.671057],[-35.192202,-5.700592],[-35.203439,-5.748323],[-35.179422,-5.798745],[-35.179293,-5.864476],[-35.152937,-5.886274],[-35.145202,-5.962877],[-35.10611,-6.012299],[-35.094965,-6.182444],[-35.078096,-6.211296],[-35.03598,-6.235401],[-35.027202,-6.35099],[-34.99212,-6.370909],[-34.974849,-6.419623],[-34.968462,-6.487201],[-34.965793,-6.60035],[-34.952733,-6.67262],[-34.930785,-6.688182],[-34.927971,-6.740391],[-34.899626,-6.864186],[-34.853942,-6.900616],[-34.866057,-6.930378],[-34.855271,-6.970284],[-34.873954,-6.987107],[-34.865264,-7.029581],[-34.838204,-7.011719],[-34.843124,-6.96235],[-34.825465,-7.005816],[-34.8424,-7.05598],[-34.821485,-7.129783],[-34.796773,-7.147044],[-34.79474,-7.194243],[-34.805897,-7.24268],[-34.797815,-7.343488],[-34.814177,-7.490005],[-34.810099,-7.514274],[-34.833881,-7.548636],[-34.808822,-7.630231],[-34.834648,-7.684096],[-34.823177,-7.751697],[-34.845042,-7.813066],[-34.824501,-7.884502],[-34.822756,-7.942466],[-34.842352,-8.01253],[-34.9088,-8.155144],[-34.917813,-8.211984],[-34.952115,-8.297694],[-34.943854,-8.358567],[-34.955607,-8.356219],[-34.972748,-8.381539],[-34.960554,-8.39567],[-34.999634,-8.485694],[-35.008417,-8.564602],[-35.033777,-8.571608],[-35.090331,-8.694978],[-35.08606,-8.746708],[-35.103706,-8.765453],[-35.134313,-8.842695],[-35.129202,-8.866558],[-35.152649,-8.913852],[-35.181636,-8.978172],[-35.223188,-9.01785],[-35.239769,-9.067996],[-35.279948,-9.125466],[-35.294821,-9.171336],[-35.354117,-9.255209],[-35.458447,-9.343321],[-35.492097,-9.383527],[-35.50002,-9.421658],[-35.525058,-9.442835],[-35.592825,-9.530773],[-35.650796,-9.56854],[-35.690911,-9.619881],[-35.722848,-9.68428],[-35.76114,-9.683246],[-35.81373,-9.730837],[-35.937926,-9.902433],[-36.027295,-10.046341],[-36.058007,-10.084343],[-36.092548,-10.098536],[-36.133847,-10.159795],[-36.167934,-10.172117],[-36.184644,-10.197897],[-36.274438,-10.278453],[-36.298577,-10.313993],[-36.294023,-10.352783],[-36.319235,-10.380596],[-36.387128,-10.497901],[-36.395944,-10.496871],[-36.436791,-10.517053],[-36.612701,-10.588405],[-36.672951,-10.630795],[-36.784425,-10.688231],[-36.867506,-10.758049],[-36.953061,-10.851517],[-37.035828,-10.960212],[-37.035371,-10.979851],[-37.12573,-11.103064],[-37.16611,-11.182499],[-37.255307,-11.282487],[-37.309516,-11.394397],[-37.312214,-11.422987],[-37.341148,-11.442333],[-37.406327,-11.536588],[-37.52471,-11.766245],[-37.610101,-11.955663],[-37.691056,-12.108514],[-37.769354,-12.238371],[-37.812953,-12.293133],[-37.971245,-12.518099],[-38.001461,-12.578008],[-38.040893,-12.610427],[-38.048116,-12.636051],[-38.104405,-12.687725],[-38.24369,-12.852473],[-38.279916,-12.880376],[-38.35263,-12.956722],[-38.38503,-12.956004],[-38.468751,-13.014883],[-38.527831,-13.009942],[-38.643339,-13.015312],[-38.712616,-13.061099],[-38.762274,-13.118938],[-38.829472,-13.152571],[-38.86721,-13.186241],[-38.929183,-13.218356],[-38.964718,-13.294887],[-38.964037,-13.356878],[-38.946236,-13.398926],[-38.91561,-13.373943],[-38.892356,-13.460611],[-38.917045,-13.483788],[-38.932945,-13.545969],[-38.927428,-13.577244],[-38.901392,-13.601754],[-38.891133,-13.640528],[-38.917508,-13.674231],[-38.936397,-13.658046],[-38.971465,-13.672086],[-39.000341,-13.775711],[-38.985416,-13.824678],[-38.92879,-13.906831],[-38.954571,-14.076948],[-38.990677,-14.208415],[-38.995145,-14.26089],[-38.981128,-14.298473],[-39.001318,-14.345941],[-39.035094,-14.531556],[-39.061627,-14.624986],[-39.062191,-14.746953],[-39.027416,-14.783006],[-39.018019,-14.923352],[-38.997593,-14.98672],[-38.996408,-15.219174],[-38.990755,-15.28816],[-38.951673,-15.469116],[-38.942166,-15.539417],[-38.934857,-15.665389],[-38.917323,-15.716006],[-38.852839,-15.849354],[-38.897423,-15.951089],[-38.952047,-16.096953],[-38.948103,-16.15567],[-39.01106,-16.245784],[-39.02041,-16.323973],[-39.008778,-16.374925],[-39.027573,-16.38195],[-39.062119,-16.435784],[-39.061925,-16.473403],[-39.086309,-16.554758],[-39.090139,-16.628958],[-39.103835,-16.698099],[-39.141644,-16.761459],[-39.141967,-16.86844],[-39.111228,-16.895819],[-39.151456,-16.942245],[-39.170538,-17.006787],[-39.182011,-17.112355],[-39.212058,-17.161258],[-39.219475,-17.265659],[-39.217381,-17.336367],[-39.191828,-17.444349],[-39.187879,-17.570664],[-39.176075,-17.63063],[-39.138046,-17.693285],[-39.208053,-17.747345],[-39.206947,-17.77423],[-39.25853,-17.827338],[-39.267668,-17.862927],[-39.318055,-17.89113],[-39.364441,-17.890751],[-39.363451,-17.9063],[-39.425723,-17.933146],[-39.497692,-18.00648],[-39.635417,-18.232305],[-39.667821,-18.337181],[-39.688952,-18.320829],[-40.22235,-17.98042],[-40.263547,-17.922021],[-40.212662,-17.895795],[-40.174126,-17.851561],[-40.204325,-17.82866],[-40.21808,-17.79566],[-40.213836,-17.752438],[-40.255905,-17.719543],[-40.272681,-17.727371],[-40.299016,-17.674571],[-40.322822,-17.66131],[-40.346705,-17.611999],[-40.354661,-17.64427],[-40.371959,-17.612457],[-40.414468,-17.610099],[-40.410685,-17.568231],[-40.445102,-17.578768],[-40.489061,-17.519793],[-40.482996,-17.488509],[-40.577469,-17.413621],[-40.622607,-17.403294],[-40.599381,-17.391822],[-40.604689,-17.356198],[-40.572244,-17.294764],[-40.547746,-17.283708],[-40.569914,-17.241612],[-40.553859,-17.189027],[-40.57916,-17.14825],[-40.55679,-17.089599],[-40.571666,-17.06588],[-40.543498,-16.982768],[-40.515938,-16.962716],[-40.492329,-16.887399],[-40.460382,-16.878453],[-40.417605,-16.899271],[-40.364878,-16.874621],[-40.331524,-16.908031],[-40.281634,-16.901182],[-40.246903,-16.845738],[-40.26913,-16.795763],[-40.323605,-16.80127],[-40.33584,-16.779716],[-40.302998,-16.70369],[-40.31299,-16.675435],[-40.275493,-16.573416],[-40.234125,-16.557934],[-40.212943,-16.572632],[-40.157897,-16.579452],[-40.170351,-16.5248],[-40.141091,-16.496919],[-40.096017,-16.421983],[-40.08398,-16.463923],[-40.04557,-16.422035],[-40.024743,-16.356514],[-39.990071,-16.312177],[-39.970633,-16.326933],[-39.954243,-16.300024],[-39.916676,-16.283844],[-39.935739,-16.243859],[-39.883392,-16.194695],[-39.884272,-16.14489],[-39.856833,-16.113822],[-39.88393,-16.06599],[-39.935684,-16.023748],[-39.914794,-15.999993],[-39.957604,-15.992017],[-40.004437,-16.00184],[-40.013689,-15.984008],[-40.066544,-15.959189],[-40.07013,-15.909817],[-40.156457,-15.899534],[-40.166104,-15.868376],[-40.200074,-15.86251],[-40.231109,-15.80385],[-40.275575,-15.817487],[-40.356719,-15.813018],[-40.374882,-15.82306],[-40.425031,-15.805705],[-40.461428,-15.753228],[-40.484124,-15.775796],[-40.506307,-15.7669],[-40.518282,-15.797514],[-40.564905,-15.801551],[-40.626035,-15.718206],[-40.637517,-15.730284],[-40.68145,-15.699734],[-40.700573,-15.667307],[-40.743812,-15.684011],[-40.767662,-15.714082],[-40.780336,-15.680198],[-40.819033,-15.646339],[-40.841364,-15.682537],[-40.902565,-15.691845],[-40.914333,-15.660979],[-40.963121,-15.648396],[-40.97961,-15.691658],[-41.006061,-15.713833],[-41.078747,-15.719917],[-41.121556,-15.74301],[-41.142527,-15.77205],[-41.2154,-15.737168],[-41.26856,-15.748706],[-41.331203,-15.744676],[-41.356419,-15.500286],[-41.800707,-15.101098],[-41.872538,-15.116451],[-41.89704,-15.151897],[-41.953432,-15.175668],[-41.994692,-15.158875],[-42.084714,-15.186525],[-42.173322,-15.085951],[-42.182959,-15.099648],[-42.247187,-15.109222],[-42.261991,-15.124417],[-42.323691,-15.093564],[-42.35491,-15.098205],[-42.371858,-15.073632],[-42.442936,-15.061323],[-42.443602,-15.020649],[-42.560688,-14.962299],[-42.602541,-14.924679],[-42.620717,-14.943693],[-42.75514,-14.84642],[-42.795524,-14.837345],[-42.890409,-14.766826],[-42.938878,-14.70803],[-43.010951,-14.701662],[-43.068077,-14.680948],[-43.083938,-14.698274],[-43.108027,-14.673169],[-43.174952,-14.651056],[-43.311226,-14.669748],[-43.461277,-14.746231],[-43.468304,-14.784833],[-43.531388,-14.815302],[-43.541641,-14.779131],[-43.586298,-14.750055],[-43.615001,-14.759889],[-43.712008,-14.716452],[-43.846871,-14.672107],[-43.883539,-14.652544],[-43.870894,-14.620833],[-43.88723,-14.585182],[-43.874836,-14.524544],[-43.83196,-14.443011],[-43.82026,-14.391872],[-43.784019,-14.337183],[-43.821512,-14.311789],[-43.847896,-14.321245],[-43.902262,-14.298129],[-43.942897,-14.304704],[-43.969588,-14.274026],[-44.006155,-14.267363],[-44.057145,-14.284264],[-44.107288,-14.259117],[-44.132315,-14.282068],[-44.218055,-14.244977],[-44.302336,-14.253245],[-44.316479,-14.240352],[-44.36634,-14.274006],[-44.428605,-14.286635],[-44.488256,-14.328625],[-44.557203,-14.337033],[-44.658877,-14.395761],[-44.749485,-14.471784],[-44.833236,-14.499826],[-44.82435,-14.539378],[-44.842514,-14.541609],[-44.876954,-14.599187],[-44.980966,-14.645634],[-44.995744,-14.66782],[-45.040323,-14.680486],[-45.065073,-14.730864],[-45.095849,-14.753],[-45.172019,-14.734682],[-45.205571,-14.744739],[-45.258714,-14.789524],[-45.318047,-14.85257],[-45.362277,-14.870775],[-45.410298,-14.923439],[-45.435222,-14.922601],[-45.457922,-14.954724],[-45.490047,-14.960763],[-45.536107,-14.938126],[-45.567571,-14.945832],[-45.624622,-15.02137],[-45.657901,-15.028447],[-45.673185,-15.077835],[-45.718566,-15.095621],[-45.721632,-15.11223],[-45.811668,-15.112834],[-45.872163,-15.158807],[-45.918723,-15.13337],[-45.971729,-15.153882],[-45.984508,-15.195958],[-46.027204,-15.200221],[-46.052627,-15.259191],[-46.077077,-15.264683],[-46.116509,-15.20482],[-46.047772,-15.163731],[-46.043722,-15.118132],[-45.977476,-15.041237],[-45.96608,-14.965648],[-46.008227,-14.919744],[-46.003882,-14.902289],[-46.039383,-14.875248],[-46.025291,-14.855755],[-46.041198,-14.826493],[-46.002587,-14.795836],[-45.997056,-14.741341],[-46.005508,-14.689],[-46.027966,-14.68101],[-45.98885,-14.655777],[-45.988839,-14.549275],[-46.003993,-14.514589],[-45.996083,-14.488407],[-46.019003,-14.472072],[-46.000077,-14.446621],[-45.931663,-14.408973],[-45.910248,-14.373126],[-45.915146,-14.344649],[-45.942217,-14.343259],[-45.9644,-14.284312],[-45.997563,-14.277757],[-45.995428,-14.256162],[-46.029588,-14.259527],[-46.060407,-14.232701],[-46.061046,-14.195485],[-46.101885,-14.208314],[-46.132186,-14.152852],[-46.184101,-14.156945],[-46.221525,-14.106763],[-46.230721,-14.059523],[-46.208147,-14.016139],[-46.220065,-13.975424],[-46.264195,-13.947432],[-46.256833,-13.887175],[-46.232473,-13.848612],[-46.273632,-13.828779],[-46.277497,-13.790884],[-46.222939,-13.765405],[-46.263367,-13.73076],[-46.235766,-13.701051],[-46.261218,-13.694912],[-46.206551,-13.629052],[-46.162741,-13.603646],[-46.199647,-13.572541],[-46.247452,-13.578663],[-46.247257,-13.521692],[-46.210169,-13.461887],[-46.248529,-13.436015],[-46.225139,-13.412808],[-46.191734,-13.409983],[-46.135474,-13.375528],[-46.073339,-13.311366],[-46.068274,-13.295446],[-46.103219,-13.257511],[-46.29249,-13.316932],[-46.317904,-13.305232],[-46.299989,-13.28288],[-46.305538,-13.251665],[-46.327682,-13.252927],[-46.29518,-13.141873],[-46.316388,-13.090973],[-46.275535,-13.02021],[-46.193811,-12.996755],[-46.124662,-12.959822],[-46.112965,-12.918012],[-46.163188,-12.924001],[-46.205724,-12.950613],[-46.24688,-12.940355],[-46.329476,-12.958477],[-46.305973,-12.939069],[-46.312003,-12.90972],[-46.290084,-12.900042],[-46.302925,-12.867629],[-46.27358,-12.815967],[-46.310502,-12.795539],[-46.282128,-12.763338],[-46.268576,-12.714381],[-46.30574,-12.688637],[-46.269392,-12.667517],[-46.29806,-12.637975],[-46.27687,-12.596163],[-46.302495,-12.581699],[-46.269834,-12.55033],[-46.200502,-12.504195],[-46.266632,-12.506669],[-46.270472,-12.431615],[-46.304412,-12.416812],[-46.315546,-12.463434],[-46.340546,-12.451989],[-46.322638,-12.406198],[-46.290032,-12.376969],[-46.300017,-12.363729],[-46.371612,-12.349812],[-46.353607,-12.306102],[-46.384384,-12.294508],[-46.369969,-12.265434],[-46.381082,-12.180975],[-46.400372,-12.167299],[-46.371525,-12.12312],[-46.395873,-12.088139],[-46.384466,-12.051692],[-46.451077,-12.054341],[-46.478494,-12.042825],[-46.421933,-12.0286],[-46.36393,-11.990862],[-46.312839,-11.941107],[-46.232769,-11.936407],[-46.189916,-11.903223],[-46.247713,-11.919299],[-46.325569,-11.908915],[-46.380985,-11.86307],[-46.372618,-11.830253],[-46.349566,-11.835537],[-46.346075,-11.784337],[-46.378575,-11.748617],[-46.332426,-11.734589],[-46.307754,-11.686568],[-46.361728,-11.631016],[-46.384929,-11.625277],[-46.304427,-11.606178],[-46.243983,-11.605364],[-46.200318,-11.648046],[-46.146746,-11.645231],[-46.144482,-11.624351],[-46.080892,-11.624008],[-46.103705,-11.608211],[-46.209513,-11.585272],[-46.250377,-11.536761],[-46.349773,-11.506181],[-46.439316,-11.521046],[-46.524075,-11.463538],[-46.536773,-11.371814],[-46.56856,-11.371347],[-46.576437,-11.341897],[-46.5522,-11.262797],[-46.469932,-11.139491],[-46.34156,-10.939009],[-46.26727,-10.934806],[-46.26055,-10.812189],[-46.226446,-10.782935],[-46.206198,-10.800464],[-46.19261,-10.742773],[-46.150342,-10.69155],[-46.160762,-10.659439],[-46.127616,-10.620601],[-46.060763,-10.600181],[-45.929221,-10.5216],[-45.870896,-10.503278],[-45.82021,-10.45605],[-45.798188,-10.323252],[-45.726894,-10.312534],[-45.699262,-10.258566],[-45.70198,-10.179354],[-45.723487,-10.155416],[-45.727264,-10.203381],[-45.744025,-10.239954],[-45.793744,-10.267668],[-45.86707,-10.254111],[-45.896731,-10.264294],[-45.915635,-10.312661],[-45.887173,-10.340462],[-45.910934,-10.371086],[-45.971111,-10.358937],[-45.999869,-10.296678],[-46.028207,-10.277105],[-46.012428,-10.250695],[-46.02322,-10.18338],[-46.039005,-10.176737],[-46.092835,-10.209902],[-46.168974,-10.211382],[-46.202006,-10.174012],[-46.32478,-10.183191],[-46.367891,-10.168815]]],[[[-44.785345,-1.575855],[-44.781211,-1.573837],[-44.780509,-1.57603],[-44.785345,-1.575855]]],[[[-44.826596,-1.559027],[-44.829018,-1.568038],[-44.839112,-1.557483],[-44.826596,-1.559027]]],[[[-44.895501,-1.532614],[-44.898367,-1.530599],[-44.895961,-1.52807],[-44.895501,-1.532614]]],[[[-44.781198,-1.485098],[-44.799764,-1.525252],[-44.809144,-1.560987],[-44.833559,-1.534441],[-44.781198,-1.485098]]],[[[-44.863941,-1.491976],[-44.871578,-1.492311],[-44.869621,-1.48974],[-44.863941,-1.491976]]],[[[-44.87104,-1.48771],[-44.869761,-1.488526],[-44.871385,-1.48906],[-44.87104,-1.48771]]],[[[-45.141576,-1.477457],[-45.143147,-1.475471],[-45.141043,-1.471495],[-45.141576,-1.477457]]],[[[-45.084622,-1.436479],[-45.070391,-1.438014],[-45.074925,-1.459636],[-45.084622,-1.436479]]],[[[-45.098929,-1.445282],[-45.095999,-1.45006],[-45.097364,-1.450333],[-45.098929,-1.445282]]],[[[-45.111762,-1.422126],[-45.103015,-1.464151],[-45.133736,-1.460278],[-45.111762,-1.422126]]],[[[-45.088547,-1.443901],[-45.096813,-1.435007],[-45.087858,-1.422419],[-45.088547,-1.443901]]],[[[-45.417203,-1.402905],[-45.404476,-1.401088],[-45.413866,-1.420769],[-45.417203,-1.402905]]],[[[-45.080776,-1.375538],[-45.070853,-1.37853],[-45.103483,-1.425061],[-45.080776,-1.375538]]],[[[-45.093141,-1.382392],[-45.111186,-1.412831],[-45.126809,-1.385439],[-45.114905,-1.363101],[-45.093141,-1.382392]]],[[[-45.039429,-1.388168],[-45.047503,-1.394202],[-45.049803,-1.368025],[-45.039429,-1.388168]]],[[[-45.49531,-1.346784],[-45.499158,-1.361717],[-45.500626,-1.353046],[-45.49531,-1.346784]]],[[[-45.486733,-1.340601],[-45.491262,-1.348228],[-45.491307,-1.343094],[-45.486733,-1.340601]]],[[[-45.014588,-1.353583],[-45.02878,-1.318026],[-44.978501,-1.316828],[-45.001728,-1.292033],[-44.986562,-1.266147],[-44.929008,-1.266769],[-44.878138,-1.285478],[-44.866919,-1.328747],[-44.901429,-1.337179],[-44.989147,-1.401556],[-45.02141,-1.384017],[-45.014588,-1.353583]]],[[[-45.576061,-1.262207],[-45.569396,-1.269772],[-45.576463,-1.271119],[-45.576061,-1.262207]]],[[[-45.651549,-1.230254],[-45.64931,-1.233567],[-45.652173,-1.234578],[-45.651549,-1.230254]]],[[[-45.708967,-1.220982],[-45.676245,-1.19084],[-45.670745,-1.25196],[-45.693103,-1.265302],[-45.708967,-1.220982]]],[[[-45.539348,-1.205212],[-45.533209,-1.225822],[-45.578075,-1.230767],[-45.579891,-1.195738],[-45.539348,-1.205212]]],[[[-45.773426,-1.194362],[-45.768297,-1.191053],[-45.769673,-1.196437],[-45.773426,-1.194362]]],[[[-45.956142,-1.187039],[-45.953305,-1.183269],[-45.953979,-1.18928],[-45.956142,-1.187039]]],[[[-45.904227,-1.161952],[-45.894983,-1.152023],[-45.898745,-1.159366],[-45.904227,-1.161952]]],[[[-45.604387,-1.159336],[-45.610648,-1.153807],[-45.604869,-1.151195],[-45.604387,-1.159336]]],[[[-45.827841,-1.128708],[-45.8041,-1.142508],[-45.8268,-1.150629],[-45.827841,-1.128708]]],[[[-46.016921,-1.07828],[-46.014277,-1.072022],[-46.009478,-1.072582],[-46.016921,-1.07828]]],[[[-44.662064,-2.95725],[-44.66115,-2.980179],[-44.667104,-2.971831],[-44.662064,-2.95725]]],[[[-44.621081,-2.926335],[-44.62927,-2.943037],[-44.628296,-2.93265],[-44.621081,-2.926335]]],[[[-44.640632,-2.91502],[-44.659607,-2.944583],[-44.664322,-2.928326],[-44.640632,-2.91502]]],[[[-44.638142,-2.980967],[-44.61387,-2.950556],[-44.580382,-2.855659],[-44.586185,-2.814652],[-44.505953,-2.72893],[-44.47603,-2.732522],[-44.482113,-2.808008],[-44.479021,-2.957859],[-44.560915,-3.022533],[-44.59206,-3.015172],[-44.638142,-2.980967]]],[[[-44.591532,-2.877843],[-44.588008,-2.866678],[-44.588596,-2.876106],[-44.591532,-2.877843]]],[[[-44.412599,-2.795664],[-44.41246,-2.798356],[-44.413589,-2.796733],[-44.412599,-2.795664]]],[[[-44.095136,-2.74952],[-44.094437,-2.750245],[-44.096195,-2.750856],[-44.095136,-2.74952]]],[[[-44.092825,-2.74836],[-44.093825,-2.747068],[-44.092325,-2.746797],[-44.092825,-2.74836]]],[[[-44.374068,-2.577322],[-44.373559,-2.579244],[-44.374848,-2.57756],[-44.374068,-2.577322]]],[[[-44.363934,-2.543807],[-44.366195,-2.544492],[-44.365706,-2.542554],[-44.363934,-2.543807]]],[[[-44.365518,-2.540011],[-44.366507,-2.538939],[-44.365583,-2.538638],[-44.365518,-2.540011]]],[[[-44.361449,-2.522602],[-44.370219,-2.52832],[-44.372588,-2.521622],[-44.361449,-2.522602]]],[[[-44.360256,-2.523413],[-44.359846,-2.522875],[-44.359535,-2.523649],[-44.360256,-2.523413]]],[[[-43.680286,-2.508464],[-43.680973,-2.506797],[-43.679532,-2.50489],[-43.680286,-2.508464]]],[[[-43.709085,-2.482417],[-43.710198,-2.484926],[-43.710893,-2.483455],[-43.709085,-2.482417]]],[[[-43.851895,-2.469291],[-43.853916,-2.47301],[-43.853747,-2.469331],[-43.851895,-2.469291]]],[[[-43.851935,-2.46638],[-43.850869,-2.463585],[-43.851369,-2.46747],[-43.851935,-2.46638]]],[[[-43.854662,-2.448371],[-43.855128,-2.449727],[-43.856798,-2.44885],[-43.854662,-2.448371]]],[[[-43.862054,-2.43288],[-43.846219,-2.426966],[-43.858837,-2.444395],[-43.862054,-2.43288]]],[[[-44.425195,-2.428014],[-44.425513,-2.414897],[-44.419989,-2.416597],[-44.425195,-2.428014]]],[[[-43.788161,-2.415166],[-43.788964,-2.415929],[-43.789033,-2.41519],[-43.788161,-2.415166]]],[[[-43.777082,-2.409413],[-43.78696,-2.377441],[-43.760564,-2.377167],[-43.777082,-2.409413]]],[[[-44.467887,-2.077119],[-44.483511,-2.076936],[-44.471657,-2.069042],[-44.467887,-2.077119]]],[[[-44.538611,-2.023057],[-44.54012,-2.020068],[-44.535604,-2.02221],[-44.538611,-2.023057]]],[[[-44.740393,-1.679534],[-44.74173,-1.698866],[-44.757952,-1.689338],[-44.740393,-1.679534]]],[[[-44.745346,-1.679263],[-44.75023,-1.680429],[-44.746353,-1.67725],[-44.745346,-1.679263]]],[[[-44.726937,-1.672473],[-44.741584,-1.669114],[-44.731232,-1.659345],[-44.726937,-1.672473]]],[[[-44.753263,-1.5369],[-44.733732,-1.554178],[-44.762599,-1.580022],[-44.753263,-1.5369]]],[[[-44.792922,-1.525973],[-44.76278,-1.458232],[-44.742327,-1.492703],[-44.750679,-1.517286],[-44.792922,-1.525973]]],[[[-38.701114,-17.979967],[-38.696612,-17.980307],[-38.699709,-17.981712],[-38.701114,-17.979967]]],[[[-38.696181,-17.979071],[-38.696361,-17.978866],[-38.696154,-17.978841],[-38.696181,-17.979071]]],[[[-38.714126,-17.970663],[-38.708523,-17.969857],[-38.708205,-17.971413],[-38.714126,-17.970663]]],[[[-38.708299,-17.964334],[-38.707923,-17.967528],[-38.712618,-17.965411],[-38.708299,-17.964334]]],[[[-38.699827,-17.961149],[-38.691725,-17.965577],[-38.70561,-17.961407],[-38.699827,-17.961149]]],[[[-38.692309,-17.961215],[-38.693332,-17.961108],[-38.692528,-17.96023],[-38.692309,-17.961215]]],[[[-39.209006,-17.967085],[-39.207071,-17.966678],[-39.208308,-17.968282],[-39.209006,-17.967085]]],[[[-39.201645,-17.755503],[-39.180457,-17.747069],[-39.198703,-17.758312],[-39.201645,-17.755503]]],[[[-38.955522,-16.224704],[-38.955575,-16.226315],[-38.956025,-16.225108],[-38.955522,-16.224704]]],[[[-38.920043,-16.178754],[-38.919127,-16.178112],[-38.919162,-16.179229],[-38.920043,-16.178754]]],[[[-38.92203,-16.02846],[-38.922876,-16.03123],[-38.923243,-16.031211],[-38.92203,-16.02846]]],[[[-38.998109,-14.978565],[-38.997879,-14.980095],[-38.99882,-14.979181],[-38.998109,-14.978565]]],[[[-39.014423,-14.789858],[-39.014946,-14.79076],[-39.015401,-14.789726],[-39.014423,-14.789858]]],[[[-39.015515,-14.771639],[-39.015631,-14.771585],[-39.015472,-14.77132],[-39.015515,-14.771639]]],[[[-39.015501,-14.770383],[-39.015579,-14.771125],[-39.016108,-14.770615],[-39.015501,-14.770383]]],[[[-39.017972,-14.770583],[-39.017917,-14.769377],[-39.017311,-14.770453],[-39.017972,-14.770583]]],[[[-38.93931,-13.839037],[-38.9406,-13.835203],[-38.937864,-13.836373],[-38.93931,-13.839037]]],[[[-38.965303,-13.675556],[-38.963527,-13.675811],[-38.964457,-13.677321],[-38.965303,-13.675556]]],[[[-38.945547,-13.384894],[-38.946532,-13.386713],[-38.947087,-13.385544],[-38.945547,-13.384894]]],[[[-38.904532,-13.379421],[-38.903479,-13.379684],[-38.903807,-13.380781],[-38.904532,-13.379421]]],[[[-36.918543,-10.846244],[-36.917102,-10.842053],[-36.916962,-10.843521],[-36.918543,-10.846244]]],[[[-43.473515,-2.473781],[-43.469603,-2.47046],[-43.464259,-2.483152],[-43.473515,-2.473781]]],[[[-43.612876,-2.378496],[-43.55806,-2.355493],[-43.5435,-2.386748],[-43.56189,-2.423811],[-43.60133,-2.412866],[-43.612876,-2.378496]]],[[[-43.537214,-2.405638],[-43.526836,-2.370737],[-43.506996,-2.405426],[-43.537214,-2.405638]]],[[[-35.760438,-9.694839],[-35.758361,-9.69331],[-35.758388,-9.693639],[-35.760438,-9.694839]]],[[[-35.025689,-8.61348],[-35.022966,-8.608972],[-35.020335,-8.611829],[-35.025689,-8.61348]]],[[[-34.966007,-8.387412],[-34.964544,-8.372261],[-34.957789,-8.385619],[-34.966007,-8.387412]]],[[[-34.839884,-7.816001],[-34.837022,-7.81683],[-34.840304,-7.816534],[-34.839884,-7.816001]]],[[[-34.797856,-7.363115],[-34.798161,-7.362981],[-34.797998,-7.362778],[-34.797856,-7.363115]]],[[[-34.798736,-7.362482],[-34.798959,-7.362568],[-34.798941,-7.36237],[-34.798736,-7.362482]]],[[[-34.798899,-7.360671],[-34.798986,-7.360546],[-34.798759,-7.360554],[-34.798899,-7.360671]]],[[[-34.795495,-7.348564],[-34.795585,-7.349794],[-34.795947,-7.348994],[-34.795495,-7.348564]]],[[[-34.797627,-7.348736],[-34.797283,-7.348508],[-34.797342,-7.348827],[-34.797627,-7.348736]]],[[[-34.866271,-6.981572],[-34.847557,-6.983098],[-34.85944,-7.015258],[-34.866271,-6.981572]]],[[[-37.045751,-4.816679],[-37.044831,-4.816362],[-37.044126,-4.818538],[-37.045751,-4.816679]]],[[[-32.435847,-3.874661],[-32.435221,-3.873472],[-32.434105,-3.874468],[-32.435847,-3.874661]]],[[[-32.439336,-3.87319],[-32.437749,-3.87224],[-32.438583,-3.873713],[-32.439336,-3.87319]]],[[[-32.420028,-3.870728],[-32.417211,-3.872021],[-32.418131,-3.872972],[-32.420028,-3.870728]]],[[[-32.422091,-3.870363],[-32.421118,-3.871058],[-32.421477,-3.871447],[-32.422091,-3.870363]]],[[[-32.412024,-3.868941],[-32.412699,-3.868611],[-32.412042,-3.86857],[-32.412024,-3.868941]]],[[[-32.413778,-3.866964],[-32.414013,-3.867958],[-32.414516,-3.867683],[-32.413778,-3.866964]]],[[[-32.401396,-3.859761],[-32.400512,-3.860162],[-32.400887,-3.860948],[-32.401396,-3.859761]]],[[[-32.467559,-3.877031],[-32.443982,-3.851077],[-32.40059,-3.833969],[-32.395353,-3.849543],[-32.467559,-3.877031]]],[[[-32.441313,-3.848792],[-32.440719,-3.849479],[-32.441719,-3.849106],[-32.441313,-3.848792]]],[[[-32.442066,-3.848236],[-32.441746,-3.849106],[-32.442807,-3.848853],[-32.442066,-3.848236]]],[[[-32.404101,-3.827516],[-32.403884,-3.828245],[-32.404394,-3.828384],[-32.404101,-3.827516]]],[[[-32.394812,-3.825261],[-32.392481,-3.823154],[-32.392313,-3.824738],[-32.394812,-3.825261]]],[[[-32.395186,-3.819258],[-32.390463,-3.817677],[-32.391822,-3.821163],[-32.395186,-3.819258]]],[[[-32.39007,-3.816173],[-32.388793,-3.806829],[-32.381603,-3.814184],[-32.39007,-3.816173]]]]}},{"type":"Feature","properties":{"regiao_id":3,"regiao":"Sudeste","ordem_regiao":3},"geometry":{"type":"MultiPolygon","coordinates":[[[[-48.037474,-25.355987],[-48.035414,-25.356821],[-48.037494,-25.358003],[-48.037474,-25.355987]]],[[[-47.952838,-25.272735],[-47.953348,-25.274465],[-47.957633,-25.27303],[-47.952838,-25.272735]]],[[[-47.911422,-25.162852],[-47.909483,-25.16709],[-47.914775,-25.166317],[-47.911422,-25.162852]]],[[[-47.860252,-25.130923],[-47.860676,-25.133557],[-47.86218,-25.13227],[-47.860252,-25.130923]]],[[[-47.866073,-25.122735],[-47.850051,-25.11782],[-47.864584,-25.128475],[-47.866073,-25.122735]]],[[[-46.676247,-24.491993],[-46.677275,-24.477567],[-46.671623,-24.48896],[-46.676247,-24.491993]]],[[[-47.031126,-24.4288],[-47.031366,-24.428559],[-47.031062,-24.428527],[-47.031126,-24.4288]]],[[[-46.993609,-24.410978],[-46.993781,-24.411426],[-46.994336,-24.411029],[-46.993609,-24.410978]]],[[[-47.003316,-24.409313],[-47.000579,-24.408468],[-47.001675,-24.410603],[-47.003316,-24.409313]]],[[[-46.999667,-24.408184],[-46.999229,-24.408074],[-46.999618,-24.408541],[-46.999667,-24.408184]]],[[[-47.007252,-24.39635],[-47.007711,-24.396434],[-47.007394,-24.396105],[-47.007252,-24.39635]]],[[[-46.988527,-24.385311],[-46.988283,-24.384024],[-46.9866,-24.384818],[-46.988527,-24.385311]]],[[[-46.807957,-24.374408],[-46.805343,-24.374563],[-46.808018,-24.375946],[-46.807957,-24.374408]]],[[[-46.804217,-24.375452],[-46.805105,-24.374749],[-46.803561,-24.373616],[-46.804217,-24.375452]]],[[[-46.987223,-24.381945],[-46.984767,-24.379604],[-46.984744,-24.382514],[-46.987223,-24.381945]]],[[[-46.160708,-24.327669],[-46.162408,-24.331139],[-46.163417,-24.331101],[-46.160708,-24.327669]]],[[[-47.004585,-24.367462],[-47.005219,-24.367778],[-47.00501,-24.367284],[-47.004585,-24.367462]]],[[[-46.981139,-24.36156],[-46.979473,-24.360648],[-46.980685,-24.362806],[-46.981139,-24.36156]]],[[[-46.179862,-24.31922],[-46.183018,-24.321472],[-46.180468,-24.318192],[-46.179862,-24.31922]]],[[[-46.999507,-24.349549],[-46.999794,-24.349526],[-46.999516,-24.349378],[-46.999507,-24.349549]]],[[[-46.89088,-24.254387],[-46.890133,-24.253822],[-46.889529,-24.254396],[-46.89088,-24.254387]]],[[[-46.690411,-24.236645],[-46.690546,-24.23772],[-46.69112,-24.236831],[-46.690411,-24.236645]]],[[[-46.793304,-24.193727],[-46.791621,-24.194905],[-46.79299,-24.194915],[-46.793304,-24.193727]]],[[[-45.691935,-24.105824],[-45.688616,-24.091695],[-45.679934,-24.097798],[-45.691935,-24.105824]]],[[[-45.701607,-24.095856],[-45.702368,-24.096578],[-45.702285,-24.095587],[-45.701607,-24.095856]]],[[[-45.705321,-24.093886],[-45.70424,-24.093541],[-45.704247,-24.093882],[-45.705321,-24.093886]]],[[[-45.658619,-24.08863],[-45.65841,-24.088969],[-45.658941,-24.089284],[-45.658619,-24.08863]]],[[[-45.663591,-24.083081],[-45.663183,-24.082539],[-45.66318,-24.083794],[-45.663591,-24.083081]]],[[[-45.717218,-24.080109],[-45.716558,-24.079348],[-45.716387,-24.080154],[-45.717218,-24.080109]]],[[[-45.656053,-24.076918],[-45.65615,-24.075417],[-45.654293,-24.075809],[-45.656053,-24.076918]]],[[[-45.718153,-24.077524],[-45.718104,-24.076606],[-45.716701,-24.076675],[-45.718153,-24.077524]]],[[[-46.270705,-24.049896],[-46.271021,-24.049723],[-46.2706,-24.049513],[-46.270705,-24.049896]]],[[[-46.265752,-24.050069],[-46.262676,-24.045221],[-46.260754,-24.052438],[-46.265752,-24.050069]]],[[[-46.294194,-24.027497],[-46.293972,-24.027917],[-46.295001,-24.02848],[-46.294194,-24.027497]]],[[[-46.292104,-24.024925],[-46.29295,-24.02608],[-46.293721,-24.025365],[-46.292104,-24.024925]]],[[[-46.219514,-24.01054],[-46.216533,-24.00759],[-46.218116,-24.010388],[-46.219514,-24.01054]]],[[[-46.32541,-24.009391],[-46.324775,-24.007986],[-46.323503,-24.008524],[-46.32541,-24.009391]]],[[[-46.255059,-24.000904],[-46.253732,-24.002677],[-46.255908,-24.001351],[-46.255059,-24.000904]]],[[[-46.368351,-23.982244],[-46.367635,-23.9822],[-46.367822,-23.982541],[-46.368351,-23.982244]]],[[[-46.181256,-23.975157],[-46.183658,-23.972228],[-46.180144,-23.970776],[-46.181256,-23.975157]]],[[[-46.176541,-23.96984],[-46.176055,-23.970219],[-46.176958,-23.970588],[-46.176541,-23.96984]]],[[[-45.300917,-23.922642],[-45.300342,-23.922278],[-45.300506,-23.922762],[-45.300917,-23.922642]]],[[[-46.166072,-23.967551],[-46.1681,-23.967689],[-46.167827,-23.966357],[-46.166072,-23.967551]]],[[[-45.296937,-23.919507],[-45.297538,-23.92066],[-45.29809,-23.920351],[-45.296937,-23.919507]]],[[[-45.296372,-23.919278],[-45.297121,-23.91897],[-45.296039,-23.918238],[-45.296372,-23.919278]]],[[[-46.351362,-23.973192],[-46.352479,-23.974925],[-46.35365,-23.974597],[-46.351362,-23.973192]]],[[[-45.323155,-23.914633],[-45.323679,-23.917225],[-45.325344,-23.917641],[-45.323155,-23.914633]]],[[[-45.260009,-23.889112],[-45.258541,-23.888268],[-45.258943,-23.88915],[-45.260009,-23.889112]]],[[[-45.265023,-23.888579],[-45.26293,-23.887807],[-45.264142,-23.889963],[-45.265023,-23.888579]]],[[[-46.169948,-23.927058],[-46.169581,-23.927434],[-46.170489,-23.927875],[-46.169948,-23.927058]]],[[[-46.166547,-23.915671],[-46.168107,-23.915893],[-46.168331,-23.914801],[-46.166547,-23.915671]]],[[[-45.286342,-23.860868],[-45.286782,-23.860319],[-45.285738,-23.859624],[-45.286342,-23.860868]]],[[[-45.278343,-23.851433],[-45.278634,-23.850321],[-45.277035,-23.850706],[-45.278343,-23.851433]]],[[[-46.135868,-23.891893],[-46.136802,-23.893357],[-46.137593,-23.892482],[-46.135868,-23.891893]]],[[[-45.417724,-23.853346],[-45.416994,-23.853081],[-45.417067,-23.853327],[-45.417724,-23.853346]]],[[[-45.3358,-23.723975],[-45.263279,-23.74152],[-45.229836,-23.776333],[-45.255336,-23.836049],[-45.285128,-23.849261],[-45.288851,-23.873694],[-45.2379,-23.908997],[-45.238534,-23.960578],[-45.264144,-23.966432],[-45.290637,-23.911081],[-45.325874,-23.911954],[-45.339056,-23.92415],[-45.444324,-23.934148],[-45.462135,-23.88853],[-45.417762,-23.859441],[-45.365693,-23.808888],[-45.3358,-23.723975]]],[[[-46.129199,-23.883838],[-46.128568,-23.885313],[-46.130344,-23.884901],[-46.129199,-23.883838]]],[[[-45.781195,-23.87092],[-45.784234,-23.85946],[-45.774473,-23.861248],[-45.781195,-23.87092]]],[[[-45.522173,-23.853706],[-45.526227,-23.854573],[-45.523812,-23.846258],[-45.522173,-23.853706]]],[[[-45.15589,-23.82771],[-45.152914,-23.826224],[-45.153318,-23.828513],[-45.15589,-23.82771]]],[[[-46.134503,-23.87117],[-46.134191,-23.872097],[-46.135824,-23.872727],[-46.134503,-23.87117]]],[[[-45.391812,-23.828615],[-45.392412,-23.830091],[-45.393465,-23.82979],[-45.391812,-23.828615]]],[[[-45.443223,-23.831221],[-45.443462,-23.832228],[-45.443955,-23.831306],[-45.443223,-23.831221]]],[[[-45.412632,-23.828118],[-45.412768,-23.828286],[-45.412911,-23.827918],[-45.412632,-23.828118]]],[[[-45.227304,-23.814341],[-45.229362,-23.812119],[-45.22736,-23.811048],[-45.227304,-23.814341]]],[[[-45.541954,-23.827305],[-45.541224,-23.828395],[-45.542688,-23.828869],[-45.541954,-23.827305]]],[[[-45.469842,-23.823749],[-45.470164,-23.823928],[-45.469917,-23.823502],[-45.469842,-23.823749]]],[[[-45.406477,-23.816263],[-45.406149,-23.816308],[-45.406359,-23.8164],[-45.406477,-23.816263]]],[[[-45.406786,-23.815456],[-45.407533,-23.81487],[-45.406733,-23.814924],[-45.406786,-23.815456]]],[[[-45.405753,-23.81384],[-45.405775,-23.814244],[-45.406125,-23.813851],[-45.405753,-23.81384]]],[[[-46.024935,-23.825881],[-46.025891,-23.826962],[-46.02607,-23.825644],[-46.024935,-23.825881]]],[[[-45.671596,-23.805926],[-45.667283,-23.804521],[-45.670141,-23.807014],[-45.671596,-23.805926]]],[[[-45.725874,-23.801356],[-45.718826,-23.798596],[-45.71686,-23.80414],[-45.725874,-23.801356]]],[[[-45.704322,-23.788688],[-45.717586,-23.79368],[-45.711093,-23.787157],[-45.704322,-23.788688]]],[[[-45.746637,-23.771322],[-45.746526,-23.771836],[-45.747136,-23.771967],[-45.746637,-23.771322]]],[[[-45.798931,-23.772804],[-45.800404,-23.773761],[-45.800732,-23.77307],[-45.798931,-23.772804]]],[[[-45.753762,-23.769449],[-45.753353,-23.769553],[-45.753763,-23.769754],[-45.753762,-23.769449]]],[[[-45.295695,-23.601303],[-45.291508,-23.59342],[-45.279911,-23.595857],[-45.295695,-23.601303]]],[[[-45.309493,-23.587162],[-45.310594,-23.586543],[-45.309272,-23.586048],[-45.309493,-23.587162]]],[[[-45.312584,-23.583912],[-45.311306,-23.581144],[-45.310446,-23.583748],[-45.312584,-23.583912]]],[[[-45.163312,-23.56756],[-45.155248,-23.560245],[-45.148938,-23.56752],[-45.163312,-23.56756]]],[[[-45.151945,-23.559172],[-45.150772,-23.558228],[-45.150979,-23.559664],[-45.151945,-23.559172]]],[[[-45.15548,-23.55012],[-45.155045,-23.550024],[-45.155231,-23.55076],[-45.15548,-23.55012]]],[[[-45.154585,-23.548395],[-45.155851,-23.54723],[-45.154863,-23.546897],[-45.154585,-23.548395]]],[[[-45.218138,-23.549618],[-45.215123,-23.549216],[-45.216722,-23.550972],[-45.218138,-23.549618]]],[[[-45.1542,-23.534169],[-45.154368,-23.533865],[-45.153912,-23.533498],[-45.1542,-23.534169]]],[[[-45.211702,-23.531863],[-45.210439,-23.533145],[-45.213983,-23.532967],[-45.211702,-23.531863]]],[[[-52.37722,-22.106674],[-52.339189,-22.047826],[-52.31902,-21.972136],[-52.274966,-21.914938],[-52.248407,-21.90228],[-52.189357,-21.844324],[-52.161264,-21.770771],[-52.103785,-21.746054],[-52.055822,-21.67716],[-52.049525,-21.643089],[-52.102294,-21.554839],[-52.057067,-21.50361],[-52.000369,-21.516627],[-51.967902,-21.501765],[-51.928681,-21.455813],[-51.899928,-21.377605],[-51.868761,-21.353535],[-51.848517,-21.266636],[-51.879719,-21.197919],[-51.865477,-21.130541],[-51.823594,-21.12684],[-51.789668,-21.102118],[-51.75965,-21.022199],[-51.713696,-20.971462],[-51.666688,-20.97079],[-51.623586,-20.944434],[-51.615086,-20.886087],[-51.632975,-20.821562],[-51.622396,-20.77687],[-51.634899,-20.754847],[-51.594146,-20.643844],[-51.50022,-20.568218],[-51.449226,-20.482814],[-51.409276,-20.459569],[-51.342705,-20.354658],[-51.295688,-20.328486],[-51.132419,-20.29553],[-51.069166,-20.250051],[-51.000475,-20.085386],[-51.017891,-20.048395],[-51.005489,-19.996066],[-51.020912,-19.959085],[-50.999473,-19.906379],[-51.019307,-19.870454],[-51.023631,-19.803949],[-51.046083,-19.735585],[-51.03818,-19.69177],[-50.990465,-19.605405],[-50.961803,-19.581743],[-50.930555,-19.590283],[-50.924169,-19.55862],[-50.962951,-19.500577],[-50.935001,-19.467477],[-50.856668,-19.495679],[-50.824944,-19.475041],[-50.875357,-19.422842],[-50.817069,-19.289314],[-50.746535,-19.239911],[-50.739922,-19.193735],[-50.682482,-19.175628],[-50.677685,-19.139814],[-50.586537,-19.139491],[-50.535161,-19.098885],[-50.495073,-19.012865],[-50.511875,-18.951967],[-50.505687,-18.932203],[-50.443434,-18.89412],[-50.423493,-18.832653],[-50.370264,-18.804395],[-50.314486,-18.700753],[-50.250262,-18.677891],[-50.198874,-18.679078],[-50.164285,-18.664352],[-50.080047,-18.672247],[-50.020062,-18.599366],[-49.931649,-18.623989],[-49.889305,-18.609935],[-49.783683,-18.641339],[-49.772196,-18.613262],[-49.73283,-18.616026],[-49.682057,-18.588848],[-49.647865,-18.601819],[-49.642009,-18.555246],[-49.544478,-18.535995],[-49.535309,-18.491807],[-49.49917,-18.491206],[-49.485443,-18.551801],[-49.405712,-18.645096],[-49.380374,-18.643584],[-49.327499,-18.562197],[-49.294627,-18.56559],[-49.285635,-18.536309],[-49.246485,-18.518852],[-49.228373,-18.479224],[-49.192588,-18.449719],[-49.205794,-18.414096],[-49.159272,-18.41665],[-49.126316,-18.384316],[-49.079047,-18.416667],[-49.029634,-18.368817],[-49.005961,-18.37436],[-48.982898,-18.341115],[-48.936774,-18.306207],[-48.88828,-18.317095],[-48.832083,-18.346133],[-48.816362,-18.379665],[-48.787168,-18.353198],[-48.742295,-18.352501],[-48.60235,-18.33482],[-48.561418,-18.323886],[-48.554542,-18.346951],[-48.486409,-18.374911],[-48.442047,-18.356615],[-48.404192,-18.370982],[-48.352638,-18.367694],[-48.310538,-18.386711],[-48.318076,-18.367093],[-48.275007,-18.329112],[-48.227969,-18.344977],[-48.221476,-18.361967],[-48.159381,-18.375511],[-48.146535,-18.409549],[-48.110791,-18.428592],[-48.062721,-18.41395],[-47.996663,-18.453522],[-47.980914,-18.442861],[-47.962196,-18.496074],[-47.914276,-18.466576],[-47.887913,-18.477216],[-47.857967,-18.439012],[-47.838795,-18.451757],[-47.829739,-18.411303],[-47.808384,-18.400226],[-47.779018,-18.424135],[-47.736965,-18.362598],[-47.707271,-18.38038],[-47.610201,-18.313866],[-47.637773,-18.28908],[-47.54015,-18.19352],[-47.537472,-18.230094],[-47.517655,-18.199444],[-47.484256,-18.192836],[-47.426516,-18.13933],[-47.355843,-18.105134],[-47.324343,-18.069773],[-47.283447,-18.057752],[-47.296859,-18.009553],[-47.322429,-17.98529],[-47.312959,-17.961892],[-47.356803,-17.896246],[-47.371203,-17.831343],[-47.331794,-17.765548],[-47.342222,-17.74571],[-47.313965,-17.69982],[-47.269994,-17.670477],[-47.264806,-17.61139],[-47.32541,-17.523799],[-47.400449,-17.511819],[-47.466889,-17.53402],[-47.508855,-17.501219],[-47.539616,-17.388038],[-47.522103,-17.353103],[-47.44054,-17.346479],[-47.454295,-17.3319],[-47.419543,-17.29235],[-47.43446,-17.27622],[-47.350234,-17.196494],[-47.351986,-17.166495],[-47.327677,-17.148339],[-47.282711,-17.1441],[-47.282125,-17.116022],[-47.223796,-17.076062],[-47.182096,-17.063957],[-47.132016,-17.006752],[-47.127406,-16.978654],[-47.167277,-16.952652],[-47.180711,-16.901753],[-47.208419,-16.874748],[-47.196841,-16.822723],[-47.219889,-16.809547],[-47.236487,-16.755344],[-47.222656,-16.725742],[-47.29552,-16.625825],[-47.335561,-16.615605],[-47.357576,-16.586888],[-47.412673,-16.574377],[-47.413685,-16.546659],[-47.44547,-16.536736],[-47.459526,-16.504129],[-47.454365,-16.464615],[-47.427216,-16.434555],[-47.420144,-16.383193],[-47.403281,-16.376127],[-47.3527,-16.307425],[-47.351909,-16.276581],[-47.321979,-16.23143],[-47.331959,-16.171741],[-47.350472,-16.129709],[-47.311341,-16.088134],[-47.308508,-16.04997],[-47.310005,-16.03627],[-47.296768,-16.01533],[-47.217661,-16.013966],[-47.207962,-15.986847],[-47.170308,-15.971057],[-47.151517,-15.934472],[-47.106686,-15.958264],[-47.052935,-15.936468],[-46.984308,-15.924033],[-46.806902,-15.879249],[-46.823221,-15.824635],[-46.813145,-15.787205],[-46.827781,-15.728663],[-46.855758,-15.681798],[-46.854885,-15.618302],[-46.91775,-15.590006],[-46.94612,-15.563338],[-46.930467,-15.443088],[-46.911928,-15.411545],[-46.84948,-15.373166],[-46.868678,-15.363606],[-46.835897,-15.326539],[-46.889316,-15.282243],[-46.891482,-15.23526],[-46.927658,-15.255096],[-46.937347,-15.205022],[-46.888318,-15.112538],[-46.92506,-15.057507],[-46.856898,-15.010269],[-46.785864,-15.018349],[-46.681667,-15.058622],[-46.625443,-15.089512],[-46.57745,-15.084062],[-46.502598,-15.052247],[-46.530808,-15.005281],[-46.518153,-14.970474],[-46.546534,-14.925445],[-46.521554,-14.851182],[-46.558502,-14.822156],[-46.563838,-14.783381],[-46.544191,-14.753012],[-46.507506,-14.732154],[-46.501111,-14.703027],[-46.404528,-14.760331],[-46.36578,-14.795404],[-46.322197,-14.814584],[-46.324914,-14.84779],[-46.300469,-14.858081],[-46.319331,-14.900441],[-46.28686,-14.928142],[-46.232226,-14.922301],[-46.224465,-14.941728],[-46.176775,-14.949446],[-46.16641,-14.908449],[-46.138745,-14.928493],[-46.088138,-14.93639],[-46.039383,-14.875248],[-46.003882,-14.902289],[-46.008227,-14.919744],[-45.96608,-14.965648],[-45.977476,-15.041237],[-46.043722,-15.118132],[-46.047772,-15.163731],[-46.116509,-15.20482],[-46.077077,-15.264683],[-46.052627,-15.259191],[-46.027204,-15.200221],[-45.984508,-15.195958],[-45.971729,-15.153882],[-45.918723,-15.13337],[-45.872163,-15.158807],[-45.811668,-15.112834],[-45.721632,-15.11223],[-45.718566,-15.095621],[-45.673185,-15.077835],[-45.657901,-15.028447],[-45.624622,-15.02137],[-45.567571,-14.945832],[-45.536107,-14.938126],[-45.490047,-14.960763],[-45.457922,-14.954724],[-45.435222,-14.922601],[-45.410298,-14.923439],[-45.362277,-14.870775],[-45.318047,-14.85257],[-45.258714,-14.789524],[-45.205571,-14.744739],[-45.172019,-14.734682],[-45.095849,-14.753],[-45.065073,-14.730864],[-45.040323,-14.680486],[-44.995744,-14.66782],[-44.980966,-14.645634],[-44.876954,-14.599187],[-44.842514,-14.541609],[-44.82435,-14.539378],[-44.833236,-14.499826],[-44.749485,-14.471784],[-44.658877,-14.395761],[-44.557203,-14.337033],[-44.488256,-14.328625],[-44.428605,-14.286635],[-44.36634,-14.274006],[-44.316479,-14.240352],[-44.302336,-14.253245],[-44.218055,-14.244977],[-44.132315,-14.282068],[-44.107288,-14.259117],[-44.057145,-14.284264],[-44.006155,-14.267363],[-43.969588,-14.274026],[-43.942897,-14.304704],[-43.902262,-14.298129],[-43.847896,-14.321245],[-43.821512,-14.311789],[-43.784019,-14.337183],[-43.82026,-14.391872],[-43.83196,-14.443011],[-43.874836,-14.524544],[-43.88723,-14.585182],[-43.870894,-14.620833],[-43.883539,-14.652544],[-43.846871,-14.672107],[-43.712008,-14.716452],[-43.615001,-14.759889],[-43.586298,-14.750055],[-43.541641,-14.779131],[-43.531388,-14.815302],[-43.468304,-14.784833],[-43.461277,-14.746231],[-43.311226,-14.669748],[-43.174952,-14.651056],[-43.108027,-14.673169],[-43.083938,-14.698274],[-43.068077,-14.680948],[-43.010951,-14.701662],[-42.938878,-14.70803],[-42.890409,-14.766826],[-42.795524,-14.837345],[-42.75514,-14.84642],[-42.620717,-14.943693],[-42.602541,-14.924679],[-42.560688,-14.962299],[-42.443602,-15.020649],[-42.442936,-15.061323],[-42.371858,-15.073632],[-42.35491,-15.098205],[-42.323691,-15.093564],[-42.261991,-15.124417],[-42.247187,-15.109222],[-42.182959,-15.099648],[-42.173322,-15.085951],[-42.084714,-15.186525],[-41.994692,-15.158875],[-41.953432,-15.175668],[-41.89704,-15.151897],[-41.872538,-15.116451],[-41.800707,-15.101098],[-41.356419,-15.500286],[-41.331203,-15.744676],[-41.26856,-15.748706],[-41.2154,-15.737168],[-41.142527,-15.77205],[-41.121556,-15.74301],[-41.078747,-15.719917],[-41.006061,-15.713833],[-40.97961,-15.691658],[-40.963121,-15.648396],[-40.914333,-15.660979],[-40.902565,-15.691845],[-40.841364,-15.682537],[-40.819033,-15.646339],[-40.780336,-15.680198],[-40.767662,-15.714082],[-40.743812,-15.684011],[-40.700573,-15.667307],[-40.68145,-15.699734],[-40.637517,-15.730284],[-40.626035,-15.718206],[-40.564905,-15.801551],[-40.518282,-15.797514],[-40.506307,-15.7669],[-40.484124,-15.775796],[-40.461428,-15.753228],[-40.425031,-15.805705],[-40.374882,-15.82306],[-40.356719,-15.813018],[-40.275575,-15.817487],[-40.231109,-15.80385],[-40.200074,-15.86251],[-40.166104,-15.868376],[-40.156457,-15.899534],[-40.07013,-15.909817],[-40.066544,-15.959189],[-40.013689,-15.984008],[-40.004437,-16.00184],[-39.957604,-15.992017],[-39.914794,-15.999993],[-39.935684,-16.023748],[-39.88393,-16.06599],[-39.856833,-16.113822],[-39.884272,-16.14489],[-39.883392,-16.194695],[-39.935739,-16.243859],[-39.916676,-16.283844],[-39.954243,-16.300024],[-39.970633,-16.326933],[-39.990071,-16.312177],[-40.024743,-16.356514],[-40.04557,-16.422035],[-40.08398,-16.463923],[-40.096017,-16.421983],[-40.141091,-16.496919],[-40.170351,-16.5248],[-40.157897,-16.579452],[-40.212943,-16.572632],[-40.234125,-16.557934],[-40.275493,-16.573416],[-40.31299,-16.675435],[-40.302998,-16.70369],[-40.33584,-16.779716],[-40.323605,-16.80127],[-40.26913,-16.795763],[-40.246903,-16.845738],[-40.281634,-16.901182],[-40.331524,-16.908031],[-40.364878,-16.874621],[-40.417605,-16.899271],[-40.460382,-16.878453],[-40.492329,-16.887399],[-40.515938,-16.962716],[-40.543498,-16.982768],[-40.571666,-17.06588],[-40.55679,-17.089599],[-40.57916,-17.14825],[-40.553859,-17.189027],[-40.569914,-17.241612],[-40.547746,-17.283708],[-40.572244,-17.294764],[-40.604689,-17.356198],[-40.599381,-17.391822],[-40.622607,-17.403294],[-40.577469,-17.413621],[-40.482996,-17.488509],[-40.489061,-17.519793],[-40.445102,-17.578768],[-40.410685,-17.568231],[-40.414468,-17.610099],[-40.371959,-17.612457],[-40.354661,-17.64427],[-40.346705,-17.611999],[-40.322822,-17.66131],[-40.299016,-17.674571],[-40.272681,-17.727371],[-40.255905,-17.719543],[-40.213836,-17.752438],[-40.21808,-17.79566],[-40.204325,-17.82866],[-40.174126,-17.851561],[-40.212662,-17.895795],[-40.263547,-17.922021],[-40.22235,-17.98042],[-39.688952,-18.320829],[-39.667821,-18.337181],[-39.714748,-18.461949],[-39.728222,-18.518278],[-39.728384,-18.61108],[-39.746003,-18.69626],[-39.749608,-18.842923],[-39.74279,-18.936081],[-39.68906,-19.304932],[-39.696459,-19.366907],[-39.73046,-19.468367],[-39.810799,-19.649613],[-39.904334,-19.682879],[-39.968075,-19.725844],[-40.054785,-19.814831],[-40.061514,-19.849547],[-40.101999,-19.921164],[-40.149621,-19.945961],[-40.133418,-19.962154],[-40.158916,-20.03588],[-40.191237,-20.054605],[-40.171961,-20.107232],[-40.198537,-20.216072],[-40.237493,-20.294987],[-40.258801,-20.265793],[-40.287192,-20.280819],[-40.289817,-20.302862],[-40.280179,-20.335714],[-40.319549,-20.4057],[-40.321926,-20.427888],[-40.363995,-20.518487],[-40.394483,-20.561738],[-40.425719,-20.635627],[-40.45129,-20.624438],[-40.466667,-20.627306],[-40.497555,-20.6639],[-40.533343,-20.741085],[-40.547421,-20.739579],[-40.582564,-20.80178],[-40.653321,-20.805873],[-40.71971,-20.846394],[-40.739538,-20.845569],[-40.794994,-20.9252],[-40.808559,-20.958172],[-40.804874,-21.004602],[-40.828682,-21.045646],[-40.858355,-21.12748],[-40.916777,-21.175547],[-40.952967,-21.235293],[-40.961038,-21.301118],[-40.96158,-21.359764],[-41.068893,-21.497581],[-41.072648,-21.525607],[-41.046874,-21.619091],[-41.026623,-21.623297],[-41.013091,-21.62352],[-41.022294,-21.743026],[-40.975188,-21.941035],[-40.980417,-21.990591],[-41.004322,-22.021335],[-41.126461,-22.086163],[-41.167416,-22.115827],[-41.276558,-22.157118],[-41.451343,-22.202384],[-41.518773,-22.224434],[-41.682959,-22.296116],[-41.773497,-22.364051],[-41.771816,-22.389812],[-41.830468,-22.425534],[-41.853936,-22.448237],[-41.862575,-22.475986],[-41.897243,-22.49222],[-41.932505,-22.537512],[-41.958003,-22.531815],[-41.978751,-22.561393],[-41.999699,-22.632558],[-41.987602,-22.711154],[-41.909868,-22.778778],[-41.976636,-22.830194],[-41.989682,-22.882749],[-42.013337,-22.883171],[-42.036142,-22.915332],[-42.03012,-22.98305],[-42.073912,-22.955521],[-42.328487,-22.936622],[-42.578768,-22.932793],[-42.72745,-22.956177],[-43.039765,-22.974512],[-43.131217,-22.93923],[-43.098627,-22.931577],[-43.131782,-22.877461],[-43.114449,-22.881312],[-43.097127,-22.828121],[-43.065081,-22.802934],[-43.081405,-22.789798],[-43.029407,-22.747615],[-43.026237,-22.743478],[-43.032572,-22.69376],[-43.084564,-22.679658],[-43.105922,-22.688939],[-43.124659,-22.713709],[-43.161027,-22.709867],[-43.214565,-22.727726],[-43.278634,-22.780486],[-43.264797,-22.826469],[-43.210845,-22.897605],[-43.16924,-22.904561],[-43.167201,-22.963891],[-43.192513,-22.989329],[-43.217618,-22.987012],[-43.2855,-23.015],[-43.419797,-23.017645],[-43.562368,-23.053157],[-43.599563,-23.022886],[-43.674281,-22.980309],[-43.700096,-22.98612],[-43.745255,-22.946499],[-43.796784,-22.916542],[-43.81022,-22.917573],[-43.84936,-22.931634],[-43.837815,-22.905628],[-43.845653,-22.901702],[-43.910501,-22.931038],[-43.949634,-22.92689],[-44.005861,-22.942139],[-44.055359,-22.981689],[-44.047317,-22.94198],[-44.07427,-22.952049],[-44.082984,-22.993606],[-44.129798,-23.032487],[-44.200589,-23.038305],[-44.237643,-23.056537],[-44.229071,-23.021276],[-44.249266,-22.997907],[-44.289699,-23.023707],[-44.303232,-23.002418],[-44.346945,-23.028173],[-44.353622,-22.997004],[-44.317528,-22.985393],[-44.299889,-22.958748],[-44.331119,-22.92581],[-44.344866,-22.921971],[-44.371728,-22.938445],[-44.377831,-22.95808],[-44.411112,-22.941207],[-44.434365,-22.962976],[-44.44487,-23.027375],[-44.484128,-23.008528],[-44.583722,-23.058076],[-44.618577,-23.044159],[-44.668555,-23.054173],[-44.690666,-23.083138],[-44.696008,-23.153447],[-44.721157,-23.20183],[-44.694199,-23.231956],[-44.652672,-23.18835],[-44.624688,-23.221603],[-44.659013,-23.220342],[-44.690542,-23.253699],[-44.651464,-23.234983],[-44.624893,-23.243982],[-44.657444,-23.292803],[-44.638208,-23.290137],[-44.599248,-23.236488],[-44.559117,-23.227308],[-44.584499,-23.266245],[-44.518367,-23.280141],[-44.552326,-23.30353],[-44.583008,-23.357549],[-44.639448,-23.331107],[-44.675248,-23.335897],[-44.726916,-23.353503],[-44.724245,-23.367557],[-44.844237,-23.387025],[-44.837023,-23.369359],[-44.890757,-23.359282],[-44.887222,-23.339027],[-44.908151,-23.334163],[-44.949558,-23.378821],[-44.992773,-23.39731],[-45.014978,-23.418722],[-45.068613,-23.432605],[-45.056381,-23.458989],[-45.085991,-23.512894],[-45.102965,-23.489963],[-45.124242,-23.503301],[-45.173884,-23.496325],[-45.162321,-23.542086],[-45.205248,-23.521729],[-45.228013,-23.538552],[-45.209262,-23.578222],[-45.244225,-23.593732],[-45.311414,-23.575667],[-45.356875,-23.622746],[-45.414915,-23.631111],[-45.429747,-23.66602],[-45.4121,-23.754943],[-45.39687,-23.780571],[-45.432261,-23.833135],[-45.465078,-23.819195],[-45.492056,-23.837173],[-45.539722,-23.82851],[-45.555149,-23.795012],[-45.622799,-23.805017],[-45.641535,-23.778774],[-45.807715,-23.759109],[-45.898323,-23.765349],[-45.972649,-23.785346],[-46.048268,-23.818888],[-46.066224,-23.814594],[-46.128401,-23.84409],[-46.178868,-23.924181],[-46.165595,-23.944154],[-46.186811,-23.972486],[-46.265195,-24.004051],[-46.27989,-24.02225],[-46.32474,-24.021266],[-46.319651,-23.997366],[-46.320448,-23.976917],[-46.37504,-23.97],[-46.390697,-24.023889],[-46.455006,-24.023907],[-46.63453,-24.104205],[-46.815318,-24.201496],[-46.920546,-24.267368],[-46.993944,-24.325415],[-47.02883,-24.427095],[-47.058602,-24.436174],[-47.144659,-24.492303],[-47.245013,-24.573972],[-47.386284,-24.657395],[-47.424809,-24.685137],[-47.56103,-24.757914],[-47.73152,-24.880632],[-47.842921,-24.976609],[-47.902383,-25.065673],[-47.924794,-25.160907],[-48.046879,-25.258534],[-48.096094,-25.308868],[-48.097429,-25.310235],[-48.096753,-25.297154],[-48.023542,-25.230931],[-48.057446,-25.218331],[-48.062108,-25.240081],[-48.112999,-25.250874],[-48.193363,-25.189864],[-48.158502,-25.149907],[-48.181642,-25.133837],[-48.216054,-25.076675],[-48.216192,-25.029082],[-48.249328,-24.978714],[-48.330387,-25.069705],[-48.324143,-25.036747],[-48.411872,-24.980402],[-48.474049,-25.012552],[-48.52858,-25.10079],[-48.556011,-25.086548],[-48.600832,-25.010506],[-48.56737,-24.972269],[-48.570566,-24.894145],[-48.555757,-24.806206],[-48.518312,-24.781045],[-48.511506,-24.740563],[-48.542596,-24.725969],[-48.601171,-24.669104],[-48.778655,-24.696733],[-48.822834,-24.655292],[-48.865391,-24.667328],[-48.962198,-24.674172],[-49.008035,-24.660488],[-49.030475,-24.634329],[-49.054204,-24.682381],[-49.111592,-24.688354],[-49.185655,-24.672754],[-49.214828,-24.702228],[-49.278133,-24.693022],[-49.312015,-24.663535],[-49.315989,-24.555507],[-49.279904,-24.535927],[-49.29567,-24.500314],[-49.246922,-24.469102],[-49.24768,-24.392714],[-49.200681,-24.344416],[-49.281117,-24.309658],[-49.305373,-24.251432],[-49.350677,-24.220803],[-49.336569,-24.137584],[-49.408709,-24.106891],[-49.463442,-24.027436],[-49.487155,-24.024602],[-49.499629,-23.95843],[-49.522338,-23.916565],[-49.557012,-23.921263],[-49.587044,-23.888876],[-49.607616,-23.840625],[-49.560071,-23.811927],[-49.567326,-23.73678],[-49.549198,-23.70402],[-49.585309,-23.658872],[-49.616077,-23.64055],[-49.600208,-23.535628],[-49.624219,-23.5233],[-49.603265,-23.452524],[-49.569145,-23.425457],[-49.602522,-23.408475],[-49.595416,-23.367095],[-49.633439,-23.356417],[-49.625806,-23.286646],[-49.653753,-23.212039],[-49.67771,-23.174938],[-49.734904,-23.132893],[-49.725548,-23.109434],[-49.806606,-23.094335],[-49.833662,-23.065947],[-49.867411,-23.071689],[-49.911606,-23.051123],[-49.899585,-23.002003],[-49.954503,-22.978416],[-49.973943,-22.956519],[-49.961381,-22.930861],[-49.986161,-22.897504],[-49.990405,-22.925213],[-50.052744,-22.905272],[-50.071547,-22.928121],[-50.15299,-22.935621],[-50.185087,-22.954002],[-50.243245,-22.950979],[-50.275573,-22.931606],[-50.340186,-22.948074],[-50.379076,-22.905402],[-50.418944,-22.913934],[-50.425716,-22.944187],[-50.511022,-22.944639],[-50.530007,-22.919146],[-50.577057,-22.903941],[-50.603808,-22.923183],[-50.663544,-22.895667],[-50.713084,-22.955992],[-50.806147,-22.940302],[-50.797817,-22.888549],[-50.842391,-22.831402],[-50.895335,-22.794302],[-50.94459,-22.804661],[-50.975931,-22.7821],[-51.005549,-22.793818],[-51.057617,-22.766061],[-51.127924,-22.759996],[-51.22834,-22.716015],[-51.265204,-22.667699],[-51.30649,-22.674489],[-51.373653,-22.658134],[-51.40202,-22.667908],[-51.453093,-22.655751],[-51.474947,-22.679217],[-51.559574,-22.697178],[-51.615839,-22.662594],[-51.725868,-22.661467],[-51.733035,-22.628618],[-51.771618,-22.614131],[-51.847095,-22.632228],[-51.873668,-22.628214],[-51.940513,-22.567347],[-52.089616,-22.521246],[-52.127603,-22.519922],[-52.160966,-22.589454],[-52.15668,-22.644722],[-52.222579,-22.675535],[-52.240134,-22.619887],[-52.300438,-22.635441],[-52.380492,-22.626546],[-52.433048,-22.60717],[-52.498827,-22.634233],[-52.545381,-22.611739],[-52.589344,-22.566096],[-52.697101,-22.62701],[-52.815443,-22.597039],[-52.858359,-22.608004],[-52.92474,-22.565628],[-52.972426,-22.570482],[-53.030804,-22.608415],[-53.087791,-22.658447],[-53.105191,-22.621931],[-53.107862,-22.595507],[-53.073804,-22.548858],[-53.014359,-22.520667],[-52.998577,-22.493184],[-52.854763,-22.439116],[-52.798329,-22.378275],[-52.695138,-22.314608],[-52.656892,-22.303795],[-52.586944,-22.256748],[-52.487718,-22.217205],[-52.37722,-22.106674]]],[[[-45.114929,-23.803809],[-45.147061,-23.817615],[-45.148642,-23.79174],[-45.114929,-23.803809]]],[[[-45.023506,-23.740728],[-45.008443,-23.747499],[-45.014755,-23.761258],[-45.023506,-23.740728]]],[[[-45.020928,-23.734384],[-45.024324,-23.739987],[-45.025384,-23.737165],[-45.020928,-23.734384]]],[[[-45.030205,-23.736377],[-45.02964,-23.737589],[-45.033908,-23.738676],[-45.030205,-23.736377]]],[[[-45.079154,-23.562975],[-45.075873,-23.563299],[-45.078771,-23.564709],[-45.079154,-23.562975]]],[[[-45.024293,-23.549925],[-45.024732,-23.549968],[-45.024389,-23.549662],[-45.024293,-23.549925]]],[[[-45.083577,-23.538771],[-45.040807,-23.541189],[-45.077702,-23.561236],[-45.083577,-23.538771]]],[[[-45.031499,-23.546585],[-45.024493,-23.544278],[-45.026168,-23.547624],[-45.031499,-23.546585]]],[[[-45.022957,-23.543644],[-45.023237,-23.543561],[-45.02301,-23.543298],[-45.022957,-23.543644]]],[[[-45.041215,-23.516374],[-45.039899,-23.51697],[-45.042307,-23.518057],[-45.041215,-23.516374]]],[[[-45.10195,-23.499022],[-45.102329,-23.499662],[-45.102505,-23.498651],[-45.10195,-23.499022]]],[[[-45.052174,-23.46808],[-45.052469,-23.468643],[-45.052752,-23.468373],[-45.052174,-23.46808]]],[[[-45.058182,-23.46784],[-45.05853,-23.468352],[-45.0588,-23.468135],[-45.058182,-23.46784]]],[[[-44.905832,-23.426572],[-44.900947,-23.424751],[-44.902445,-23.427335],[-44.905832,-23.426572]]],[[[-44.859703,-23.421738],[-44.860113,-23.423311],[-44.861868,-23.422884],[-44.859703,-23.421738]]],[[[-44.858496,-23.424443],[-44.853868,-23.415385],[-44.849539,-23.420979],[-44.858496,-23.424443]]],[[[-44.936056,-23.412629],[-44.93593,-23.412326],[-44.93554,-23.412286],[-44.936056,-23.412629]]],[[[-44.849531,-23.40484],[-44.850506,-23.405201],[-44.850195,-23.403742],[-44.849531,-23.40484]]],[[[-45.008615,-23.413112],[-45.008035,-23.413285],[-45.008625,-23.413686],[-45.008615,-23.413112]]],[[[-44.897218,-23.402488],[-44.897056,-23.403418],[-44.897839,-23.402729],[-44.897218,-23.402488]]],[[[-44.854194,-23.398102],[-44.846685,-23.395984],[-44.852977,-23.402507],[-44.854194,-23.398102]]],[[[-44.856439,-23.399933],[-44.855592,-23.398711],[-44.854864,-23.399457],[-44.856439,-23.399933]]],[[[-44.888029,-23.38819],[-44.887023,-23.388857],[-44.888607,-23.389342],[-44.888029,-23.38819]]],[[[-44.93836,-23.390909],[-44.938876,-23.391108],[-44.938711,-23.390795],[-44.93836,-23.390909]]],[[[-44.936203,-23.388207],[-44.938933,-23.388847],[-44.938131,-23.386957],[-44.936203,-23.388207]]],[[[-44.888828,-23.383716],[-44.887132,-23.383868],[-44.888513,-23.385586],[-44.888828,-23.383716]]],[[[-44.948945,-23.387344],[-44.940382,-23.383433],[-44.943137,-23.387137],[-44.948945,-23.387344]]],[[[-44.934882,-23.38489],[-44.935252,-23.384929],[-44.935166,-23.384611],[-44.934882,-23.38489]]],[[[-44.897657,-23.376204],[-44.90733,-23.378776],[-44.90279,-23.375247],[-44.897657,-23.376204]]],[[[-44.671766,-23.356656],[-44.67286,-23.355593],[-44.67051,-23.355007],[-44.671766,-23.356656]]],[[[-44.719245,-23.359487],[-44.720907,-23.358564],[-44.718177,-23.357249],[-44.719245,-23.359487]]],[[[-44.665855,-23.35084],[-44.665336,-23.350559],[-44.665943,-23.351534],[-44.665855,-23.35084]]],[[[-44.664789,-23.350115],[-44.665106,-23.350062],[-44.66482,-23.349947],[-44.664789,-23.350115]]],[[[-44.680742,-23.342198],[-44.679446,-23.341951],[-44.679711,-23.342647],[-44.680742,-23.342198]]],[[[-44.680898,-23.341232],[-44.681066,-23.341913],[-44.681442,-23.341586],[-44.680898,-23.341232]]],[[[-44.892917,-23.352675],[-44.892511,-23.353162],[-44.893065,-23.35323],[-44.892917,-23.352675]]],[[[-44.902561,-23.351503],[-44.903786,-23.353212],[-44.904861,-23.352683],[-44.902561,-23.351503]]],[[[-44.908938,-23.33641],[-44.908131,-23.337313],[-44.90888,-23.337392],[-44.908938,-23.33641]]],[[[-44.636117,-23.280208],[-44.636654,-23.279667],[-44.63616,-23.279593],[-44.636117,-23.280208]]],[[[-44.629656,-23.273215],[-44.630615,-23.274345],[-44.631905,-23.273133],[-44.629656,-23.273215]]],[[[-44.671727,-23.239512],[-44.668125,-23.238808],[-44.670554,-23.240463],[-44.671727,-23.239512]]],[[[-44.647359,-23.227082],[-44.639048,-23.227201],[-44.647015,-23.229603],[-44.647359,-23.227082]]],[[[-44.621248,-23.223314],[-44.594552,-23.201938],[-44.601675,-23.221817],[-44.621248,-23.223314]]],[[[-44.692803,-23.215222],[-44.689636,-23.214875],[-44.691134,-23.218095],[-44.692803,-23.215222]]],[[[-44.689033,-23.209221],[-44.689744,-23.209978],[-44.689803,-23.209266],[-44.689033,-23.209221]]],[[[-44.689612,-23.208226],[-44.689517,-23.207755],[-44.688881,-23.20761],[-44.689612,-23.208226]]],[[[-44.681536,-23.204996],[-44.682348,-23.205849],[-44.683011,-23.205754],[-44.681536,-23.204996]]],[[[-44.707297,-23.206317],[-44.706727,-23.205506],[-44.707016,-23.206265],[-44.707297,-23.206317]]],[[[-44.709093,-23.205268],[-44.710507,-23.205056],[-44.708879,-23.204254],[-44.709093,-23.205268]]],[[[-44.672651,-23.199921],[-44.671836,-23.200097],[-44.672768,-23.201323],[-44.672651,-23.199921]]],[[[-44.606477,-23.195236],[-44.608631,-23.195792],[-44.607983,-23.194564],[-44.606477,-23.195236]]],[[[-44.626009,-23.194618],[-44.624675,-23.194378],[-44.625725,-23.195182],[-44.626009,-23.194618]]],[[[-44.637154,-23.193843],[-44.634879,-23.19251],[-44.635423,-23.194242],[-44.637154,-23.193843]]],[[[-44.624015,-23.192362],[-44.622891,-23.189692],[-44.621072,-23.189531],[-44.624015,-23.192362]]],[[[-44.657738,-23.181142],[-44.656125,-23.18391],[-44.659218,-23.187957],[-44.657738,-23.181142]]],[[[-44.685237,-23.182299],[-44.686121,-23.181697],[-44.685648,-23.181034],[-44.685237,-23.182299]]],[[[-44.678847,-23.180886],[-44.678536,-23.180707],[-44.678456,-23.180881],[-44.678847,-23.180886]]],[[[-44.634459,-23.176462],[-44.635079,-23.176561],[-44.634684,-23.176055],[-44.634459,-23.176462]]],[[[-44.683768,-23.176987],[-44.682213,-23.178793],[-44.684216,-23.178839],[-44.683768,-23.176987]]],[[[-44.634879,-23.174116],[-44.633895,-23.174738],[-44.634474,-23.175416],[-44.634879,-23.174116]]],[[[-44.679634,-23.174938],[-44.679315,-23.175169],[-44.680062,-23.175544],[-44.679634,-23.174938]]],[[[-44.68024,-23.173273],[-44.679633,-23.172853],[-44.679461,-23.174051],[-44.68024,-23.173273]]],[[[-44.678267,-23.17237],[-44.677713,-23.169385],[-44.674368,-23.170477],[-44.678267,-23.17237]]],[[[-44.661438,-23.15917],[-44.664133,-23.163462],[-44.666152,-23.161173],[-44.661438,-23.15917]]],[[[-44.688573,-23.167874],[-44.694796,-23.155962],[-44.682595,-23.156223],[-44.688573,-23.167874]]],[[[-44.676437,-23.13242],[-44.674774,-23.131715],[-44.676037,-23.133247],[-44.676437,-23.13242]]],[[[-44.667292,-23.131974],[-44.667104,-23.131856],[-44.667175,-23.132101],[-44.667292,-23.131974]]],[[[-44.684177,-23.128471],[-44.684456,-23.129946],[-44.687509,-23.129945],[-44.684177,-23.128471]]],[[[-44.679452,-23.125949],[-44.67812,-23.124699],[-44.678554,-23.126898],[-44.679452,-23.125949]]],[[[-44.666508,-23.121612],[-44.66797,-23.123228],[-44.66757,-23.121961],[-44.666508,-23.121612]]],[[[-44.673219,-23.111376],[-44.678204,-23.114226],[-44.677096,-23.110896],[-44.673219,-23.111376]]],[[[-44.680803,-23.109359],[-44.679511,-23.108102],[-44.678851,-23.109585],[-44.680803,-23.109359]]],[[[-44.685578,-23.106802],[-44.689032,-23.109607],[-44.686984,-23.106839],[-44.685578,-23.106802]]],[[[-44.671306,-23.098532],[-44.673916,-23.098273],[-44.66926,-23.09673],[-44.671306,-23.098532]]],[[[-44.675972,-23.095584],[-44.676067,-23.09576],[-44.676757,-23.095961],[-44.675972,-23.095584]]],[[[-44.657909,-23.093158],[-44.658425,-23.092911],[-44.658038,-23.092718],[-44.657909,-23.093158]]],[[[-44.684511,-23.088675],[-44.68414,-23.086989],[-44.682516,-23.086849],[-44.684511,-23.088675]]],[[[-44.644573,-23.074876],[-44.642398,-23.068361],[-44.637883,-23.071818],[-44.644573,-23.074876]]],[[[-44.630849,-23.0678],[-44.629908,-23.071332],[-44.633046,-23.069378],[-44.630849,-23.0678]]],[[[-44.602616,-23.066552],[-44.602463,-23.068887],[-44.603915,-23.067836],[-44.602616,-23.066552]]],[[[-44.637433,-23.066209],[-44.637478,-23.067393],[-44.638263,-23.066517],[-44.637433,-23.066209]]],[[[-44.617268,-23.061903],[-44.616205,-23.061438],[-44.616669,-23.06236],[-44.617268,-23.061903]]],[[[-44.626029,-23.060932],[-44.62903,-23.062764],[-44.628544,-23.060472],[-44.626029,-23.060932]]],[[[-44.606915,-23.061437],[-44.608798,-23.06094],[-44.601844,-23.056227],[-44.606915,-23.061437]]],[[[-44.62227,-23.056793],[-44.618983,-23.058354],[-44.623456,-23.06011],[-44.62227,-23.056793]]],[[[-44.660272,-23.059387],[-44.660165,-23.058406],[-44.659547,-23.05913],[-44.660272,-23.059387]]],[[[-44.609975,-23.054326],[-44.609013,-23.053957],[-44.610103,-23.055148],[-44.609975,-23.054326]]],[[[-44.570122,-23.352719],[-44.569558,-23.348249],[-44.566535,-23.347898],[-44.570122,-23.352719]]],[[[-44.57183,-23.26619],[-44.568148,-23.264388],[-44.570869,-23.267305],[-44.57183,-23.26619]]],[[[-44.359523,-23.212772],[-44.356606,-23.213579],[-44.359391,-23.215],[-44.359523,-23.212772]]],[[[-44.554421,-23.21981],[-44.556594,-23.223687],[-44.557834,-23.222357],[-44.554421,-23.21981]]],[[[-44.584576,-23.210248],[-44.582905,-23.210346],[-44.584575,-23.211787],[-44.584576,-23.210248]]],[[[-44.581512,-23.198061],[-44.579608,-23.203128],[-44.58398,-23.202341],[-44.581512,-23.198061]]],[[[-44.572141,-23.196307],[-44.57449,-23.196035],[-44.572617,-23.195396],[-44.572141,-23.196307]]],[[[-44.577394,-23.189435],[-44.576683,-23.184267],[-44.572347,-23.185102],[-44.577394,-23.189435]]],[[[-44.398917,-23.098548],[-44.398982,-23.099419],[-44.399945,-23.099495],[-44.398917,-23.098548]]],[[[-44.595703,-23.088715],[-44.594422,-23.085222],[-44.593151,-23.086883],[-44.595703,-23.088715]]],[[[-44.394593,-23.072507],[-44.395203,-23.068636],[-44.392056,-23.067928],[-44.394593,-23.072507]]],[[[-44.557126,-23.076391],[-44.556308,-23.076333],[-44.556587,-23.076958],[-44.557126,-23.076391]]],[[[-44.410408,-23.061698],[-44.409681,-23.062978],[-44.411793,-23.063937],[-44.410408,-23.061698]]],[[[-44.406646,-23.059747],[-44.407081,-23.060774],[-44.407639,-23.060075],[-44.406646,-23.059747]]],[[[-44.376268,-23.058018],[-44.376709,-23.058545],[-44.37668,-23.057873],[-44.376268,-23.058018]]],[[[-44.589843,-23.070066],[-44.589806,-23.070315],[-44.59033,-23.07065],[-44.589843,-23.070066]]],[[[-44.406126,-23.058946],[-44.405726,-23.059486],[-44.406252,-23.059517],[-44.406126,-23.058946]]],[[[-44.377657,-23.057055],[-44.377049,-23.056947],[-44.377595,-23.057517],[-44.377657,-23.057055]]],[[[-44.564574,-23.06811],[-44.564332,-23.067246],[-44.563435,-23.067899],[-44.564574,-23.06811]]],[[[-44.414384,-23.056965],[-44.412324,-23.058701],[-44.418904,-23.060777],[-44.414384,-23.056965]]],[[[-44.376447,-23.056213],[-44.377137,-23.056398],[-44.377043,-23.055811],[-44.376447,-23.056213]]],[[[-44.40209,-23.054537],[-44.402122,-23.058053],[-44.40434,-23.054931],[-44.40209,-23.054537]]],[[[-44.412236,-23.055557],[-44.412479,-23.055983],[-44.41268,-23.055781],[-44.412236,-23.055557]]],[[[-44.596476,-23.067094],[-44.596024,-23.065323],[-44.594554,-23.066336],[-44.596476,-23.067094]]],[[[-44.364272,-23.045447],[-44.34722,-23.043256],[-44.351384,-23.059459],[-44.364272,-23.045447]]],[[[-44.421265,-23.053595],[-44.420737,-23.053179],[-44.420684,-23.053659],[-44.421265,-23.053595]]],[[[-44.556335,-23.06179],[-44.564507,-23.064474],[-44.555993,-23.054981],[-44.556335,-23.06179]]],[[[-44.399417,-23.046659],[-44.399664,-23.046218],[-44.399286,-23.046159],[-44.399417,-23.046659]]],[[[-44.399696,-23.045352],[-44.39936,-23.045538],[-44.399667,-23.045628],[-44.399696,-23.045352]]],[[[-44.563115,-23.052987],[-44.561882,-23.051608],[-44.559935,-23.053013],[-44.563115,-23.052987]]],[[[-44.502899,-23.055214],[-44.484514,-23.04048],[-44.491838,-23.051926],[-44.502899,-23.055214]]],[[[-44.340285,-23.03758],[-44.342814,-23.039807],[-44.343486,-23.038613],[-44.340285,-23.03758]]],[[[-44.395554,-23.042287],[-44.395308,-23.039303],[-44.391124,-23.041341],[-44.395554,-23.042287]]],[[[-44.544089,-23.046852],[-44.545523,-23.049674],[-44.546306,-23.049112],[-44.544089,-23.046852]]],[[[-44.492358,-23.044033],[-44.493344,-23.044342],[-44.492614,-23.043592],[-44.492358,-23.044033]]],[[[-44.543491,-23.045896],[-44.544031,-23.046419],[-44.543775,-23.045474],[-44.543491,-23.045896]]],[[[-44.397815,-23.037066],[-44.397714,-23.037114],[-44.397938,-23.037261],[-44.397815,-23.037066]]],[[[-44.397032,-23.035168],[-44.400417,-23.036918],[-44.400276,-23.034916],[-44.397032,-23.035168]]],[[[-44.383596,-23.033958],[-44.38384,-23.034107],[-44.383724,-23.033805],[-44.383596,-23.033958]]],[[[-44.411912,-23.033405],[-44.411682,-23.035252],[-44.413177,-23.034313],[-44.411912,-23.033405]]],[[[-44.518449,-23.035816],[-44.516104,-23.036616],[-44.520586,-23.038635],[-44.518449,-23.035816]]],[[[-44.399346,-23.02632],[-44.404512,-23.03297],[-44.402896,-23.026578],[-44.399346,-23.02632]]],[[[-44.450067,-23.034169],[-44.445982,-23.028228],[-44.444808,-23.030447],[-44.450067,-23.034169]]],[[[-44.482948,-23.031953],[-44.481704,-23.030055],[-44.480881,-23.031052],[-44.482948,-23.031953]]],[[[-44.436262,-23.02483],[-44.43548,-23.025919],[-44.436869,-23.026181],[-44.436262,-23.02483]]],[[[-44.363082,-23.014214],[-44.363459,-23.01413],[-44.363291,-23.013887],[-44.363082,-23.014214]]],[[[-44.368721,-23.011916],[-44.369436,-23.012451],[-44.36969,-23.012037],[-44.368721,-23.011916]]],[[[-44.426475,-23.014819],[-44.42566,-23.014868],[-44.426024,-23.015391],[-44.426475,-23.014819]]],[[[-44.369992,-23.010553],[-44.369987,-23.010356],[-44.369591,-23.010278],[-44.369992,-23.010553]]],[[[-44.36315,-23.009998],[-44.364128,-23.010397],[-44.363797,-23.009688],[-44.36315,-23.009998]]],[[[-44.382631,-23.006878],[-44.383956,-23.007208],[-44.384104,-23.00651],[-44.382631,-23.006878]]],[[[-44.422559,-23.003791],[-44.422461,-23.003096],[-44.422134,-23.003712],[-44.422559,-23.003791]]],[[[-44.366287,-22.999913],[-44.365874,-22.999396],[-44.365942,-22.999955],[-44.366287,-22.999913]]],[[[-44.432188,-23.001854],[-44.430875,-23.0019],[-44.432169,-23.003775],[-44.432188,-23.001854]]],[[[-44.423369,-23.002015],[-44.423478,-23.002406],[-44.42364,-23.002192],[-44.423369,-23.002015]]],[[[-44.352722,-22.992783],[-44.351963,-22.993426],[-44.352912,-22.993546],[-44.352722,-22.992783]]],[[[-44.408034,-22.996241],[-44.410451,-22.994141],[-44.405428,-22.994261],[-44.408034,-22.996241]]],[[[-44.345149,-22.990852],[-44.346016,-22.991029],[-44.345562,-22.990403],[-44.345149,-22.990852]]],[[[-44.400325,-22.993445],[-44.399696,-22.993774],[-44.400323,-22.993892],[-44.400325,-22.993445]]],[[[-44.422057,-22.994228],[-44.421964,-22.99526],[-44.423081,-22.995353],[-44.422057,-22.994228]]],[[[-44.402606,-22.989835],[-44.401307,-22.992833],[-44.404139,-22.991912],[-44.402606,-22.989835]]],[[[-44.416415,-22.986155],[-44.408924,-22.989918],[-44.413808,-22.993117],[-44.416415,-22.986155]]],[[[-44.363144,-22.987429],[-44.358967,-22.9842],[-44.361433,-22.987022],[-44.363144,-22.987429]]],[[[-44.356048,-22.985661],[-44.351813,-22.98106],[-44.352562,-22.984932],[-44.356048,-22.985661]]],[[[-44.411973,-22.983475],[-44.413916,-22.984467],[-44.41386,-22.983606],[-44.411973,-22.983475]]],[[[-44.407471,-22.98164],[-44.395814,-22.979547],[-44.399119,-22.984869],[-44.407471,-22.98164]]],[[[-44.345247,-22.976534],[-44.348058,-22.978232],[-44.345916,-22.975251],[-44.345247,-22.976534]]],[[[-44.407831,-22.977835],[-44.407307,-22.978054],[-44.408108,-22.978468],[-44.407831,-22.977835]]],[[[-44.374958,-22.974083],[-44.375875,-22.975739],[-44.376817,-22.975966],[-44.374958,-22.974083]]],[[[-44.391405,-22.974641],[-44.391317,-22.97477],[-44.39157,-22.974794],[-44.391405,-22.974641]]],[[[-44.388821,-22.97387],[-44.39087,-22.97241],[-44.387278,-22.971935],[-44.388821,-22.97387]]],[[[-44.432529,-22.97493],[-44.430807,-22.973995],[-44.430886,-22.975082],[-44.432529,-22.97493]]],[[[-44.369843,-22.967016],[-44.36866,-22.969216],[-44.372416,-22.970131],[-44.369843,-22.967016]]],[[[-44.417349,-22.966994],[-44.421144,-22.973677],[-44.425158,-22.970698],[-44.417349,-22.966994]]],[[[-44.363942,-22.965222],[-44.364576,-22.964008],[-44.363346,-22.963577],[-44.363942,-22.965222]]],[[[-44.351659,-22.964528],[-44.351103,-22.961776],[-44.345184,-22.962153],[-44.351659,-22.964528]]],[[[-44.406348,-22.962294],[-44.408107,-22.963257],[-44.407912,-22.961869],[-44.406348,-22.962294]]],[[[-44.397211,-22.957624],[-44.399267,-22.958668],[-44.398455,-22.956492],[-44.397211,-22.957624]]],[[[-44.353373,-22.955198],[-44.35226,-22.952851],[-44.351103,-22.95305],[-44.353373,-22.955198]]],[[[-44.400508,-22.951544],[-44.399011,-22.951294],[-44.400258,-22.952576],[-44.400508,-22.951544]]],[[[-44.368397,-22.947061],[-44.368863,-22.947098],[-44.368678,-22.94681],[-44.368397,-22.947061]]],[[[-44.368923,-22.945573],[-44.368654,-22.946335],[-44.369672,-22.946995],[-44.368923,-22.945573]]],[[[-44.36924,-22.943732],[-44.368856,-22.944317],[-44.369483,-22.944024],[-44.36924,-22.943732]]],[[[-44.410572,-22.946191],[-44.410723,-22.94612],[-44.410552,-22.946056],[-44.410572,-22.946191]]],[[[-44.410655,-22.945981],[-44.411007,-22.945976],[-44.410938,-22.945712],[-44.410655,-22.945981]]],[[[-44.368607,-22.943837],[-44.370076,-22.943255],[-44.368552,-22.942287],[-44.368607,-22.943837]]],[[[-44.409764,-22.944909],[-44.41008,-22.945276],[-44.410116,-22.945046],[-44.409764,-22.944909]]],[[[-44.370002,-22.941131],[-44.368757,-22.940779],[-44.369685,-22.942435],[-44.370002,-22.941131]]],[[[-44.162777,-23.225079],[-44.149388,-23.216527],[-44.149937,-23.223792],[-44.162777,-23.225079]]],[[[-44.180768,-23.18418],[-44.181178,-23.183535],[-44.179116,-23.183211],[-44.180768,-23.18418]]],[[[-44.182047,-23.183302],[-44.183336,-23.184007],[-44.183888,-23.18355],[-44.182047,-23.183302]]],[[[-44.094379,-23.175154],[-44.094419,-23.17488],[-44.094161,-23.17506],[-44.094379,-23.175154]]],[[[-44.121042,-23.147442],[-44.120493,-23.147855],[-44.120978,-23.148171],[-44.121042,-23.147442]]],[[[-44.259102,-23.100212],[-44.216159,-23.089844],[-44.201578,-23.119833],[-44.164193,-23.141987],[-44.148179,-23.125053],[-44.137696,-23.159673],[-44.114154,-23.148213],[-44.090746,-23.167537],[-44.118471,-23.186098],[-44.139961,-23.167026],[-44.253195,-23.205511],[-44.270051,-23.180769],[-44.311332,-23.180471],[-44.33401,-23.224072],[-44.339468,-23.190283],[-44.377575,-23.172411],[-44.325149,-23.154086],[-44.296634,-23.116598],[-44.284223,-23.132677],[-44.259102,-23.100212]]],[[[-44.108656,-23.143421],[-44.107916,-23.143107],[-44.108144,-23.143729],[-44.108656,-23.143421]]],[[[-44.109163,-23.138689],[-44.104031,-23.137164],[-44.110189,-23.142274],[-44.109163,-23.138689]]],[[[-44.102987,-23.138306],[-44.10322,-23.138597],[-44.103375,-23.138357],[-44.102987,-23.138306]]],[[[-44.167502,-23.137454],[-44.167435,-23.137843],[-44.167748,-23.13771],[-44.167502,-23.137454]]],[[[-44.167285,-23.13509],[-44.166045,-23.136247],[-44.167326,-23.136799],[-44.167285,-23.13509]]],[[[-44.149969,-23.126004],[-44.151307,-23.126292],[-44.150828,-23.125628],[-44.149969,-23.126004]]],[[[-44.140143,-23.119515],[-44.140875,-23.119677],[-44.140318,-23.119142],[-44.140143,-23.119515]]],[[[-44.164789,-23.114754],[-44.167305,-23.1154],[-44.165675,-23.114415],[-44.164789,-23.114754]]],[[[-44.14139,-23.107124],[-44.141475,-23.107291],[-44.141607,-23.107236],[-44.14139,-23.107124]]],[[[-44.139506,-23.105998],[-44.140092,-23.106687],[-44.141021,-23.106556],[-44.139506,-23.105998]]],[[[-44.118382,-23.09899],[-44.121192,-23.100424],[-44.119226,-23.098425],[-44.118382,-23.09899]]],[[[-44.215733,-23.085769],[-44.215052,-23.085861],[-44.215364,-23.086399],[-44.215733,-23.085769]]],[[[-44.310134,-23.091223],[-44.309124,-23.090715],[-44.309537,-23.0915],[-44.310134,-23.091223]]],[[[-44.241357,-23.086774],[-44.24037,-23.085426],[-44.240022,-23.086576],[-44.241357,-23.086774]]],[[[-44.24031,-23.085038],[-44.240329,-23.085182],[-44.240507,-23.085149],[-44.24031,-23.085038]]],[[[-44.241632,-23.08368],[-44.240565,-23.085036],[-44.244102,-23.084278],[-44.241632,-23.08368]]],[[[-44.230128,-23.083682],[-44.229578,-23.082916],[-44.228586,-23.083365],[-44.230128,-23.083682]]],[[[-44.240851,-23.083659],[-44.240669,-23.083737],[-44.241063,-23.083833],[-44.240851,-23.083659]]],[[[-44.310142,-23.085171],[-44.311921,-23.086816],[-44.312912,-23.085687],[-44.310142,-23.085171]]],[[[-44.329277,-23.083237],[-44.330501,-23.087424],[-44.332589,-23.086406],[-44.329277,-23.083237]]],[[[-44.227602,-23.07702],[-44.227053,-23.077568],[-44.227923,-23.077978],[-44.227602,-23.07702]]],[[[-44.241308,-23.077519],[-44.239966,-23.077276],[-44.240896,-23.078074],[-44.241308,-23.077519]]],[[[-44.252526,-23.071883],[-44.255316,-23.070784],[-44.251683,-23.069767],[-44.252526,-23.071883]]],[[[-44.316108,-23.064888],[-44.316398,-23.064521],[-44.315307,-23.06433],[-44.316108,-23.064888]]],[[[-44.31676,-23.062898],[-44.317777,-23.059241],[-44.308979,-23.058788],[-44.31676,-23.062898]]],[[[-44.33842,-23.061715],[-44.338759,-23.061485],[-44.338276,-23.061402],[-44.33842,-23.061715]]],[[[-44.26907,-23.054574],[-44.268544,-23.053478],[-44.268269,-23.054427],[-44.26907,-23.054574]]],[[[-44.329181,-23.0553],[-44.329874,-23.056272],[-44.330589,-23.05543],[-44.329181,-23.0553]]],[[[-44.31791,-23.054018],[-44.31261,-23.053608],[-44.316664,-23.055963],[-44.31791,-23.054018]]],[[[-44.328179,-23.055221],[-44.329036,-23.055953],[-44.328313,-23.05472],[-44.328179,-23.055221]]],[[[-44.332464,-23.05506],[-44.333154,-23.055674],[-44.3332,-23.054765],[-44.332464,-23.05506]]],[[[-44.136959,-23.043886],[-44.139251,-23.04224],[-44.136413,-23.041064],[-44.136959,-23.043886]]],[[[-44.332256,-23.053751],[-44.334061,-23.054755],[-44.33372,-23.052973],[-44.332256,-23.053751]]],[[[-44.130207,-23.041816],[-44.130778,-23.038178],[-44.123901,-23.040864],[-44.130207,-23.041816]]],[[[-44.308236,-23.050937],[-44.308974,-23.051],[-44.308694,-23.050286],[-44.308236,-23.050937]]],[[[-44.111933,-23.038721],[-44.112277,-23.038036],[-44.111566,-23.037992],[-44.111933,-23.038721]]],[[[-44.112657,-23.036326],[-44.112339,-23.037459],[-44.113046,-23.03702],[-44.112657,-23.036326]]],[[[-44.159263,-23.03752],[-44.159031,-23.04201],[-44.162024,-23.040407],[-44.159263,-23.03752]]],[[[-44.298663,-23.03835],[-44.298335,-23.038553],[-44.298452,-23.038963],[-44.298663,-23.03835]]],[[[-44.298456,-23.037971],[-44.29864,-23.037722],[-44.298335,-23.03774],[-44.298456,-23.037971]]],[[[-44.110126,-23.025821],[-44.110744,-23.025662],[-44.110405,-23.025481],[-44.110126,-23.025821]]],[[[-44.110575,-23.024776],[-44.110314,-23.02459],[-44.110378,-23.024916],[-44.110575,-23.024776]]],[[[-44.279657,-23.033986],[-44.279114,-23.035544],[-44.280005,-23.035938],[-44.279657,-23.033986]]],[[[-44.108848,-23.023257],[-44.108808,-23.023532],[-44.109038,-23.023341],[-44.108848,-23.023257]]],[[[-44.283423,-23.034242],[-44.284453,-23.03392],[-44.283788,-23.033379],[-44.283423,-23.034242]]],[[[-44.109653,-23.023745],[-44.110977,-23.023165],[-44.109987,-23.02213],[-44.109653,-23.023745]]],[[[-44.296198,-23.031861],[-44.297112,-23.032346],[-44.296286,-23.030928],[-44.296198,-23.031861]]],[[[-44.280769,-23.027277],[-44.281037,-23.027088],[-44.280699,-23.026754],[-44.280769,-23.027277]]],[[[-44.278232,-23.025317],[-44.279644,-23.027414],[-44.279726,-23.026552],[-44.278232,-23.025317]]],[[[-44.285436,-23.02655],[-44.287214,-23.027785],[-44.287727,-23.02584],[-44.285436,-23.02655]]],[[[-44.326605,-23.02918],[-44.327221,-23.029574],[-44.326708,-23.02856],[-44.326605,-23.02918]]],[[[-44.28529,-23.026407],[-44.285605,-23.026114],[-44.284838,-23.026031],[-44.28529,-23.026407]]],[[[-44.269467,-23.024704],[-44.26889,-23.024302],[-44.269208,-23.025171],[-44.269467,-23.024704]]],[[[-44.284275,-23.026247],[-44.285193,-23.024908],[-44.284371,-23.024376],[-44.284275,-23.026247]]],[[[-44.309153,-23.025503],[-44.310061,-23.027427],[-44.310142,-23.024946],[-44.309153,-23.025503]]],[[[-44.329217,-23.026843],[-44.331659,-23.028233],[-44.332734,-23.025527],[-44.329217,-23.026843]]],[[[-44.331784,-23.0231],[-44.331298,-23.02333],[-44.331915,-23.023734],[-44.331784,-23.0231]]],[[[-44.27623,-23.017847],[-44.277163,-23.017787],[-44.277034,-23.017413],[-44.27623,-23.017847]]],[[[-44.318565,-23.018903],[-44.319297,-23.020145],[-44.319645,-23.018709],[-44.318565,-23.018903]]],[[[-44.26902,-23.014807],[-44.268596,-23.01378],[-44.267325,-23.013649],[-44.26902,-23.014807]]],[[[-44.320976,-23.017466],[-44.321432,-23.017387],[-44.320885,-23.016567],[-44.320976,-23.017466]]],[[[-44.301505,-23.008885],[-44.302066,-23.010188],[-44.302105,-23.008152],[-44.301505,-23.008885]]],[[[-44.30894,-23.009755],[-44.309064,-23.008037],[-44.307452,-23.007752],[-44.30894,-23.009755]]],[[[-44.340786,-22.985456],[-44.341092,-22.986637],[-44.342051,-22.985524],[-44.340786,-22.985456]]],[[[-44.33499,-22.981906],[-44.335918,-22.981917],[-44.335061,-22.981329],[-44.33499,-22.981906]]],[[[-44.329866,-22.980041],[-44.3307,-22.979591],[-44.329149,-22.978326],[-44.329866,-22.980041]]],[[[-44.34103,-22.979463],[-44.340455,-22.975494],[-44.339188,-22.977751],[-44.34103,-22.979463]]],[[[-44.329116,-22.972253],[-44.32766,-22.972111],[-44.327996,-22.972606],[-44.329116,-22.972253]]],[[[-44.315608,-22.968737],[-44.314911,-22.969321],[-44.31639,-22.969285],[-44.315608,-22.968737]]],[[[-44.311541,-22.967132],[-44.312629,-22.96735],[-44.312473,-22.966402],[-44.311541,-22.967132]]],[[[-44.318542,-22.967627],[-44.318952,-22.966275],[-44.316696,-22.966389],[-44.318542,-22.967627]]],[[[-44.342104,-22.962718],[-44.340607,-22.963147],[-44.342099,-22.96388],[-44.342104,-22.962718]]],[[[-44.320016,-22.961663],[-44.322164,-22.961963],[-44.320588,-22.959963],[-44.320016,-22.961663]]],[[[-44.34421,-22.962103],[-44.3421,-22.960045],[-44.34293,-22.962509],[-44.34421,-22.962103]]],[[[-44.338605,-22.955095],[-44.334223,-22.947795],[-44.334996,-22.954181],[-44.338605,-22.955095]]],[[[-44.336175,-22.947144],[-44.33647,-22.94684],[-44.336235,-22.946584],[-44.336175,-22.947144]]],[[[-44.341993,-22.942997],[-44.345246,-22.93891],[-44.339079,-22.934435],[-44.341993,-22.942997]]],[[[-44.348986,-22.932384],[-44.348638,-22.932203],[-44.34867,-22.932437],[-44.348986,-22.932384]]],[[[-44.346002,-22.930399],[-44.34607,-22.931628],[-44.347497,-22.931481],[-44.346002,-22.930399]]],[[[-44.331626,-22.92787],[-44.331384,-22.928383],[-44.331956,-22.928847],[-44.331626,-22.92787]]],[[[-44.333712,-22.928067],[-44.333699,-22.928657],[-44.334008,-22.9283],[-44.333712,-22.928067]]],[[[-44.332654,-22.928513],[-44.333532,-22.927037],[-44.331152,-22.926027],[-44.332654,-22.928513]]],[[[-44.092921,-23.173437],[-44.09138,-23.172832],[-44.091391,-23.174137],[-44.092921,-23.173437]]],[[[-43.83474,-23.115712],[-43.836665,-23.116147],[-43.835173,-23.115043],[-43.83474,-23.115712]]],[[[-43.573629,-23.073494],[-43.574352,-23.07288],[-43.573077,-23.072788],[-43.573629,-23.073494]]],[[[-44.012042,-23.086288],[-44.010714,-23.085338],[-44.01132,-23.087047],[-44.012042,-23.086288]]],[[[-43.987993,-23.102402],[-44.012046,-23.079426],[-43.973272,-23.045254],[-43.899465,-23.068795],[-43.881017,-23.042099],[-43.828383,-23.058153],[-43.753996,-23.059755],[-43.614007,-23.030983],[-43.60398,-23.038706],[-43.566453,-23.054851],[-43.63675,-23.050553],[-43.783666,-23.062689],[-43.954301,-23.086956],[-43.987993,-23.102402]]],[[[-43.584091,-23.045038],[-43.584603,-23.044116],[-43.582876,-23.045191],[-43.584091,-23.045038]]],[[[-43.588394,-23.042657],[-43.586485,-23.042926],[-43.585702,-23.044821],[-43.588394,-23.042657]]],[[[-43.577774,-23.042868],[-43.579204,-23.044479],[-43.580643,-23.039056],[-43.577774,-23.042868]]],[[[-43.58861,-23.042653],[-43.594171,-23.042078],[-43.591657,-23.041325],[-43.58861,-23.042653]]],[[[-43.593342,-23.041426],[-43.593372,-23.04116],[-43.592722,-23.041216],[-43.593342,-23.041426]]],[[[-43.580844,-23.040372],[-43.602281,-23.039042],[-43.602296,-23.028884],[-43.580844,-23.040372]]],[[[-43.604532,-23.030699],[-43.604979,-23.033138],[-43.611644,-23.030187],[-43.604532,-23.030699]]],[[[-43.604574,-23.027389],[-43.600272,-23.027494],[-43.602656,-23.028917],[-43.604574,-23.027389]]],[[[-43.953258,-23.022449],[-43.950985,-23.025523],[-43.954214,-23.024966],[-43.953258,-23.022449]]],[[[-43.946029,-23.020789],[-43.944112,-23.023153],[-43.947727,-23.02463],[-43.946029,-23.020789]]],[[[-43.652404,-23.003121],[-43.653036,-23.003412],[-43.652615,-23.002912],[-43.652404,-23.003121]]],[[[-43.65037,-23.002606],[-43.650782,-23.002597],[-43.650321,-23.002228],[-43.65037,-23.002606]]],[[[-43.944645,-23.019166],[-43.943353,-23.018397],[-43.943474,-23.019137],[-43.944645,-23.019166]]],[[[-43.660391,-22.999717],[-43.660996,-22.999863],[-43.660586,-22.999471],[-43.660391,-22.999717]]],[[[-43.660673,-22.998968],[-43.661396,-22.99847],[-43.659761,-22.998239],[-43.660673,-22.998968]]],[[[-43.940598,-23.016142],[-43.939785,-23.016172],[-43.940747,-23.016643],[-43.940598,-23.016142]]],[[[-43.940446,-23.015436],[-43.940713,-23.015131],[-43.940347,-23.015188],[-43.940446,-23.015436]]],[[[-43.965586,-23.015423],[-43.966026,-23.015433],[-43.965421,-23.015019],[-43.965586,-23.015423]]],[[[-43.929937,-23.012801],[-43.9305,-23.01272],[-43.930432,-23.01193],[-43.929937,-23.012801]]],[[[-43.965266,-23.012901],[-43.964412,-23.012812],[-43.964945,-23.013667],[-43.965266,-23.012901]]],[[[-43.92518,-23.007383],[-43.924666,-23.007592],[-43.925408,-23.007603],[-43.92518,-23.007383]]],[[[-43.949511,-23.005624],[-43.952656,-23.009859],[-43.95416,-23.004915],[-43.949511,-23.005624]]],[[[-43.948316,-23.004093],[-43.948443,-23.004744],[-43.94869,-23.004581],[-43.948316,-23.004093]]],[[[-43.94484,-23.00442],[-43.945463,-23.004066],[-43.944858,-23.003786],[-43.94484,-23.00442]]],[[[-43.947314,-23.004673],[-43.947166,-23.00377],[-43.94623,-23.004266],[-43.947314,-23.004673]]],[[[-43.943778,-23.004103],[-43.943432,-23.003634],[-43.943232,-23.003952],[-43.943778,-23.004103]]],[[[-44.076974,-23.011723],[-44.076768,-23.011987],[-44.077283,-23.012171],[-44.076974,-23.011723]]],[[[-43.947597,-23.003512],[-43.947645,-23.003908],[-43.94822,-23.003542],[-43.947597,-23.003512]]],[[[-43.695258,-22.986354],[-43.696238,-22.986703],[-43.695883,-22.986243],[-43.695258,-22.986354]]],[[[-43.954818,-23.002383],[-43.953211,-23.000728],[-43.95311,-23.003518],[-43.954818,-23.002383]]],[[[-43.703531,-22.985189],[-43.705724,-22.986678],[-43.706456,-22.986181],[-43.703531,-22.985189]]],[[[-44.038082,-23.011693],[-44.050169,-23.001097],[-44.029017,-22.998539],[-44.038082,-23.011693]]],[[[-43.931242,-23.007648],[-43.927995,-22.989139],[-43.917674,-22.995092],[-43.931242,-23.007648]]],[[[-43.912277,-22.996146],[-43.912481,-22.996936],[-43.913208,-22.997027],[-43.912277,-22.996146]]],[[[-43.916217,-22.994715],[-43.915956,-22.995458],[-43.916768,-22.995312],[-43.916217,-22.994715]]],[[[-43.912098,-22.992142],[-43.907803,-22.989978],[-43.910623,-22.995381],[-43.912098,-22.992142]]],[[[-43.922948,-22.988134],[-43.921883,-22.985387],[-43.918562,-22.986644],[-43.922948,-22.988134]]],[[[-43.923802,-22.984168],[-43.92398,-22.98258],[-43.922663,-22.982801],[-43.923802,-22.984168]]],[[[-43.915382,-22.98095],[-43.907268,-22.981475],[-43.913166,-22.98391],[-43.915382,-22.98095]]],[[[-44.044906,-22.988608],[-44.041628,-22.986796],[-44.041144,-22.990689],[-44.044906,-22.988608]]],[[[-43.936238,-22.982323],[-43.935332,-22.981105],[-43.934637,-22.981516],[-43.936238,-22.982323]]],[[[-43.91606,-22.978554],[-43.917154,-22.978962],[-43.91663,-22.977991],[-43.91606,-22.978554]]],[[[-43.91218,-22.96081],[-43.910937,-22.960312],[-43.911628,-22.962446],[-43.91218,-22.96081]]],[[[-43.875841,-22.958968],[-43.876112,-22.959271],[-43.876223,-22.95909],[-43.875841,-22.958968]]],[[[-43.873764,-22.958649],[-43.873775,-22.958105],[-43.872219,-22.957882],[-43.873764,-22.958649]]],[[[-44.006785,-22.965248],[-44.007049,-22.965389],[-44.006729,-22.964958],[-44.006785,-22.965248]]],[[[-43.864793,-22.95551],[-43.863701,-22.955477],[-43.864336,-22.955732],[-43.864793,-22.95551]]],[[[-44.006124,-22.964286],[-44.006128,-22.964626],[-44.006349,-22.964408],[-44.006124,-22.964286]]],[[[-43.951908,-22.959944],[-43.947066,-22.959346],[-43.947326,-22.961095],[-43.951908,-22.959944]]],[[[-44.000654,-22.961873],[-43.999504,-22.961828],[-44.000621,-22.96297],[-44.000654,-22.961873]]],[[[-43.998405,-22.960169],[-43.998083,-22.960033],[-43.998068,-22.960362],[-43.998405,-22.960169]]],[[[-43.857523,-22.951853],[-43.863676,-22.950474],[-43.860493,-22.946673],[-43.857523,-22.951853]]],[[[-43.856959,-22.945449],[-43.859008,-22.946142],[-43.857483,-22.945241],[-43.856959,-22.945449]]],[[[-43.864191,-22.945066],[-43.866338,-22.94589],[-43.866116,-22.944545],[-43.864191,-22.945066]]],[[[-43.927304,-22.947833],[-43.928894,-22.948924],[-43.927724,-22.94718],[-43.927304,-22.947833]]],[[[-43.854416,-22.941716],[-43.853939,-22.941168],[-43.85405,-22.941648],[-43.854416,-22.941716]]],[[[-43.923694,-22.945668],[-43.923047,-22.944252],[-43.92215,-22.94449],[-43.923694,-22.945668]]],[[[-43.868788,-22.924741],[-43.892595,-22.956353],[-43.912382,-22.935274],[-43.868788,-22.924741]]],[[[-43.915208,-22.939436],[-43.920066,-22.944913],[-43.920995,-22.942023],[-43.915208,-22.939436]]],[[[-44.009306,-22.947088],[-44.008055,-22.946957],[-44.009092,-22.947987],[-44.009306,-22.947088]]],[[[-43.965565,-22.943511],[-43.966452,-22.945121],[-43.967292,-22.943414],[-43.965565,-22.943511]]],[[[-43.961742,-22.944317],[-43.963689,-22.943769],[-43.961782,-22.942998],[-43.961742,-22.944317]]],[[[-43.786888,-22.926433],[-43.783287,-22.925722],[-43.78587,-22.928914],[-43.786888,-22.926433]]],[[[-43.813196,-22.924603],[-43.809437,-22.922891],[-43.810683,-22.925658],[-43.813196,-22.924603]]],[[[-43.959688,-22.933066],[-43.959706,-22.933478],[-43.959977,-22.933388],[-43.959688,-22.933066]]],[[[-43.960705,-22.932665],[-43.960979,-22.932915],[-43.960861,-22.932532],[-43.960705,-22.932665]]],[[[-43.887377,-22.926654],[-43.887366,-22.927832],[-43.888221,-22.927127],[-43.887377,-22.926654]]],[[[-43.865028,-22.924584],[-43.865186,-22.925988],[-43.866093,-22.925232],[-43.865028,-22.924584]]],[[[-43.812051,-22.919064],[-43.810682,-22.919335],[-43.813827,-22.921177],[-43.812051,-22.919064]]],[[[-43.876742,-22.924215],[-43.876208,-22.923396],[-43.875858,-22.924017],[-43.876742,-22.924215]]],[[[-43.876943,-22.922719],[-43.876594,-22.922554],[-43.876838,-22.922944],[-43.876943,-22.922719]]],[[[-43.84121,-22.907638],[-43.841381,-22.907577],[-43.841181,-22.907511],[-43.84121,-22.907638]]],[[[-43.841108,-22.907444],[-43.841296,-22.907402],[-43.841136,-22.90732],[-43.841108,-22.907444]]],[[[-43.841027,-22.90734],[-43.840911,-22.907074],[-43.840581,-22.907303],[-43.841027,-22.90734]]],[[[-43.842562,-22.906553],[-43.842527,-22.906363],[-43.842433,-22.906447],[-43.842562,-22.906553]]],[[[-43.840308,-22.90625],[-43.840125,-22.906095],[-43.840191,-22.906385],[-43.840308,-22.90625]]],[[[-43.842226,-22.906469],[-43.841553,-22.90607],[-43.841611,-22.906466],[-43.842226,-22.906469]]],[[[-43.840777,-22.906646],[-43.840668,-22.906014],[-43.840089,-22.905664],[-43.840777,-22.906646]]],[[[-43.83922,-22.905779],[-43.839174,-22.906009],[-43.839439,-22.90599],[-43.83922,-22.905779]]],[[[-43.839999,-22.905945],[-43.840016,-22.905588],[-43.839655,-22.905968],[-43.839999,-22.905945]]],[[[-43.839533,-22.905522],[-43.839562,-22.905917],[-43.839804,-22.905682],[-43.839533,-22.905522]]],[[[-43.838798,-22.905806],[-43.839018,-22.905481],[-43.838704,-22.90563],[-43.838798,-22.905806]]],[[[-43.838556,-22.905514],[-43.838599,-22.905597],[-43.83875,-22.90541],[-43.838556,-22.905514]]],[[[-43.198427,-23.073549],[-43.198887,-23.074767],[-43.200473,-23.073661],[-43.198427,-23.073549]]],[[[-43.199104,-23.071472],[-43.195154,-23.067308],[-43.192785,-23.074105],[-43.199104,-23.071472]]],[[[-43.147817,-23.064946],[-43.148252,-23.059589],[-43.14233,-23.065885],[-43.147817,-23.064946]]],[[[-43.569097,-23.081295],[-43.568756,-23.081531],[-43.569188,-23.081515],[-43.569097,-23.081295]]],[[[-43.561371,-23.078738],[-43.55917,-23.080736],[-43.563796,-23.081511],[-43.561371,-23.078738]]],[[[-43.507901,-23.06485],[-43.514414,-23.065384],[-43.511077,-23.062398],[-43.507901,-23.06485]]],[[[-43.512151,-23.061308],[-43.512322,-23.060623],[-43.5112,-23.060202],[-43.512151,-23.061308]]],[[[-43.310667,-23.046504],[-43.309931,-23.047151],[-43.310546,-23.047165],[-43.310667,-23.046504]]],[[[-43.205723,-23.040139],[-43.207357,-23.037831],[-43.200581,-23.036563],[-43.205723,-23.040139]]],[[[-43.310027,-23.044481],[-43.310473,-23.044404],[-43.310225,-23.044075],[-43.310027,-23.044481]]],[[[-43.567563,-23.059681],[-43.567508,-23.060008],[-43.567663,-23.059911],[-43.567563,-23.059681]]],[[[-43.566391,-23.058659],[-43.565858,-23.058713],[-43.56636,-23.059175],[-43.566391,-23.058659]]],[[[-43.565821,-23.058818],[-43.565791,-23.058691],[-43.565708,-23.058757],[-43.565821,-23.058818]]],[[[-43.566162,-23.057957],[-43.567207,-23.059605],[-43.567361,-23.058133],[-43.566162,-23.057957]]],[[[-43.563444,-23.057306],[-43.562941,-23.058104],[-43.563974,-23.058787],[-43.563444,-23.057306]]],[[[-43.195193,-23.033748],[-43.196194,-23.034074],[-43.194914,-23.03248],[-43.195193,-23.033748]]],[[[-43.50917,-23.054151],[-43.509059,-23.052689],[-43.507736,-23.053343],[-43.50917,-23.054151]]],[[[-43.56579,-23.057209],[-43.565557,-23.055418],[-43.564885,-23.056516],[-43.56579,-23.057209]]],[[[-43.192975,-23.031163],[-43.192748,-23.031674],[-43.193753,-23.031706],[-43.192975,-23.031163]]],[[[-43.304191,-23.03658],[-43.302353,-23.03792],[-43.307944,-23.038712],[-43.304191,-23.03658]]],[[[-43.192583,-23.030209],[-43.192657,-23.029296],[-43.19112,-23.029549],[-43.192583,-23.030209]]],[[[-43.563285,-23.054832],[-43.565212,-23.053324],[-43.563398,-23.054],[-43.563285,-23.054832]]],[[[-43.315818,-23.037373],[-43.316455,-23.037603],[-43.316616,-23.037176],[-43.315818,-23.037373]]],[[[-43.569493,-23.050988],[-43.564736,-23.051517],[-43.566261,-23.052536],[-43.569493,-23.050988]]],[[[-43.304888,-23.033852],[-43.304779,-23.034121],[-43.304997,-23.034082],[-43.304888,-23.033852]]],[[[-43.1919,-23.025329],[-43.190062,-23.027016],[-43.195022,-23.027502],[-43.1919,-23.025329]]],[[[-43.305544,-23.033726],[-43.305757,-23.033267],[-43.305328,-23.033248],[-43.305544,-23.033726]]],[[[-43.569324,-23.050896],[-43.569596,-23.050789],[-43.569062,-23.050736],[-43.569324,-23.050896]]],[[[-43.206303,-23.025773],[-43.200781,-23.026079],[-43.202021,-23.027447],[-43.206303,-23.025773]]],[[[-43.300925,-23.032026],[-43.298483,-23.031256],[-43.29931,-23.034247],[-43.300925,-23.032026]]],[[[-43.569212,-23.050452],[-43.570792,-23.04976],[-43.569979,-23.049645],[-43.569212,-23.050452]]],[[[-43.275924,-23.028821],[-43.275221,-23.030148],[-43.278427,-23.030184],[-43.275924,-23.028821]]],[[[-43.182798,-23.021389],[-43.182745,-23.022768],[-43.183798,-23.021724],[-43.182798,-23.021389]]],[[[-43.471008,-23.034091],[-43.467531,-23.037129],[-43.470925,-23.037763],[-43.471008,-23.034091]]],[[[-43.15106,-22.964345],[-43.147342,-22.961713],[-43.147857,-22.964182],[-43.15106,-22.964345]]],[[[-43.147919,-22.93506],[-43.147895,-22.935237],[-43.148577,-22.93539],[-43.147919,-22.93506]]],[[[-43.14621,-22.934187],[-43.146558,-22.934844],[-43.147292,-22.934465],[-43.14621,-22.934187]]],[[[-43.15781,-22.912629],[-43.160554,-22.916551],[-43.160119,-22.912598],[-43.15781,-22.912629]]],[[[-43.166956,-22.896862],[-43.165696,-22.896849],[-43.166839,-22.897336],[-43.166956,-22.896862]]],[[[-43.167339,-22.895497],[-43.174956,-22.897516],[-43.17472,-22.893148],[-43.167339,-22.895497]]],[[[-43.19562,-22.88747],[-43.197814,-22.887768],[-43.196333,-22.887107],[-43.19562,-22.88747]]],[[[-43.208659,-22.889503],[-43.210925,-22.886836],[-43.20837,-22.886398],[-43.208659,-22.889503]]],[[[-43.175053,-22.882674],[-43.173558,-22.884134],[-43.176854,-22.884346],[-43.175053,-22.882674]]],[[[-43.215668,-22.870529],[-43.236241,-22.861138],[-43.242338,-22.836953],[-43.215668,-22.870529]]],[[[-43.172961,-22.838682],[-43.17453,-22.838975],[-43.174506,-22.836833],[-43.172961,-22.838682]]],[[[-43.18475,-22.833577],[-43.184752,-22.833551],[-43.184711,-22.833575],[-43.18475,-22.833577]]],[[[-43.167191,-22.829136],[-43.167166,-22.829322],[-43.167602,-22.829244],[-43.167191,-22.829136]]],[[[-43.163142,-22.820054],[-43.162523,-22.819486],[-43.162561,-22.819988],[-43.163142,-22.820054]]],[[[-43.254225,-22.825775],[-43.254529,-22.82551],[-43.254149,-22.825627],[-43.254225,-22.825775]]],[[[-43.259925,-22.825093],[-43.257601,-22.824715],[-43.257807,-22.826548],[-43.259925,-22.825093]]],[[[-43.254953,-22.824235],[-43.254661,-22.825322],[-43.255555,-22.824525],[-43.254953,-22.824235]]],[[[-43.1618,-22.811322],[-43.161295,-22.81506],[-43.164921,-22.811977],[-43.1618,-22.811322]]],[[[-43.265686,-22.811195],[-43.228509,-22.78363],[-43.205437,-22.795514],[-43.157466,-22.77858],[-43.178402,-22.802652],[-43.184752,-22.833551],[-43.192891,-22.819461],[-43.239199,-22.833809],[-43.265686,-22.811195]]],[[[-43.157322,-22.80016],[-43.157808,-22.800308],[-43.157716,-22.799865],[-43.157322,-22.80016]]],[[[-43.16889,-22.800579],[-43.169438,-22.800446],[-43.1688,-22.799752],[-43.16889,-22.800579]]],[[[-43.155794,-22.794724],[-43.155791,-22.794635],[-43.155747,-22.794703],[-43.155794,-22.794724]]],[[[-43.155473,-22.794587],[-43.15544,-22.794629],[-43.155538,-22.794627],[-43.155473,-22.794587]]],[[[-43.15587,-22.794382],[-43.155939,-22.794502],[-43.156015,-22.7944],[-43.15587,-22.794382]]],[[[-43.155769,-22.794544],[-43.1558,-22.794038],[-43.154982,-22.794126],[-43.155769,-22.794544]]],[[[-43.155801,-22.79402],[-43.1558,-22.794038],[-43.155819,-22.79404],[-43.155801,-22.79402]]],[[[-43.155764,-22.792047],[-43.155693,-22.792078],[-43.155771,-22.792083],[-43.155764,-22.792047]]],[[[-43.1555,-22.791931],[-43.155526,-22.791969],[-43.155569,-22.791918],[-43.1555,-22.791931]]],[[[-43.155637,-22.791923],[-43.155639,-22.791905],[-43.155618,-22.791913],[-43.155637,-22.791923]]],[[[-43.155704,-22.791936],[-43.155699,-22.791882],[-43.155639,-22.791905],[-43.155704,-22.791936]]],[[[-43.155512,-22.791905],[-43.155541,-22.791898],[-43.155513,-22.791888],[-43.155512,-22.791905]]],[[[-43.155546,-22.791836],[-43.155541,-22.791898],[-43.155609,-22.791903],[-43.155546,-22.791836]]],[[[-43.155517,-22.791834],[-43.155519,-22.791817],[-43.155487,-22.791841],[-43.155517,-22.791834]]],[[[-43.15578,-22.791852],[-43.15582,-22.791837],[-43.155773,-22.791807],[-43.15578,-22.791852]]],[[[-43.155708,-22.791776],[-43.155733,-22.791697],[-43.155676,-22.791685],[-43.155708,-22.791776]]],[[[-43.160012,-22.77018],[-43.160005,-22.770153],[-43.159964,-22.770168],[-43.160012,-22.77018]]],[[[-43.169049,-22.76877],[-43.168996,-22.768695],[-43.168953,-22.768755],[-43.169049,-22.76877]]],[[[-43.167714,-22.767878],[-43.167481,-22.768603],[-43.168497,-22.768715],[-43.167714,-22.767878]]],[[[-43.168629,-22.768162],[-43.16872,-22.768124],[-43.168605,-22.767974],[-43.168629,-22.768162]]],[[[-43.168493,-22.767912],[-43.168618,-22.767814],[-43.168364,-22.767806],[-43.168493,-22.767912]]],[[[-43.168315,-22.767562],[-43.168254,-22.767602],[-43.168271,-22.767755],[-43.168315,-22.767562]]],[[[-43.169215,-22.767542],[-43.169095,-22.767578],[-43.169265,-22.767777],[-43.169215,-22.767542]]],[[[-43.167752,-22.767649],[-43.168041,-22.767704],[-43.168016,-22.767399],[-43.167752,-22.767649]]],[[[-43.168515,-22.767388],[-43.168554,-22.767506],[-43.168679,-22.767408],[-43.168515,-22.767388]]],[[[-43.168631,-22.767529],[-43.168893,-22.767538],[-43.16874,-22.767385],[-43.168631,-22.767529]]],[[[-43.169149,-22.767154],[-43.168821,-22.767346],[-43.169056,-22.767576],[-43.169149,-22.767154]]],[[[-43.168267,-22.767193],[-43.168261,-22.767264],[-43.168363,-22.767208],[-43.168267,-22.767193]]],[[[-43.168967,-22.766981],[-43.168901,-22.766959],[-43.168882,-22.767074],[-43.168967,-22.766981]]],[[[-43.169109,-22.767044],[-43.169161,-22.767003],[-43.169092,-22.767007],[-43.169109,-22.767044]]],[[[-43.169181,-22.766995],[-43.169232,-22.766963],[-43.169184,-22.766951],[-43.169181,-22.766995]]],[[[-43.169149,-22.766904],[-43.169228,-22.766776],[-43.169105,-22.766839],[-43.169149,-22.766904]]],[[[-43.168689,-22.766793],[-43.168751,-22.766753],[-43.168685,-22.766721],[-43.168689,-22.766793]]],[[[-43.169097,-22.766704],[-43.169197,-22.766667],[-43.169094,-22.766615],[-43.169097,-22.766704]]],[[[-43.180873,-22.726371],[-43.181337,-22.725929],[-43.180816,-22.725984],[-43.180873,-22.726371]]],[[[-42.006937,-23.010907],[-41.978387,-22.977891],[-41.977869,-22.996848],[-42.006937,-23.010907]]],[[[-42.03756,-22.983781],[-42.036978,-22.984271],[-42.037596,-22.984682],[-42.03756,-22.983781]]],[[[-42.03814,-22.980569],[-42.037312,-22.980747],[-42.038234,-22.983351],[-42.03814,-22.980569]]],[[[-41.992806,-22.969317],[-41.992618,-22.9629],[-41.985465,-22.963674],[-41.992806,-22.969317]]],[[[-42.929147,-23.024861],[-42.929136,-23.025235],[-42.929375,-23.024948],[-42.929147,-23.024861]]],[[[-42.927883,-23.024293],[-42.928158,-23.022154],[-42.92515,-23.021492],[-42.927883,-23.024293]]],[[[-42.920903,-23.012874],[-42.912881,-23.008496],[-42.919563,-23.01665],[-42.920903,-23.012874]]],[[[-42.908784,-23.007527],[-42.90708,-23.00601],[-42.90763,-23.007403],[-42.908784,-23.007527]]],[[[-42.90896,-23.005516],[-42.907103,-23.004791],[-42.908401,-23.006012],[-42.90896,-23.005516]]],[[[-42.028771,-22.939867],[-42.029858,-22.942162],[-42.029613,-22.94008],[-42.028771,-22.939867]]],[[[-42.69223,-22.962134],[-42.691567,-22.961758],[-42.691346,-22.962294],[-42.69223,-22.962134]]],[[[-43.088864,-22.988018],[-43.081031,-22.98572],[-43.085689,-22.989657],[-43.088864,-22.988018]]],[[[-42.468132,-22.94347],[-42.469064,-22.94457],[-42.469117,-22.943612],[-42.468132,-22.94347]]],[[[-43.067769,-22.982964],[-43.062827,-22.984081],[-43.06744,-22.986285],[-43.067769,-22.982964]]],[[[-42.476769,-22.939805],[-42.475715,-22.939436],[-42.476143,-22.940491],[-42.476769,-22.939805]]],[[[-42.475336,-22.939186],[-42.475609,-22.939072],[-42.475296,-22.938845],[-42.475336,-22.939186]]],[[[-42.474661,-22.938497],[-42.474561,-22.938757],[-42.474858,-22.938707],[-42.474661,-22.938497]]],[[[-43.05329,-22.980141],[-43.05519,-22.980708],[-43.052901,-22.97736],[-43.05329,-22.980141]]],[[[-42.474425,-22.938516],[-42.474705,-22.938331],[-42.474266,-22.938095],[-42.474425,-22.938516]]],[[[-42.473591,-22.937868],[-42.473454,-22.938544],[-42.473752,-22.93804],[-42.473591,-22.937868]]],[[[-41.988928,-22.892404],[-41.980625,-22.891209],[-41.978962,-22.898982],[-41.988928,-22.892404]]],[[[-41.960949,-22.883787],[-41.960327,-22.883198],[-41.960498,-22.885114],[-41.960949,-22.883787]]],[[[-41.958099,-22.882418],[-41.959396,-22.884098],[-41.959131,-22.881811],[-41.958099,-22.882418]]],[[[-41.942963,-22.878489],[-41.939624,-22.877449],[-41.941989,-22.879973],[-41.942963,-22.878489]]],[[[-43.105042,-22.957621],[-43.104094,-22.955443],[-43.102118,-22.956897],[-43.105042,-22.957621]]],[[[-41.953142,-22.872259],[-41.949487,-22.870813],[-41.953195,-22.87614],[-41.953142,-22.872259]]],[[[-41.938299,-22.870406],[-41.938209,-22.869777],[-41.937964,-22.870007],[-41.938299,-22.870406]]],[[[-41.944585,-22.875881],[-41.950128,-22.869883],[-41.93579,-22.862839],[-41.944585,-22.875881]]],[[[-43.115022,-22.952349],[-43.116706,-22.95208],[-43.115488,-22.951783],[-43.115022,-22.952349]]],[[[-43.101447,-22.931153],[-43.10185,-22.931367],[-43.101984,-22.931046],[-43.101447,-22.931153]]],[[[-43.126088,-22.910624],[-43.125764,-22.91004],[-43.125208,-22.91003],[-43.126088,-22.910624]]],[[[-43.131146,-22.908995],[-43.131091,-22.908831],[-43.130871,-22.908887],[-43.131146,-22.908995]]],[[[-43.118503,-22.875031],[-43.120043,-22.877258],[-43.124688,-22.874423],[-43.118503,-22.875031]]],[[[-43.1315,-22.873679],[-43.137365,-22.87608],[-43.138183,-22.869082],[-43.1315,-22.873679]]],[[[-43.131385,-22.865895],[-43.127978,-22.861483],[-43.126429,-22.864098],[-43.131385,-22.865895]]],[[[-43.12606,-22.862736],[-43.116808,-22.858839],[-43.118843,-22.863542],[-43.12606,-22.862736]]],[[[-43.115784,-22.853732],[-43.115953,-22.854546],[-43.117024,-22.854467],[-43.115784,-22.853732]]],[[[-43.103915,-22.845709],[-43.104197,-22.847912],[-43.106064,-22.848377],[-43.103915,-22.845709]]],[[[-43.108309,-22.847432],[-43.108019,-22.846547],[-43.107511,-22.846789],[-43.108309,-22.847432]]],[[[-43.115542,-22.833563],[-43.104738,-22.83477],[-43.10781,-22.840782],[-43.115542,-22.833563]]],[[[-43.101289,-22.824354],[-43.095676,-22.822985],[-43.101963,-22.829696],[-43.101289,-22.824354]]],[[[-41.941537,-22.739505],[-41.941571,-22.739338],[-41.941415,-22.739336],[-41.941537,-22.739505]]],[[[-41.946924,-22.739442],[-41.946262,-22.73701],[-41.941971,-22.739457],[-41.946924,-22.739442]]],[[[-41.9405,-22.736334],[-41.940621,-22.736849],[-41.940709,-22.735967],[-41.9405,-22.736334]]],[[[-41.946217,-22.73674],[-41.946399,-22.736558],[-41.946127,-22.736547],[-41.946217,-22.73674]]],[[[-41.946135,-22.728003],[-41.946003,-22.727726],[-41.945843,-22.727883],[-41.946135,-22.728003]]],[[[-43.12095,-22.80616],[-43.120247,-22.805783],[-43.120164,-22.80633],[-43.12095,-22.80616]]],[[[-43.124255,-22.805981],[-43.122562,-22.80445],[-43.12329,-22.807049],[-43.124255,-22.805981]]],[[[-43.116959,-22.802583],[-43.117866,-22.804428],[-43.119207,-22.802806],[-43.116959,-22.802583]]],[[[-43.108134,-22.800839],[-43.111969,-22.803192],[-43.109216,-22.800011],[-43.108134,-22.800839]]],[[[-43.123737,-22.799295],[-43.123309,-22.797821],[-43.122715,-22.799012],[-43.123737,-22.799295]]],[[[-43.111672,-22.7957],[-43.111276,-22.796628],[-43.113438,-22.797308],[-43.111672,-22.7957]]],[[[-43.122753,-22.796357],[-43.121194,-22.795699],[-43.121301,-22.796678],[-43.122753,-22.796357]]],[[[-43.104935,-22.790949],[-43.103874,-22.790663],[-43.104573,-22.791441],[-43.104935,-22.790949]]],[[[-43.106352,-22.791543],[-43.105615,-22.790513],[-43.10486,-22.790551],[-43.106352,-22.791543]]],[[[-43.154898,-22.79421],[-43.154939,-22.794177],[-43.15488,-22.794182],[-43.154898,-22.79421]]],[[[-43.154982,-22.794126],[-43.154903,-22.794139],[-43.154939,-22.794177],[-43.154982,-22.794126]]],[[[-43.154875,-22.794119],[-43.154903,-22.794139],[-43.154905,-22.794121],[-43.154875,-22.794119]]],[[[-43.154807,-22.794114],[-43.154866,-22.794118],[-43.154829,-22.794089],[-43.154807,-22.794114]]],[[[-43.100893,-22.789606],[-43.101618,-22.78994],[-43.101192,-22.789412],[-43.100893,-22.789606]]],[[[-43.100574,-22.78896],[-43.099347,-22.788307],[-43.100311,-22.789317],[-43.100574,-22.78896]]],[[[-43.155477,-22.79209],[-43.155515,-22.791986],[-43.155417,-22.791988],[-43.155477,-22.79209]]],[[[-43.155386,-22.791763],[-43.155406,-22.791756],[-43.155369,-22.791735],[-43.155386,-22.791763]]],[[[-43.152222,-22.790178],[-43.152155,-22.790289],[-43.1523,-22.790433],[-43.152222,-22.790178]]],[[[-43.151234,-22.789719],[-43.151973,-22.790241],[-43.15166,-22.789391],[-43.151234,-22.789719]]],[[[-43.14931,-22.788859],[-43.148661,-22.789038],[-43.149318,-22.789376],[-43.14931,-22.788859]]],[[[-43.151649,-22.787339],[-43.148619,-22.787011],[-43.150883,-22.788117],[-43.151649,-22.787339]]],[[[-43.137916,-22.783359],[-43.138381,-22.782792],[-43.137478,-22.782732],[-43.137916,-22.783359]]],[[[-43.140444,-22.781665],[-43.140832,-22.782056],[-43.140885,-22.781881],[-43.140444,-22.781665]]],[[[-43.10684,-22.776971],[-43.105398,-22.776811],[-43.104991,-22.777622],[-43.10684,-22.776971]]],[[[-43.072632,-22.7747],[-43.072659,-22.774247],[-43.07235,-22.774324],[-43.072632,-22.7747]]],[[[-43.073562,-22.774548],[-43.073901,-22.773377],[-43.072853,-22.773653],[-43.073562,-22.774548]]],[[[-43.138526,-22.776346],[-43.137785,-22.776466],[-43.138273,-22.777069],[-43.138526,-22.776346]]],[[[-43.139584,-22.77606],[-43.139185,-22.776907],[-43.140357,-22.776406],[-43.139584,-22.77606]]],[[[-43.115483,-22.770259],[-43.114901,-22.769845],[-43.115272,-22.770458],[-43.115483,-22.770259]]],[[[-43.153026,-22.775009],[-43.160012,-22.77018],[-43.159972,-22.770196],[-43.159964,-22.770168],[-43.153026,-22.775009]]],[[[-43.116529,-22.768902],[-43.116573,-22.769324],[-43.116582,-22.769334],[-43.117089,-22.769475],[-43.116529,-22.768902]]],[[[-43.102311,-22.762854],[-43.101768,-22.762443],[-43.101981,-22.763313],[-43.102311,-22.762854]]],[[[-43.069747,-22.760213],[-43.069595,-22.760648],[-43.069877,-22.760667],[-43.069747,-22.760213]]],[[[-43.112823,-22.754368],[-43.102482,-22.765095],[-43.107946,-22.769769],[-43.112823,-22.754368]]],[[[-43.120482,-22.7582],[-43.118084,-22.753536],[-43.114537,-22.756374],[-43.120482,-22.7582]]],[[[-43.030724,-22.740385],[-43.027279,-22.743513],[-43.031347,-22.746811],[-43.030724,-22.740385]]],[[[-43.125588,-22.74663],[-43.128035,-22.748373],[-43.128481,-22.746343],[-43.125588,-22.74663]]],[[[-43.06388,-22.694822],[-43.064226,-22.694283],[-43.063535,-22.694504],[-43.06388,-22.694822]]],[[[-43.060744,-22.69001],[-43.061245,-22.690944],[-43.061965,-22.690716],[-43.060744,-22.69001]]],[[[-43.105358,-22.691968],[-43.104802,-22.692091],[-43.105014,-22.69248],[-43.105358,-22.691968]]],[[[-41.982682,-22.596973],[-41.983206,-22.596896],[-41.982259,-22.595911],[-41.982682,-22.596973]]],[[[-41.919706,-22.865577],[-41.921351,-22.863584],[-41.918316,-22.864069],[-41.919706,-22.865577]]],[[[-41.92451,-22.8639],[-41.921331,-22.863814],[-41.923521,-22.864786],[-41.92451,-22.8639]]],[[[-41.909538,-22.859154],[-41.904313,-22.851357],[-41.90471,-22.860331],[-41.909538,-22.859154]]],[[[-41.903354,-22.850717],[-41.903501,-22.85039],[-41.902849,-22.850457],[-41.903354,-22.850717]]],[[[-41.893459,-22.845941],[-41.890742,-22.843221],[-41.889075,-22.844581],[-41.893459,-22.845941]]],[[[-41.919121,-22.8156],[-41.918162,-22.817032],[-41.919454,-22.816692],[-41.919121,-22.8156]]],[[[-41.917486,-22.81563],[-41.917433,-22.816221],[-41.91818,-22.81585],[-41.917486,-22.81563]]],[[[-41.919675,-22.815748],[-41.919696,-22.81519],[-41.91912,-22.815503],[-41.919675,-22.815748]]],[[[-41.923469,-22.813106],[-41.920866,-22.813472],[-41.920954,-22.814777],[-41.923469,-22.813106]]],[[[-41.828916,-22.784852],[-41.829072,-22.784535],[-41.828318,-22.784327],[-41.828916,-22.784852]]],[[[-41.829757,-22.784409],[-41.828991,-22.783907],[-41.829228,-22.784538],[-41.829757,-22.784409]]],[[[-41.896442,-22.786214],[-41.896509,-22.785792],[-41.896307,-22.786088],[-41.896442,-22.786214]]],[[[-41.892125,-22.784772],[-41.892227,-22.784611],[-41.892118,-22.784638],[-41.892125,-22.784772]]],[[[-41.902584,-22.783534],[-41.90239,-22.783519],[-41.902526,-22.783627],[-41.902584,-22.783534]]],[[[-41.899777,-22.782684],[-41.899831,-22.782742],[-41.899868,-22.78254],[-41.899777,-22.782684]]],[[[-41.899847,-22.782343],[-41.899894,-22.782471],[-41.899986,-22.782318],[-41.899847,-22.782343]]],[[[-41.819733,-22.771817],[-41.825381,-22.776365],[-41.825931,-22.771775],[-41.819733,-22.771817]]],[[[-41.79386,-22.771705],[-41.789634,-22.767432],[-41.78491,-22.770836],[-41.79386,-22.771705]]],[[[-41.872114,-22.766787],[-41.872589,-22.76596],[-41.872197,-22.765761],[-41.872114,-22.766787]]],[[[-41.903815,-22.755451],[-41.90342,-22.755831],[-41.90405,-22.755887],[-41.903815,-22.755451]]],[[[-41.887047,-22.752886],[-41.887544,-22.752896],[-41.887399,-22.752334],[-41.887047,-22.752886]]],[[[-41.874151,-22.729548],[-41.873101,-22.730803],[-41.875487,-22.730981],[-41.874151,-22.729548]]],[[[-41.92207,-22.72547],[-41.926487,-22.723913],[-41.919788,-22.72193],[-41.92207,-22.72547]]],[[[-41.934468,-22.541799],[-41.934119,-22.541445],[-41.933859,-22.541737],[-41.934468,-22.541799]]],[[[-41.941392,-22.541696],[-41.942169,-22.541407],[-41.941514,-22.541083],[-41.941392,-22.541696]]],[[[-41.935219,-22.540806],[-41.935193,-22.540546],[-41.935031,-22.540614],[-41.935219,-22.540806]]],[[[-41.933744,-22.540492],[-41.933813,-22.540382],[-41.933676,-22.540381],[-41.933744,-22.540492]]],[[[-41.934117,-22.540467],[-41.933964,-22.540215],[-41.934048,-22.540479],[-41.934117,-22.540467]]],[[[-41.934329,-22.539949],[-41.934031,-22.5399],[-41.934113,-22.540075],[-41.934329,-22.539949]]],[[[-41.941667,-22.540463],[-41.941556,-22.540393],[-41.941561,-22.540553],[-41.941667,-22.540463]]],[[[-41.935841,-22.539393],[-41.935679,-22.539461],[-41.93585,-22.53951],[-41.935841,-22.539393]]],[[[-41.942922,-22.539826],[-41.943134,-22.539753],[-41.943027,-22.53963],[-41.942922,-22.539826]]],[[[-41.937361,-22.538519],[-41.935941,-22.539027],[-41.937754,-22.540041],[-41.937361,-22.538519]]],[[[-41.909193,-22.537098],[-41.909152,-22.536899],[-41.908752,-22.537012],[-41.909193,-22.537098]]],[[[-41.909562,-22.536458],[-41.909406,-22.536455],[-41.909456,-22.536548],[-41.909562,-22.536458]]],[[[-41.919899,-22.532936],[-41.91799,-22.532689],[-41.919697,-22.533677],[-41.919899,-22.532936]]],[[[-41.917092,-22.532471],[-41.916388,-22.532162],[-41.916337,-22.532522],[-41.917092,-22.532471]]],[[[-41.918524,-22.531501],[-41.918544,-22.531823],[-41.918772,-22.531671],[-41.918524,-22.531501]]],[[[-41.919739,-22.526791],[-41.919689,-22.526582],[-41.919586,-22.526868],[-41.919739,-22.526791]]],[[[-41.884577,-22.489684],[-41.884566,-22.489808],[-41.88496,-22.489766],[-41.884577,-22.489684]]],[[[-41.884048,-22.48961],[-41.883384,-22.489401],[-41.883256,-22.489747],[-41.884048,-22.48961]]],[[[-41.885086,-22.489446],[-41.884806,-22.489408],[-41.884978,-22.489563],[-41.885086,-22.489446]]],[[[-41.884656,-22.488241],[-41.884766,-22.487885],[-41.883989,-22.488174],[-41.884656,-22.488241]]],[[[-41.848435,-22.478459],[-41.84839,-22.478962],[-41.848886,-22.478759],[-41.848435,-22.478459]]],[[[-41.849646,-22.478762],[-41.850015,-22.478674],[-41.849697,-22.47841],[-41.849646,-22.478762]]],[[[-41.850959,-22.47781],[-41.850542,-22.478446],[-41.851334,-22.478638],[-41.850959,-22.47781]]],[[[-41.864217,-22.479139],[-41.865229,-22.478716],[-41.865102,-22.478395],[-41.864217,-22.479139]]],[[[-41.86128,-22.475419],[-41.861758,-22.474761],[-41.861094,-22.475103],[-41.86128,-22.475419]]],[[[-41.857737,-22.473486],[-41.856592,-22.474637],[-41.858143,-22.474512],[-41.857737,-22.473486]]],[[[-41.857445,-22.473038],[-41.857718,-22.473369],[-41.85808,-22.472809],[-41.857445,-22.473038]]],[[[-41.856128,-22.466878],[-41.855993,-22.46797],[-41.856814,-22.467498],[-41.856128,-22.466878]]],[[[-41.851441,-22.464763],[-41.850922,-22.465009],[-41.851424,-22.464957],[-41.851441,-22.464763]]],[[[-41.852223,-22.464083],[-41.852279,-22.463883],[-41.851943,-22.464053],[-41.852223,-22.464083]]],[[[-41.852907,-22.462738],[-41.853689,-22.463702],[-41.853965,-22.462567],[-41.852907,-22.462738]]],[[[-41.852152,-22.462682],[-41.852455,-22.462891],[-41.852601,-22.462564],[-41.852152,-22.462682]]],[[[-41.854721,-22.457104],[-41.854931,-22.456941],[-41.85479,-22.456771],[-41.854721,-22.457104]]],[[[-41.855143,-22.456966],[-41.854943,-22.456693],[-41.85497,-22.456935],[-41.855143,-22.456966]]],[[[-41.853961,-22.455225],[-41.854048,-22.455685],[-41.854356,-22.455068],[-41.853961,-22.455225]]],[[[-41.854347,-22.454943],[-41.854502,-22.454954],[-41.854343,-22.454765],[-41.854347,-22.454943]]],[[[-41.85056,-22.454449],[-41.852227,-22.454893],[-41.852539,-22.454009],[-41.85056,-22.454449]]],[[[-41.716671,-22.41906],[-41.711944,-22.42027],[-41.713037,-22.421995],[-41.716671,-22.41906]]],[[[-41.829036,-22.425632],[-41.828697,-22.425393],[-41.828613,-22.425787],[-41.829036,-22.425632]]],[[[-41.827797,-22.424438],[-41.827582,-22.42444],[-41.827664,-22.424624],[-41.827797,-22.424438]]],[[[-41.828223,-22.42447],[-41.828111,-22.424417],[-41.828034,-22.424624],[-41.828223,-22.42447]]],[[[-41.827892,-22.42425],[-41.827815,-22.424342],[-41.828039,-22.424349],[-41.827892,-22.42425]]],[[[-41.700026,-22.419494],[-41.710609,-22.410122],[-41.702904,-22.404739],[-41.700026,-22.419494]]],[[[-41.690366,-22.402966],[-41.690689,-22.403603],[-41.691208,-22.403136],[-41.690366,-22.402966]]],[[[-41.697614,-22.399706],[-41.690089,-22.400289],[-41.69533,-22.405319],[-41.697614,-22.399706]]],[[[-41.800515,-22.409876],[-41.800795,-22.410128],[-41.800645,-22.409725],[-41.800515,-22.409876]]],[[[-41.687973,-22.401828],[-41.689175,-22.401784],[-41.688744,-22.401272],[-41.687973,-22.401828]]],[[[-41.686036,-22.398973],[-41.685918,-22.40051],[-41.688515,-22.400447],[-41.686036,-22.398973]]],[[[-41.766353,-22.390765],[-41.765346,-22.39125],[-41.766338,-22.392248],[-41.766353,-22.390765]]],[[[-41.764069,-22.390596],[-41.765065,-22.390465],[-41.764365,-22.389782],[-41.764069,-22.390596]]],[[[-41.758635,-22.384531],[-41.759994,-22.384046],[-41.758445,-22.382838],[-41.758635,-22.384531]]],[[[-41.116293,-22.081475],[-41.116634,-22.081475],[-41.116385,-22.081216],[-41.116293,-22.081475]]],[[[-41.029709,-21.621334],[-41.027214,-21.621587],[-41.027412,-21.623038],[-41.029709,-21.621334]]],[[[-41.015687,-21.620873],[-41.016514,-21.621477],[-41.016862,-21.62106],[-41.015687,-21.620873]]],[[[-41.024249,-21.622858],[-41.028505,-21.620719],[-41.022,-21.621055],[-41.024249,-21.622858]]],[[[-41.017265,-21.619717],[-41.016094,-21.620443],[-41.017543,-21.620607],[-41.017265,-21.619717]]],[[[-41.017678,-21.619554],[-41.018031,-21.620246],[-41.02032,-21.620341],[-41.017678,-21.619554]]],[[[-41.016917,-21.619389],[-41.015472,-21.618871],[-41.015828,-21.620068],[-41.016917,-21.619389]]],[[[-41.013782,-21.614956],[-41.01458,-21.618767],[-41.016181,-21.612445],[-41.013782,-21.614956]]],[[[-41.048391,-21.589596],[-41.017787,-21.613969],[-41.046439,-21.615547],[-41.048391,-21.589596]]],[[[-41.048035,-21.582707],[-41.047632,-21.583625],[-41.048495,-21.583407],[-41.048035,-21.582707]]],[[[-41.036089,-21.463778],[-41.03649,-21.464048],[-41.036429,-21.46376],[-41.036089,-21.463778]]],[[[-41.035976,-21.462662],[-41.035632,-21.463469],[-41.036381,-21.463003],[-41.035976,-21.462662]]],[[[-40.885052,-21.16265],[-40.883938,-21.161821],[-40.883243,-21.163753],[-40.885052,-21.16265]]],[[[-40.800446,-21.006082],[-40.801534,-21.006873],[-40.800472,-21.0058],[-40.800446,-21.006082]]],[[[-28.847894,-20.497894],[-28.850587,-20.496968],[-28.848251,-20.495896],[-28.847894,-20.497894]]],[[[-28.852257,-20.479477],[-28.854324,-20.473431],[-28.848544,-20.475778],[-28.852257,-20.479477]]],[[[-28.855814,-20.472444],[-28.855184,-20.472107],[-28.855432,-20.472637],[-28.855814,-20.472444]]],[[[-28.854192,-20.468715],[-28.854754,-20.47034],[-28.856534,-20.46908],[-28.854192,-20.468715]]],[[[-29.298786,-20.520166],[-29.344162,-20.510253],[-29.336855,-20.488156],[-29.298786,-20.520166]]],[[[-40.78779,-21.003428],[-40.788219,-21.0037],[-40.787688,-21.002951],[-40.78779,-21.003428]]],[[[-40.786725,-21.001957],[-40.784727,-21.001309],[-40.785808,-21.002498],[-40.786725,-21.001957]]],[[[-40.752051,-20.92745],[-40.756909,-20.927925],[-40.753077,-20.924287],[-40.752051,-20.92745]]],[[[-40.75048,-20.873263],[-40.749435,-20.873299],[-40.752283,-20.874773],[-40.75048,-20.873263]]],[[[-40.728932,-20.856063],[-40.726733,-20.854125],[-40.726125,-20.855],[-40.728932,-20.856063]]],[[[-40.725556,-20.850459],[-40.727968,-20.850226],[-40.725802,-20.847494],[-40.725556,-20.850459]]],[[[-40.684399,-20.827722],[-40.684875,-20.827138],[-40.684282,-20.827297],[-40.684399,-20.827722]]],[[[-40.600506,-20.807304],[-40.598304,-20.80671],[-40.598766,-20.80833],[-40.600506,-20.807304]]],[[[-40.549488,-20.762311],[-40.550027,-20.762317],[-40.549606,-20.76132],[-40.549488,-20.762311]]],[[[-40.546967,-20.759587],[-40.546979,-20.758818],[-40.546139,-20.759585],[-40.546967,-20.759587]]],[[[-40.547112,-20.757554],[-40.547095,-20.758066],[-40.547866,-20.758488],[-40.547112,-20.757554]]],[[[-40.541289,-20.742083],[-40.541552,-20.742696],[-40.542853,-20.743008],[-40.541289,-20.742083]]],[[[-40.528026,-20.737218],[-40.528504,-20.736945],[-40.527687,-20.736599],[-40.528026,-20.737218]]],[[[-40.526276,-20.731731],[-40.525849,-20.731875],[-40.52635,-20.731878],[-40.526276,-20.731731]]],[[[-40.523155,-20.730554],[-40.523424,-20.730778],[-40.523654,-20.730362],[-40.523155,-20.730554]]],[[[-40.524476,-20.730327],[-40.524086,-20.729413],[-40.524096,-20.730378],[-40.524476,-20.730327]]],[[[-40.509736,-20.713555],[-40.508932,-20.713812],[-40.509398,-20.714626],[-40.509736,-20.713555]]],[[[-40.509372,-20.71235],[-40.508872,-20.712772],[-40.509681,-20.712984],[-40.509372,-20.71235]]],[[[-40.50835,-20.711617],[-40.508592,-20.710636],[-40.507929,-20.71062],[-40.50835,-20.711617]]],[[[-40.40597,-20.699159],[-40.406871,-20.701219],[-40.407603,-20.700373],[-40.40597,-20.699159]]],[[[-40.512155,-20.704132],[-40.512188,-20.703878],[-40.511939,-20.703965],[-40.512155,-20.704132]]],[[[-40.36392,-20.677913],[-40.365702,-20.678767],[-40.364785,-20.677087],[-40.36392,-20.677913]]],[[[-40.36726,-20.67657],[-40.368391,-20.676525],[-40.368167,-20.675809],[-40.36726,-20.67657]]],[[[-40.50144,-20.683006],[-40.500617,-20.683164],[-40.502121,-20.684005],[-40.50144,-20.683006]]],[[[-40.470784,-20.663785],[-40.468523,-20.660878],[-40.466662,-20.662089],[-40.470784,-20.663785]]],[[[-40.472128,-20.66127],[-40.472452,-20.661418],[-40.472441,-20.661108],[-40.472128,-20.66127]]],[[[-40.494307,-20.661899],[-40.494156,-20.661551],[-40.493994,-20.661849],[-40.494307,-20.661899]]],[[[-40.462932,-20.644287],[-40.463374,-20.644728],[-40.463517,-20.644421],[-40.462932,-20.644287]]],[[[-40.461424,-20.64403],[-40.461513,-20.643692],[-40.461191,-20.64395],[-40.461424,-20.64403]]],[[[-40.464335,-20.644112],[-40.464378,-20.643947],[-40.464139,-20.643929],[-40.464335,-20.644112]]],[[[-40.429643,-20.640687],[-40.43058,-20.640432],[-40.429271,-20.638616],[-40.429643,-20.640687]]],[[[-40.446351,-20.638203],[-40.44623,-20.638804],[-40.446967,-20.638312],[-40.446351,-20.638203]]],[[[-40.440896,-20.637519],[-40.439272,-20.637482],[-40.441106,-20.638065],[-40.440896,-20.637519]]],[[[-40.443467,-20.637937],[-40.443861,-20.638162],[-40.443648,-20.637748],[-40.443467,-20.637937]]],[[[-40.437074,-20.635916],[-40.43741,-20.635385],[-40.437002,-20.63522],[-40.437074,-20.635916]]],[[[-40.396459,-20.622639],[-40.396069,-20.621733],[-40.395651,-20.621993],[-40.396459,-20.622639]]],[[[-40.464686,-20.627172],[-40.464378,-20.627281],[-40.464574,-20.627456],[-40.464686,-20.627172]]],[[[-40.376858,-20.614222],[-40.378111,-20.61293],[-40.376289,-20.612542],[-40.376858,-20.614222]]],[[[-40.384183,-20.614777],[-40.381445,-20.610985],[-40.380099,-20.614684],[-40.384183,-20.614777]]],[[[-40.372711,-20.613133],[-40.376311,-20.610386],[-40.373912,-20.608379],[-40.372711,-20.613133]]],[[[-40.387757,-20.610074],[-40.388176,-20.610972],[-40.388664,-20.610258],[-40.387757,-20.610074]]],[[[-40.390528,-20.598065],[-40.392503,-20.598464],[-40.392628,-20.597192],[-40.390528,-20.598065]]],[[[-40.358876,-20.52446],[-40.357108,-20.524324],[-40.357311,-20.525489],[-40.358876,-20.52446]]],[[[-40.310973,-20.420646],[-40.310285,-20.421026],[-40.312138,-20.421699],[-40.310973,-20.420646]]],[[[-40.300402,-20.382394],[-40.300704,-20.382346],[-40.300214,-20.382017],[-40.300402,-20.382394]]],[[[-40.297034,-20.382533],[-40.295711,-20.379833],[-40.29456,-20.3813],[-40.297034,-20.382533]]],[[[-40.286512,-20.371506],[-40.286252,-20.371725],[-40.28647,-20.371759],[-40.286512,-20.371506]]],[[[-40.278548,-20.365582],[-40.278609,-20.363845],[-40.277831,-20.365005],[-40.278548,-20.365582]]],[[[-40.279199,-20.364757],[-40.279942,-20.364734],[-40.27943,-20.364226],[-40.279199,-20.364757]]],[[[-40.276119,-20.36353],[-40.277571,-20.364587],[-40.277502,-20.363866],[-40.276119,-20.36353]]],[[[-40.278898,-20.363195],[-40.281158,-20.363395],[-40.279372,-20.362304],[-40.278898,-20.363195]]],[[[-40.276524,-20.36159],[-40.276174,-20.362067],[-40.277048,-20.362602],[-40.276524,-20.36159]]],[[[-40.281548,-20.36141],[-40.281061,-20.360524],[-40.28077,-20.361403],[-40.281548,-20.36141]]],[[[-40.278491,-20.360141],[-40.279689,-20.361135],[-40.279901,-20.360488],[-40.278491,-20.360141]]],[[[-40.252513,-20.35277],[-40.252606,-20.353334],[-40.253122,-20.353046],[-40.252513,-20.35277]]],[[[-40.280176,-20.355188],[-40.281361,-20.355164],[-40.280479,-20.354177],[-40.280176,-20.355188]]],[[[-40.249528,-20.352089],[-40.249989,-20.352408],[-40.24985,-20.351928],[-40.249528,-20.352089]]],[[[-40.275693,-20.353323],[-40.274862,-20.353374],[-40.274986,-20.353914],[-40.275693,-20.353323]]],[[[-40.250695,-20.352365],[-40.250992,-20.350991],[-40.250198,-20.352229],[-40.250695,-20.352365]]],[[[-40.276043,-20.35114],[-40.276448,-20.350809],[-40.275692,-20.350556],[-40.276043,-20.35114]]],[[[-40.272183,-20.33541],[-40.271933,-20.33616],[-40.272218,-20.33619],[-40.272183,-20.33541]]],[[[-40.271853,-20.334589],[-40.270681,-20.335436],[-40.271266,-20.336197],[-40.271853,-20.334589]]],[[[-40.275078,-20.333776],[-40.275188,-20.333404],[-40.275016,-20.333612],[-40.275078,-20.333776]]],[[[-40.270648,-20.331854],[-40.270123,-20.333528],[-40.271318,-20.332842],[-40.270648,-20.331854]]],[[[-40.268572,-20.33218],[-40.268724,-20.331343],[-40.267902,-20.331934],[-40.268572,-20.33218]]],[[[-40.266097,-20.323699],[-40.2656,-20.323882],[-40.265858,-20.324105],[-40.266097,-20.323699]]],[[[-40.268031,-20.32132],[-40.268688,-20.3216],[-40.268947,-20.320426],[-40.268031,-20.32132]]],[[[-40.271874,-20.322065],[-40.27158,-20.320001],[-40.270383,-20.322304],[-40.271874,-20.322065]]],[[[-40.276304,-20.306989],[-40.275409,-20.309352],[-40.277021,-20.30852],[-40.276304,-20.306989]]],[[[-40.27382,-20.307046],[-40.273649,-20.308633],[-40.275104,-20.306871],[-40.27382,-20.307046]]],[[[-40.287276,-20.304736],[-40.287011,-20.305016],[-40.287177,-20.305206],[-40.287276,-20.304736]]],[[[-40.275343,-20.298642],[-40.275956,-20.298556],[-40.275616,-20.297532],[-40.275343,-20.298642]]],[[[-40.283347,-20.291989],[-40.283244,-20.293458],[-40.284057,-20.292751],[-40.283347,-20.291989]]],[[[-40.281902,-20.292674],[-40.282048,-20.292332],[-40.281705,-20.291987],[-40.281902,-20.292674]]],[[[-40.285325,-20.284079],[-40.285119,-20.284762],[-40.285864,-20.284492],[-40.285325,-20.284079]]],[[[-40.133805,-19.968032],[-40.133584,-19.968898],[-40.134282,-19.969137],[-40.133805,-19.968032]]]]}},{"type":"Feature","properties":{"regiao_id":4,"regiao":"Sul","ordem_regiao":4},"geometry":{"type":"MultiPolygon","coordinates":[[[[-50.373978,-30.562894],[-50.464909,-30.680707],[-50.56833,-30.831611],[-50.641645,-30.926628],[-50.767244,-31.110109],[-50.879144,-31.227044],[-51.040076,-31.359947],[-51.220941,-31.539405],[-51.293806,-31.598729],[-51.427243,-31.695615],[-51.6246,-31.809488],[-51.748021,-31.869979],[-51.830879,-31.919156],[-51.920781,-31.987743],[-52.07724,-32.143209],[-52.147688,-32.18438],[-52.233876,-32.260229],[-52.293031,-32.338319],[-52.37098,-32.488222],[-52.415735,-32.605234],[-52.464053,-32.78763],[-52.495177,-32.867229],[-52.623856,-33.104237],[-52.687678,-33.188518],[-52.776735,-33.283088],[-53.086163,-33.530669],[-53.156242,-33.590083],[-53.370034,-33.743908],[-53.431051,-33.739354],[-53.439518,-33.693459],[-53.532345,-33.688805],[-53.525255,-33.526314],[-53.511206,-33.459496],[-53.507922,-33.353139],[-53.521736,-33.26515],[-53.518249,-33.153352],[-53.444414,-33.052944],[-53.244704,-32.934879],[-53.310163,-32.918757],[-53.294581,-32.899293],[-53.184956,-32.850433],[-53.138445,-32.789296],[-53.085803,-32.788346],[-53.075575,-32.740879],[-53.193271,-32.641641],[-53.237069,-32.629769],[-53.245582,-32.607116],[-53.288801,-32.621101],[-53.369693,-32.569864],[-53.388118,-32.586926],[-53.436898,-32.548163],[-53.470937,-32.480691],[-53.517075,-32.489244],[-53.584035,-32.451303],[-53.644013,-32.384929],[-53.633117,-32.353976],[-53.657171,-32.316819],[-53.644088,-32.295194],[-53.677799,-32.258601],[-53.717099,-32.155476],[-53.744399,-32.116369],[-53.72527,-32.09585],[-53.747874,-32.07786],[-53.806696,-32.069857],[-53.851151,-32.027387],[-53.849426,-32.001133],[-53.892125,-31.995387],[-53.913243,-31.965679],[-53.971487,-31.942709],[-53.963267,-31.921965],[-54.040159,-31.896776],[-54.088036,-31.931237],[-54.155432,-31.876152],[-54.456223,-31.6517],[-54.472944,-31.570354],[-54.515645,-31.510179],[-54.57744,-31.481028],[-54.586854,-31.456535],[-54.670334,-31.454078],[-54.752026,-31.424458],[-54.83645,-31.441936],[-54.88598,-31.377274],[-54.941076,-31.379254],[-54.957772,-31.324433],[-54.982842,-31.311401],[-55.002409,-31.269214],[-55.036513,-31.27568],[-55.038896,-31.300516],[-55.074465,-31.332086],[-55.136512,-31.301349],[-55.183784,-31.265354],[-55.246762,-31.252241],[-55.250101,-31.206008],[-55.282721,-31.193909],[-55.271915,-31.172832],[-55.294124,-31.144311],[-55.338451,-31.133686],[-55.327478,-31.088184],[-55.360104,-31.067436],[-55.351352,-31.037614],[-55.373891,-31.019087],[-55.404899,-31.02733],[-55.437052,-31.004719],[-55.444355,-30.958455],[-55.478355,-30.95385],[-55.510171,-30.901753],[-55.545903,-30.890546],[-55.578618,-30.832903],[-55.637866,-30.846227],[-55.66315,-30.871895],[-55.642117,-30.911599],[-55.666183,-30.953982],[-55.718799,-30.941642],[-55.728302,-30.979453],[-55.812183,-31.01469],[-55.870755,-31.071574],[-55.930285,-31.086261],[-55.9793,-31.073201],[-56.011127,-31.081581],[-56.018049,-31.010772],[-56.006684,-30.891103],[-55.990378,-30.866413],[-56.023614,-30.785735],[-56.062131,-30.775021],[-56.150106,-30.705497],[-56.1381,-30.687102],[-56.166695,-30.663419],[-56.187675,-30.604691],[-56.214097,-30.608465],[-56.276668,-30.560697],[-56.290615,-30.521996],[-56.331288,-30.529354],[-56.357153,-30.491677],[-56.378071,-30.501459],[-56.415146,-30.432803],[-56.439982,-30.432522],[-56.462182,-30.384481],[-56.491365,-30.39811],[-56.521575,-30.358951],[-56.546142,-30.360648],[-56.540927,-30.314685],[-56.607238,-30.281357],[-56.660807,-30.198335],[-56.696246,-30.205058],[-56.704818,-30.179277],[-56.784009,-30.151161],[-56.780268,-30.126628],[-56.850373,-30.088894],[-56.955585,-30.101149],[-56.984502,-30.087433],[-57.067839,-30.10121],[-57.12916,-30.140842],[-57.167213,-30.196322],[-57.155146,-30.233227],[-57.204212,-30.285146],[-57.250076,-30.289154],[-57.258552,-30.267167],[-57.284565,-30.29372],[-57.311352,-30.258102],[-57.389442,-30.302459],[-57.416404,-30.277974],[-57.490068,-30.269013],[-57.500276,-30.288856],[-57.550835,-30.272617],[-57.567982,-30.252235],[-57.557848,-30.21338],[-57.632662,-30.174779],[-57.594101,-30.178994],[-57.525616,-30.151389],[-57.464603,-30.110347],[-57.45376,-30.081557],[-57.396337,-30.022791],[-57.351982,-30.008055],[-57.328143,-29.972038],[-57.324581,-29.872818],[-57.282181,-29.81729],[-57.235405,-29.780791],[-57.131909,-29.770156],[-57.021105,-29.68332],[-57.000928,-29.65191],[-56.97115,-29.643403],[-56.967801,-29.601791],[-56.901965,-29.533816],[-56.822094,-29.490022],[-56.779501,-29.437371],[-56.758704,-29.370902],[-56.712969,-29.367349],[-56.66452,-29.294991],[-56.645846,-29.200296],[-56.588758,-29.119815],[-56.55013,-29.11665],[-56.503022,-29.088663],[-56.430417,-29.0795],[-56.399115,-29.017351],[-56.416171,-29.000741],[-56.378986,-28.948034],[-56.34419,-28.940058],[-56.300058,-28.895564],[-56.299742,-28.808107],[-56.260928,-28.779009],[-56.194156,-28.775194],[-56.119149,-28.681246],[-56.047347,-28.624092],[-56.017679,-28.612946],[-56.002368,-28.578302],[-56.023234,-28.522764],[-55.988215,-28.498115],[-55.88401,-28.479167],[-55.900387,-28.398343],[-55.878741,-28.361848],[-55.850583,-28.355386],[-55.756564,-28.36943],[-55.704339,-28.427556],[-55.669149,-28.340758],[-55.743058,-28.281451],[-55.773175,-28.274243],[-55.771246,-28.24145],[-55.692575,-28.218793],[-55.634226,-28.177841],[-55.610734,-28.117459],[-55.564164,-28.163503],[-55.53058,-28.115463],[-55.487874,-28.076453],[-55.452461,-28.097953],[-55.422172,-28.062164],[-55.3694,-28.027261],[-55.387189,-27.986185],[-55.33999,-27.966524],[-55.327286,-27.926741],[-55.266462,-27.929786],[-55.202682,-27.85786],[-55.171557,-27.861277],[-55.139316,-27.895067],[-55.126275,-27.859823],[-55.08531,-27.843098],[-55.036384,-27.857784],[-55.024689,-27.835314],[-55.08271,-27.796857],[-55.057914,-27.768085],[-55.024314,-27.794198],[-54.977659,-27.770859],[-54.949426,-27.779285],[-54.906635,-27.729791],[-54.906599,-27.641875],[-54.860769,-27.629444],[-54.839711,-27.605227],[-54.817142,-27.535564],[-54.79519,-27.534987],[-54.784557,-27.578696],[-54.744859,-27.562644],[-54.680855,-27.574505],[-54.670942,-27.504762],[-54.648024,-27.540236],[-54.615795,-27.532243],[-54.589393,-27.458188],[-54.573355,-27.453608],[-54.524926,-27.506175],[-54.5006,-27.480356],[-54.449502,-27.475423],[-54.472052,-27.434459],[-54.4114,-27.405287],[-54.34612,-27.466983],[-54.341546,-27.404356],[-54.294223,-27.445913],[-54.26751,-27.404292],[-54.214441,-27.381579],[-54.186556,-27.264914],[-54.162094,-27.256091],[-54.1549,-27.296854],[-54.101043,-27.303266],[-54.027779,-27.254856],[-54.008014,-27.198391],[-53.960165,-27.195335],[-53.946581,-27.151262],[-53.897745,-27.170332],[-53.864318,-27.126244],[-53.837095,-27.168433],[-53.825664,-27.128548],[-53.776804,-27.103453],[-53.80147,-27.086289],[-53.796735,-27.03947],[-53.77004,-27.06746],[-53.747539,-27.031521],[-53.737242,-26.973815],[-53.701426,-26.953979],[-53.70724,-26.933333],[-53.673686,-26.913467],[-53.694319,-26.889128],[-53.661162,-26.862735],[-53.694268,-26.84819],[-53.700881,-26.797546],[-53.729187,-26.774137],[-53.714606,-26.750327],[-53.757391,-26.722365],[-53.734729,-26.716865],[-53.743494,-26.680373],[-53.718872,-26.667285],[-53.736803,-26.645604],[-53.722325,-26.581081],[-53.730069,-26.501816],[-53.687457,-26.442133],[-53.707326,-26.39545],[-53.68586,-26.335744],[-53.647437,-26.28873],[-53.638954,-26.250791],[-53.650312,-26.194733],[-53.740325,-26.117968],[-53.726682,-26.064635],[-53.780638,-26.021663],[-53.804716,-25.984356],[-53.836824,-25.969863],[-53.842156,-25.932221],[-53.819794,-25.9264],[-53.839119,-25.882401],[-53.823578,-25.872508],[-53.849028,-25.834842],[-53.822271,-25.792433],[-53.866496,-25.743963],[-53.855616,-25.707629],[-53.862487,-25.658612],[-53.943253,-25.611032],[-53.952109,-25.647016],[-53.970255,-25.600939],[-54.028751,-25.566539],[-54.045338,-25.585157],[-54.079809,-25.558098],[-54.091308,-25.617],[-54.11954,-25.583508],[-54.096568,-25.521357],[-54.115726,-25.498533],[-54.163111,-25.542611],[-54.197108,-25.53505],[-54.203078,-25.558836],[-54.176426,-25.584434],[-54.237038,-25.567315],[-54.257915,-25.593584],[-54.288321,-25.554405],[-54.328909,-25.571904],[-54.345475,-25.604903],[-54.391236,-25.607081],[-54.397049,-25.639714],[-54.445282,-25.66568],[-54.502459,-25.614431],[-54.524685,-25.629112],[-54.552885,-25.588154],[-54.593517,-25.592246],[-54.603668,-25.482451],[-54.619089,-25.450695],[-54.586415,-25.396579],[-54.525362,-25.331537],[-54.491235,-25.277962],[-54.474284,-25.213014],[-54.424888,-25.15327],[-54.459519,-25.102064],[-54.463099,-25.054985],[-54.43699,-24.941428],[-54.394981,-24.811279],[-54.389929,-24.777285],[-54.334332,-24.701099],[-54.318815,-24.606937],[-54.336108,-24.508017],[-54.326516,-24.465173],[-54.262764,-24.378131],[-54.257819,-24.355262],[-54.277439,-24.291443],[-54.322571,-24.251656],[-54.32753,-24.196402],[-54.345575,-24.157052],[-54.334232,-24.116377],[-54.28623,-24.068227],[-54.24946,-24.055904],[-54.174683,-24.001971],[-54.14026,-23.9884],[-54.101769,-23.951964],[-54.080462,-23.891249],[-54.088109,-23.84453],[-54.075714,-23.764486],[-54.054932,-23.7306],[-54.030864,-23.646068],[-54.024022,-23.58608],[-53.987383,-23.466615],[-53.96019,-23.443414],[-53.932053,-23.445951],[-53.816021,-23.385641],[-53.775961,-23.37534],[-53.725223,-23.310437],[-53.699338,-23.234904],[-53.636593,-23.125027],[-53.634123,-22.998498],[-53.607426,-22.951335],[-53.570768,-22.928494],[-53.546826,-22.890096],[-53.484764,-22.863856],[-53.379786,-22.804437],[-53.329086,-22.765215],[-53.185366,-22.718731],[-53.105191,-22.621931],[-53.087791,-22.658447],[-53.030804,-22.608415],[-52.972426,-22.570482],[-52.92474,-22.565628],[-52.858359,-22.608004],[-52.815443,-22.597039],[-52.697101,-22.62701],[-52.589344,-22.566096],[-52.545381,-22.611739],[-52.498827,-22.634233],[-52.433048,-22.60717],[-52.380492,-22.626546],[-52.300438,-22.635441],[-52.240134,-22.619887],[-52.222579,-22.675535],[-52.15668,-22.644722],[-52.160966,-22.589454],[-52.127603,-22.519922],[-52.089616,-22.521246],[-51.940513,-22.567347],[-51.873668,-22.628214],[-51.847095,-22.632228],[-51.771618,-22.614131],[-51.733035,-22.628618],[-51.725868,-22.661467],[-51.615839,-22.662594],[-51.559574,-22.697178],[-51.474947,-22.679217],[-51.453093,-22.655751],[-51.40202,-22.667908],[-51.373653,-22.658134],[-51.30649,-22.674489],[-51.265204,-22.667699],[-51.22834,-22.716015],[-51.127924,-22.759996],[-51.057617,-22.766061],[-51.005549,-22.793818],[-50.975931,-22.7821],[-50.94459,-22.804661],[-50.895335,-22.794302],[-50.842391,-22.831402],[-50.797817,-22.888549],[-50.806147,-22.940302],[-50.713084,-22.955992],[-50.663544,-22.895667],[-50.603808,-22.923183],[-50.577057,-22.903941],[-50.530007,-22.919146],[-50.511022,-22.944639],[-50.425716,-22.944187],[-50.418944,-22.913934],[-50.379076,-22.905402],[-50.340186,-22.948074],[-50.275573,-22.931606],[-50.243245,-22.950979],[-50.185087,-22.954002],[-50.15299,-22.935621],[-50.071547,-22.928121],[-50.052744,-22.905272],[-49.990405,-22.925213],[-49.986161,-22.897504],[-49.961381,-22.930861],[-49.973943,-22.956519],[-49.954503,-22.978416],[-49.899585,-23.002003],[-49.911606,-23.051123],[-49.867411,-23.071689],[-49.833662,-23.065947],[-49.806606,-23.094335],[-49.725548,-23.109434],[-49.734904,-23.132893],[-49.67771,-23.174938],[-49.653753,-23.212039],[-49.625806,-23.286646],[-49.633439,-23.356417],[-49.595416,-23.367095],[-49.602522,-23.408475],[-49.569145,-23.425457],[-49.603265,-23.452524],[-49.624219,-23.5233],[-49.600208,-23.535628],[-49.616077,-23.64055],[-49.585309,-23.658872],[-49.549198,-23.70402],[-49.567326,-23.73678],[-49.560071,-23.811927],[-49.607616,-23.840625],[-49.587044,-23.888876],[-49.557012,-23.921263],[-49.522338,-23.916565],[-49.499629,-23.95843],[-49.487155,-24.024602],[-49.463442,-24.027436],[-49.408709,-24.106891],[-49.336569,-24.137584],[-49.350677,-24.220803],[-49.305373,-24.251432],[-49.281117,-24.309658],[-49.200681,-24.344416],[-49.24768,-24.392714],[-49.246922,-24.469102],[-49.29567,-24.500314],[-49.279904,-24.535927],[-49.315989,-24.555507],[-49.312015,-24.663535],[-49.278133,-24.693022],[-49.214828,-24.702228],[-49.185655,-24.672754],[-49.111592,-24.688354],[-49.054204,-24.682381],[-49.030475,-24.634329],[-49.008035,-24.660488],[-48.962198,-24.674172],[-48.865391,-24.667328],[-48.822834,-24.655292],[-48.778655,-24.696733],[-48.601171,-24.669104],[-48.542596,-24.725969],[-48.511506,-24.740563],[-48.518312,-24.781045],[-48.555757,-24.806206],[-48.570566,-24.894145],[-48.56737,-24.972269],[-48.600832,-25.010506],[-48.556011,-25.086548],[-48.52858,-25.10079],[-48.474049,-25.012552],[-48.411872,-24.980402],[-48.324143,-25.036747],[-48.330387,-25.069705],[-48.249328,-24.978714],[-48.216192,-25.029082],[-48.216054,-25.076675],[-48.181642,-25.133837],[-48.158502,-25.149907],[-48.193363,-25.189864],[-48.112999,-25.250874],[-48.062108,-25.240081],[-48.057446,-25.218331],[-48.023542,-25.230931],[-48.096753,-25.297154],[-48.097429,-25.310235],[-48.162296,-25.37497],[-48.192097,-25.417552],[-48.214005,-25.472976],[-48.239327,-25.465267],[-48.309744,-25.493282],[-48.27691,-25.514055],[-48.319931,-25.586562],[-48.358286,-25.585944],[-48.424975,-25.634563],[-48.478121,-25.715337],[-48.529404,-25.807741],[-48.537548,-25.844185],[-48.564662,-25.856423],[-48.55972,-25.890749],[-48.595326,-25.976771],[-48.610151,-26.065537],[-48.584342,-26.161302],[-48.523875,-26.172461],[-48.524754,-26.209865],[-48.503022,-26.23577],[-48.546355,-26.310189],[-48.590087,-26.402169],[-48.593545,-26.453066],[-48.62681,-26.498822],[-48.669298,-26.592186],[-48.688086,-26.671106],[-48.672329,-26.762059],[-48.61785,-26.790126],[-48.584356,-26.783695],[-48.602889,-26.827517],[-48.621188,-26.82615],[-48.635997,-26.860485],[-48.641721,-26.918781],[-48.624566,-26.928401],[-48.633781,-26.983679],[-48.615307,-27.004427],[-48.569209,-27.008828],[-48.613861,-27.099094],[-48.58531,-27.145031],[-48.553848,-27.157454],[-48.513966,-27.131514],[-48.484625,-27.148341],[-48.49878,-27.200756],[-48.542279,-27.182622],[-48.608277,-27.22138],[-48.615439,-27.271865],[-48.590246,-27.318503],[-48.540147,-27.315148],[-48.526273,-27.408258],[-48.483473,-27.37828],[-48.417198,-27.380567],[-48.400336,-27.423676],[-48.36974,-27.443011],[-48.381787,-27.4815],[-48.42934,-27.555106],[-48.411998,-27.575453],[-48.467303,-27.651183],[-48.507501,-27.744437],[-48.47819,-27.761877],[-48.497112,-27.794985],[-48.520028,-27.782248],[-48.544263,-27.829864],[-48.600832,-27.858392],[-48.573588,-27.885373],[-48.622003,-27.946332],[-48.632094,-27.999806],[-48.605215,-28.019019],[-48.609189,-28.062903],[-48.630538,-28.082973],[-48.667114,-28.215379],[-48.645408,-28.234265],[-48.678076,-28.259851],[-48.704079,-28.338329],[-48.743001,-28.39397],[-48.765555,-28.485212],[-48.746962,-28.507209],[-48.76153,-28.535506],[-48.817244,-28.592222],[-48.974577,-28.671484],[-49.075218,-28.730048],[-49.234174,-28.837398],[-49.355822,-28.937381],[-49.48145,-29.057997],[-49.672851,-29.270416],[-49.712935,-29.325587],[-49.832745,-29.481336],[-49.907293,-29.584645],[-50.000453,-29.740023],[-50.06876,-29.870582],[-50.15797,-30.066515],[-50.306059,-30.447113],[-50.373978,-30.562894]]],[[[-49.703917,-29.347738],[-49.704985,-29.34734],[-49.704425,-29.345457],[-49.703917,-29.347738]]],[[[-48.821087,-28.610636],[-48.821439,-28.610964],[-48.821686,-28.609902],[-48.821087,-28.610636]]],[[[-48.756321,-28.540734],[-48.75609,-28.541257],[-48.756688,-28.540965],[-48.756321,-28.540734]]],[[[-48.758341,-28.538967],[-48.758605,-28.540462],[-48.760225,-28.539138],[-48.758341,-28.538967]]],[[[-48.708756,-28.448649],[-48.710417,-28.446679],[-48.706955,-28.446851],[-48.708756,-28.448649]]],[[[-48.601992,-28.352044],[-48.601898,-28.352302],[-48.602172,-28.352537],[-48.601992,-28.352044]]],[[[-48.601391,-28.351823],[-48.600717,-28.351427],[-48.600958,-28.352301],[-48.601391,-28.351823]]],[[[-48.601846,-28.351913],[-48.601608,-28.35157],[-48.60166,-28.351959],[-48.601846,-28.351913]]],[[[-48.646444,-28.318191],[-48.649904,-28.3255],[-48.64963,-28.322024],[-48.646444,-28.318191]]],[[[-48.654217,-28.246779],[-48.652845,-28.248094],[-48.655336,-28.24847],[-48.654217,-28.246779]]],[[[-48.651441,-28.240288],[-48.650339,-28.242325],[-48.652726,-28.241095],[-48.651441,-28.240288]]],[[[-48.656754,-28.18943],[-48.656139,-28.188685],[-48.656424,-28.189507],[-48.656754,-28.18943]]],[[[-48.64088,-28.15132],[-48.641443,-28.154537],[-48.643829,-28.152056],[-48.64088,-28.15132]]],[[[-48.628328,-28.102762],[-48.627905,-28.102061],[-48.627969,-28.102613],[-48.628328,-28.102762]]],[[[-48.625742,-28.102328],[-48.625921,-28.102425],[-48.626014,-28.102194],[-48.625742,-28.102328]]],[[[-48.626298,-28.102007],[-48.627193,-28.102456],[-48.626712,-28.101475],[-48.626298,-28.102007]]],[[[-48.630216,-28.089631],[-48.629854,-28.089337],[-48.629796,-28.089695],[-48.630216,-28.089631]]],[[[-48.630151,-28.088692],[-48.629574,-28.08821],[-48.629486,-28.088954],[-48.630151,-28.088692]]],[[[-48.599882,-28.035679],[-48.599875,-28.03521],[-48.599618,-28.035461],[-48.599882,-28.035679]]],[[[-48.617145,-27.986118],[-48.617245,-27.988201],[-48.618454,-27.987825],[-48.617145,-27.986118]]],[[[-48.624524,-26.986667],[-48.622543,-26.985925],[-48.623424,-26.986904],[-48.624524,-26.986667]]],[[[-48.636027,-26.91284],[-48.639148,-26.912895],[-48.639808,-26.911291],[-48.636027,-26.91284]]],[[[-48.622211,-26.832184],[-48.623245,-26.831404],[-48.621476,-26.83176],[-48.622211,-26.832184]]],[[[-48.636827,-26.743045],[-48.634141,-26.745167],[-48.639024,-26.745522],[-48.636827,-26.743045]]],[[[-48.676627,-26.695002],[-48.675091,-26.693855],[-48.674944,-26.695731],[-48.676627,-26.695002]]],[[[-48.670251,-26.63328],[-48.670688,-26.635564],[-48.672708,-26.632543],[-48.670251,-26.63328]]],[[[-48.545647,-27.934804],[-48.542441,-27.93222],[-48.542595,-27.941479],[-48.545647,-27.934804]]],[[[-48.443965,-27.852929],[-48.444655,-27.853749],[-48.444538,-27.853051],[-48.443965,-27.852929]]],[[[-48.434766,-27.848393],[-48.431074,-27.84388],[-48.428737,-27.845459],[-48.434766,-27.848393]]],[[[-48.430369,-27.841772],[-48.428436,-27.84182],[-48.430091,-27.843039],[-48.430369,-27.841772]]],[[[-48.431618,-27.840203],[-48.430659,-27.839678],[-48.431036,-27.840845],[-48.431618,-27.840203]]],[[[-48.431087,-27.839254],[-48.431339,-27.839309],[-48.431291,-27.839046],[-48.431087,-27.839254]]],[[[-48.526665,-27.844983],[-48.527413,-27.836796],[-48.518921,-27.833714],[-48.526665,-27.844983]]],[[[-48.508604,-27.838202],[-48.501583,-27.834584],[-48.501639,-27.840103],[-48.508604,-27.838202]]],[[[-48.51804,-27.834652],[-48.517369,-27.834661],[-48.517967,-27.835099],[-48.51804,-27.834652]]],[[[-48.52791,-27.829147],[-48.52767,-27.833295],[-48.530276,-27.831994],[-48.52791,-27.829147]]],[[[-48.468056,-27.704547],[-48.466904,-27.692621],[-48.46116,-27.692419],[-48.468056,-27.704547]]],[[[-48.526916,-27.33041],[-48.525219,-27.329138],[-48.526033,-27.330475],[-48.526916,-27.33041]]],[[[-48.524633,-27.329133],[-48.525603,-27.328334],[-48.524675,-27.327658],[-48.524633,-27.329133]]],[[[-48.532572,-27.304259],[-48.528351,-27.304967],[-48.531966,-27.307547],[-48.532572,-27.304259]]],[[[-48.468301,-27.210729],[-48.473743,-27.205093],[-48.463294,-27.203512],[-48.468301,-27.210729]]],[[[-48.540721,-27.14168],[-48.548501,-27.142206],[-48.541164,-27.135703],[-48.540721,-27.14168]]],[[[-48.578981,-26.992488],[-48.578569,-26.992472],[-48.578683,-26.992828],[-48.578981,-26.992488]]],[[[-48.57924,-26.992138],[-48.579833,-26.992602],[-48.579868,-26.992297],[-48.57924,-26.992138]]],[[[-48.617837,-26.7103],[-48.618515,-26.710217],[-48.618287,-26.709084],[-48.617837,-26.7103]]],[[[-48.562149,-26.514436],[-48.56168,-26.513311],[-48.561506,-26.514646],[-48.562149,-26.514436]]],[[[-48.583501,-26.497045],[-48.583203,-26.498267],[-48.584671,-26.498008],[-48.583501,-26.497045]]],[[[-48.581211,-26.466319],[-48.579097,-26.468165],[-48.582031,-26.46788],[-48.581211,-26.466319]]],[[[-48.566913,-26.458108],[-48.566533,-26.461271],[-48.570575,-26.460272],[-48.566913,-26.458108]]],[[[-48.583176,-26.460173],[-48.578658,-26.45443],[-48.577178,-26.46009],[-48.583176,-26.460173]]],[[[-48.525416,-26.387484],[-48.525144,-26.384981],[-48.524181,-26.386249],[-48.525416,-26.387484]]],[[[-48.524903,-26.381164],[-48.522913,-26.381043],[-48.524761,-26.383751],[-48.524903,-26.381164]]],[[[-48.522924,-26.372115],[-48.52039,-26.370344],[-48.522449,-26.374302],[-48.522924,-26.372115]]],[[[-48.521226,-26.368576],[-48.521924,-26.369917],[-48.522768,-26.36778],[-48.521226,-26.368576]]],[[[-48.589768,-25.975924],[-48.591215,-25.977491],[-48.591789,-25.976531],[-48.589768,-25.975924]]],[[[-48.391458,-27.61023],[-48.391853,-27.61084],[-48.392171,-27.610367],[-48.391458,-27.61023]]],[[[-48.389367,-27.610677],[-48.390028,-27.610631],[-48.389655,-27.610184],[-48.389367,-27.610677]]],[[[-48.387557,-27.612151],[-48.384769,-27.607377],[-48.383545,-27.609101],[-48.387557,-27.612151]]],[[[-48.365608,-27.490081],[-48.363858,-27.486663],[-48.360742,-27.487788],[-48.365608,-27.490081]]],[[[-48.355421,-27.483884],[-48.356629,-27.488981],[-48.359739,-27.488171],[-48.355421,-27.483884]]],[[[-48.34746,-27.441707],[-48.348032,-27.443989],[-48.348724,-27.441344],[-48.34746,-27.441707]]],[[[-48.348885,-27.439983],[-48.349156,-27.439625],[-48.348756,-27.439528],[-48.348885,-27.439983]]],[[[-48.349754,-27.439226],[-48.349589,-27.438886],[-48.349411,-27.439005],[-48.349754,-27.439226]]],[[[-48.365726,-27.42423],[-48.366221,-27.42623],[-48.367509,-27.423006],[-48.365726,-27.42423]]],[[[-48.355768,-27.418798],[-48.356336,-27.419163],[-48.356086,-27.418505],[-48.355768,-27.418798]]],[[[-48.354992,-27.41793],[-48.354448,-27.418664],[-48.355149,-27.41862],[-48.354992,-27.41793]]],[[[-48.358498,-27.292677],[-48.377094,-27.283461],[-48.359232,-27.274213],[-48.358498,-27.292677]]],[[[-48.333987,-27.275212],[-48.329544,-27.268535],[-48.330278,-27.273991],[-48.333987,-27.275212]]],[[[-48.409299,-27.180343],[-48.402203,-27.181654],[-48.410582,-27.188017],[-48.409299,-27.180343]]],[[[-48.398401,-27.178713],[-48.397362,-27.181299],[-48.400233,-27.180244],[-48.398401,-27.178713]]],[[[-48.491506,-26.201561],[-48.490418,-26.20296],[-48.493201,-26.202778],[-48.491506,-26.201561]]],[[[-48.487616,-26.185113],[-48.487297,-26.184651],[-48.486998,-26.184837],[-48.487616,-26.185113]]],[[[-48.489018,-26.180855],[-48.487034,-26.180041],[-48.486982,-26.181984],[-48.489018,-26.180855]]],[[[-48.487182,-26.179453],[-48.48738,-26.17929],[-48.487058,-26.179106],[-48.487182,-26.179453]]],[[[-48.486182,-26.177093],[-48.481904,-26.17503],[-48.483964,-26.182714],[-48.486182,-26.177093]]],[[[-48.475891,-26.166889],[-48.475605,-26.16722],[-48.476239,-26.166947],[-48.475891,-26.166889]]],[[[-48.480941,-26.164679],[-48.480795,-26.166294],[-48.482349,-26.166659],[-48.480941,-26.164679]]],[[[-48.485422,-26.165606],[-48.48606,-26.164191],[-48.483509,-26.163931],[-48.485422,-26.165606]]],[[[-48.47829,-26.163786],[-48.478055,-26.163246],[-48.478033,-26.163713],[-48.47829,-26.163786]]],[[[-48.407078,-25.842278],[-48.409386,-25.841385],[-48.408547,-25.841182],[-48.407078,-25.842278]]],[[[-48.364764,-25.737498],[-48.366991,-25.736189],[-48.363819,-25.735338],[-48.364764,-25.737498]]],[[[-48.372271,-25.73317],[-48.371159,-25.734325],[-48.372195,-25.734346],[-48.372271,-25.73317]]],[[[-48.097429,-25.310235],[-48.096094,-25.308868],[-48.097032,-25.310237],[-48.097429,-25.310235]]]]}},{"type":"Feature","properties":{"regiao_id":5,"regiao":"Centro-Oeste","ordem_regiao":5},"geometry":{"type":"Polygon","coordinates":[[[-50.493287,-12.783684],[-50.465091,-12.7308],[-50.460177,-12.692681],[-50.436647,-12.696365],[-50.434197,-12.649419],[-50.359402,-12.540389],[-50.333656,-12.536376],[-50.324285,-12.506745],[-50.261692,-12.477222],[-50.253729,-12.462253],[-50.148772,-12.396137],[-50.158594,-12.430618],[-50.215154,-12.481988],[-50.229346,-12.531624],[-50.204162,-12.563558],[-50.24476,-12.597473],[-50.26317,-12.665052],[-50.295352,-12.685701],[-50.283275,-12.717778],[-50.302611,-12.747153],[-50.307685,-12.817417],[-50.292915,-12.833991],[-50.225328,-12.860032],[-50.224497,-12.873038],[-50.146653,-12.903236],[-50.082886,-12.907803],[-49.990996,-12.944789],[-49.979138,-12.938754],[-49.909237,-12.97487],[-49.368315,-13.272299],[-49.339616,-13.253663],[-49.355649,-13.156063],[-49.338582,-13.067121],[-49.303084,-13.028803],[-49.280642,-12.970318],[-49.228863,-12.877295],[-49.117684,-12.790087],[-49.104629,-12.835424],[-49.071523,-12.849654],[-49.087478,-12.887178],[-49.04902,-12.913419],[-49.032299,-12.902383],[-48.976231,-12.957894],[-48.870317,-12.803259],[-48.846565,-12.80921],[-48.845296,-12.839364],[-48.735138,-12.921077],[-48.732506,-12.983913],[-48.715725,-13.00224],[-48.676527,-12.992943],[-48.638663,-13.013433],[-48.628113,-13.050634],[-48.602205,-13.05756],[-48.575942,-13.123929],[-48.596461,-13.149819],[-48.577159,-13.18754],[-48.599862,-13.287986],[-48.584792,-13.321391],[-48.553974,-13.303351],[-48.553659,-13.203275],[-48.530355,-13.19232],[-48.518815,-13.140026],[-48.472483,-13.14056],[-48.474846,-13.235943],[-48.458895,-13.280423],[-48.385352,-13.266103],[-48.342267,-13.228203],[-48.305941,-13.23261],[-48.288469,-13.205406],[-48.244897,-13.192737],[-48.232271,-13.169699],[-48.193111,-13.172896],[-48.17342,-13.14806],[-48.15341,-13.161985],[-48.165927,-13.189304],[-48.153013,-13.219249],[-48.167458,-13.24431],[-48.156507,-13.309503],[-48.079114,-13.285267],[-48.079153,-13.242638],[-48.033961,-13.25377],[-48.025513,-13.27947],[-47.988739,-13.276378],[-47.965753,-13.314728],[-47.936118,-13.289887],[-47.884431,-13.320725],[-47.823604,-13.311707],[-47.798226,-13.328985],[-47.679745,-13.468178],[-47.622349,-13.368714],[-47.650134,-13.348778],[-47.661113,-13.302505],[-47.63966,-13.26429],[-47.654325,-13.185845],[-47.669141,-13.167754],[-47.642833,-13.145003],[-47.646318,-13.120449],[-47.615792,-13.103663],[-47.560962,-13.124813],[-47.564969,-13.180331],[-47.540622,-13.191703],[-47.477447,-13.187192],[-47.488025,-13.212064],[-47.432894,-13.238421],[-47.453903,-13.251744],[-47.432775,-13.288352],[-47.391456,-13.25868],[-47.379719,-13.230605],[-47.323806,-13.258259],[-47.281433,-13.264708],[-47.252375,-13.212608],[-47.183737,-13.187448],[-47.167942,-13.211119],[-47.133891,-13.200765],[-47.13247,-13.178051],[-47.090044,-13.181176],[-47.068599,-13.155673],[-47.007542,-13.137841],[-46.928227,-13.092992],[-46.878229,-13.051663],[-46.868335,-13.068529],[-46.822814,-13.006792],[-46.750606,-12.969156],[-46.454647,-12.971153],[-46.432639,-12.928251],[-46.417981,-12.822438],[-46.409118,-12.84559],[-46.373918,-12.851448],[-46.360239,-12.908988],[-46.374228,-12.962829],[-46.3644,-12.990745],[-46.22935,-12.957588],[-46.198183,-12.957345],[-46.112965,-12.918012],[-46.124662,-12.959822],[-46.193811,-12.996755],[-46.275535,-13.02021],[-46.316388,-13.090973],[-46.29518,-13.141873],[-46.327682,-13.252927],[-46.305538,-13.251665],[-46.299989,-13.28288],[-46.317904,-13.305232],[-46.29249,-13.316932],[-46.103219,-13.257511],[-46.068274,-13.295446],[-46.073339,-13.311366],[-46.135474,-13.375528],[-46.191734,-13.409983],[-46.225139,-13.412808],[-46.248529,-13.436015],[-46.210169,-13.461887],[-46.247257,-13.521692],[-46.247452,-13.578663],[-46.199647,-13.572541],[-46.162741,-13.603646],[-46.206551,-13.629052],[-46.261218,-13.694912],[-46.235766,-13.701051],[-46.263367,-13.73076],[-46.222939,-13.765405],[-46.277497,-13.790884],[-46.273632,-13.828779],[-46.232473,-13.848612],[-46.256833,-13.887175],[-46.264195,-13.947432],[-46.220065,-13.975424],[-46.208147,-14.016139],[-46.230721,-14.059523],[-46.221525,-14.106763],[-46.184101,-14.156945],[-46.132186,-14.152852],[-46.101885,-14.208314],[-46.061046,-14.195485],[-46.060407,-14.232701],[-46.029588,-14.259527],[-45.995428,-14.256162],[-45.997563,-14.277757],[-45.9644,-14.284312],[-45.942217,-14.343259],[-45.915146,-14.344649],[-45.910248,-14.373126],[-45.931663,-14.408973],[-46.000077,-14.446621],[-46.019003,-14.472072],[-45.996083,-14.488407],[-46.003993,-14.514589],[-45.988839,-14.549275],[-45.98885,-14.655777],[-46.027966,-14.68101],[-46.005508,-14.689],[-45.997056,-14.741341],[-46.002587,-14.795836],[-46.041198,-14.826493],[-46.025291,-14.855755],[-46.039383,-14.875248],[-46.088138,-14.93639],[-46.138745,-14.928493],[-46.16641,-14.908449],[-46.176775,-14.949446],[-46.224465,-14.941728],[-46.232226,-14.922301],[-46.28686,-14.928142],[-46.319331,-14.900441],[-46.300469,-14.858081],[-46.324914,-14.84779],[-46.322197,-14.814584],[-46.36578,-14.795404],[-46.404528,-14.760331],[-46.501111,-14.703027],[-46.507506,-14.732154],[-46.544191,-14.753012],[-46.563838,-14.783381],[-46.558502,-14.822156],[-46.521554,-14.851182],[-46.546534,-14.925445],[-46.518153,-14.970474],[-46.530808,-15.005281],[-46.502598,-15.052247],[-46.57745,-15.084062],[-46.625443,-15.089512],[-46.681667,-15.058622],[-46.785864,-15.018349],[-46.856898,-15.010269],[-46.92506,-15.057507],[-46.888318,-15.112538],[-46.937347,-15.205022],[-46.927658,-15.255096],[-46.891482,-15.23526],[-46.889316,-15.282243],[-46.835897,-15.326539],[-46.868678,-15.363606],[-46.84948,-15.373166],[-46.911928,-15.411545],[-46.930467,-15.443088],[-46.94612,-15.563338],[-46.91775,-15.590006],[-46.854885,-15.618302],[-46.855758,-15.681798],[-46.827781,-15.728663],[-46.813145,-15.787205],[-46.823221,-15.824635],[-46.806902,-15.879249],[-46.984308,-15.924033],[-47.052935,-15.936468],[-47.106686,-15.958264],[-47.151517,-15.934472],[-47.170308,-15.971057],[-47.207962,-15.986847],[-47.217661,-16.013966],[-47.296768,-16.01533],[-47.310005,-16.03627],[-47.308508,-16.04997],[-47.311341,-16.088134],[-47.350472,-16.129709],[-47.331959,-16.171741],[-47.321979,-16.23143],[-47.351909,-16.276581],[-47.3527,-16.307425],[-47.403281,-16.376127],[-47.420144,-16.383193],[-47.427216,-16.434555],[-47.454365,-16.464615],[-47.459526,-16.504129],[-47.44547,-16.536736],[-47.413685,-16.546659],[-47.412673,-16.574377],[-47.357576,-16.586888],[-47.335561,-16.615605],[-47.29552,-16.625825],[-47.222656,-16.725742],[-47.236487,-16.755344],[-47.219889,-16.809547],[-47.196841,-16.822723],[-47.208419,-16.874748],[-47.180711,-16.901753],[-47.167277,-16.952652],[-47.127406,-16.978654],[-47.132016,-17.006752],[-47.182096,-17.063957],[-47.223796,-17.076062],[-47.282125,-17.116022],[-47.282711,-17.1441],[-47.327677,-17.148339],[-47.351986,-17.166495],[-47.350234,-17.196494],[-47.43446,-17.27622],[-47.419543,-17.29235],[-47.454295,-17.3319],[-47.44054,-17.346479],[-47.522103,-17.353103],[-47.539616,-17.388038],[-47.508855,-17.501219],[-47.466889,-17.53402],[-47.400449,-17.511819],[-47.32541,-17.523799],[-47.264806,-17.61139],[-47.269994,-17.670477],[-47.313965,-17.69982],[-47.342222,-17.74571],[-47.331794,-17.765548],[-47.371203,-17.831343],[-47.356803,-17.896246],[-47.312959,-17.961892],[-47.322429,-17.98529],[-47.296859,-18.009553],[-47.283447,-18.057752],[-47.324343,-18.069773],[-47.355843,-18.105134],[-47.426516,-18.13933],[-47.484256,-18.192836],[-47.517655,-18.199444],[-47.537472,-18.230094],[-47.54015,-18.19352],[-47.637773,-18.28908],[-47.610201,-18.313866],[-47.707271,-18.38038],[-47.736965,-18.362598],[-47.779018,-18.424135],[-47.808384,-18.400226],[-47.829739,-18.411303],[-47.838795,-18.451757],[-47.857967,-18.439012],[-47.887913,-18.477216],[-47.914276,-18.466576],[-47.962196,-18.496074],[-47.980914,-18.442861],[-47.996663,-18.453522],[-48.062721,-18.41395],[-48.110791,-18.428592],[-48.146535,-18.409549],[-48.159381,-18.375511],[-48.221476,-18.361967],[-48.227969,-18.344977],[-48.275007,-18.329112],[-48.318076,-18.367093],[-48.310538,-18.386711],[-48.352638,-18.367694],[-48.404192,-18.370982],[-48.442047,-18.356615],[-48.486409,-18.374911],[-48.554542,-18.346951],[-48.561418,-18.323886],[-48.60235,-18.33482],[-48.742295,-18.352501],[-48.787168,-18.353198],[-48.816362,-18.379665],[-48.832083,-18.346133],[-48.88828,-18.317095],[-48.936774,-18.306207],[-48.982898,-18.341115],[-49.005961,-18.37436],[-49.029634,-18.368817],[-49.079047,-18.416667],[-49.126316,-18.384316],[-49.159272,-18.41665],[-49.205794,-18.414096],[-49.192588,-18.449719],[-49.228373,-18.479224],[-49.246485,-18.518852],[-49.285635,-18.536309],[-49.294627,-18.56559],[-49.327499,-18.562197],[-49.380374,-18.643584],[-49.405712,-18.645096],[-49.485443,-18.551801],[-49.49917,-18.491206],[-49.535309,-18.491807],[-49.544478,-18.535995],[-49.642009,-18.555246],[-49.647865,-18.601819],[-49.682057,-18.588848],[-49.73283,-18.616026],[-49.772196,-18.613262],[-49.783683,-18.641339],[-49.889305,-18.609935],[-49.931649,-18.623989],[-50.020062,-18.599366],[-50.080047,-18.672247],[-50.164285,-18.664352],[-50.198874,-18.679078],[-50.250262,-18.677891],[-50.314486,-18.700753],[-50.370264,-18.804395],[-50.423493,-18.832653],[-50.443434,-18.89412],[-50.505687,-18.932203],[-50.511875,-18.951967],[-50.495073,-19.012865],[-50.535161,-19.098885],[-50.586537,-19.139491],[-50.677685,-19.139814],[-50.682482,-19.175628],[-50.739922,-19.193735],[-50.746535,-19.239911],[-50.817069,-19.289314],[-50.875357,-19.422842],[-50.824944,-19.475041],[-50.856668,-19.495679],[-50.935001,-19.467477],[-50.962951,-19.500577],[-50.924169,-19.55862],[-50.930555,-19.590283],[-50.961803,-19.581743],[-50.990465,-19.605405],[-51.03818,-19.69177],[-51.046083,-19.735585],[-51.023631,-19.803949],[-51.019307,-19.870454],[-50.999473,-19.906379],[-51.020912,-19.959085],[-51.005489,-19.996066],[-51.017891,-20.048395],[-51.000475,-20.085386],[-51.069166,-20.250051],[-51.132419,-20.29553],[-51.295688,-20.328486],[-51.342705,-20.354658],[-51.409276,-20.459569],[-51.449226,-20.482814],[-51.50022,-20.568218],[-51.594146,-20.643844],[-51.634899,-20.754847],[-51.622396,-20.77687],[-51.632975,-20.821562],[-51.615086,-20.886087],[-51.623586,-20.944434],[-51.666688,-20.97079],[-51.713696,-20.971462],[-51.75965,-21.022199],[-51.789668,-21.102118],[-51.823594,-21.12684],[-51.865477,-21.130541],[-51.879719,-21.197919],[-51.848517,-21.266636],[-51.868761,-21.353535],[-51.899928,-21.377605],[-51.928681,-21.455813],[-51.967902,-21.501765],[-52.000369,-21.516627],[-52.057067,-21.50361],[-52.102294,-21.554839],[-52.049525,-21.643089],[-52.055822,-21.67716],[-52.103785,-21.746054],[-52.161264,-21.770771],[-52.189357,-21.844324],[-52.248407,-21.90228],[-52.274966,-21.914938],[-52.31902,-21.972136],[-52.339189,-22.047826],[-52.37722,-22.106674],[-52.487718,-22.217205],[-52.586944,-22.256748],[-52.656892,-22.303795],[-52.695138,-22.314608],[-52.798329,-22.378275],[-52.854763,-22.439116],[-52.998577,-22.493184],[-53.014359,-22.520667],[-53.073804,-22.548858],[-53.107862,-22.595507],[-53.105191,-22.621931],[-53.185366,-22.718731],[-53.329086,-22.765215],[-53.379786,-22.804437],[-53.484764,-22.863856],[-53.546826,-22.890096],[-53.570768,-22.928494],[-53.607426,-22.951335],[-53.634123,-22.998498],[-53.636593,-23.125027],[-53.699338,-23.234904],[-53.725223,-23.310437],[-53.775961,-23.37534],[-53.816021,-23.385641],[-53.932053,-23.445951],[-53.96019,-23.443414],[-53.987383,-23.466615],[-54.024022,-23.58608],[-54.030864,-23.646068],[-54.054932,-23.7306],[-54.075714,-23.764486],[-54.088109,-23.84453],[-54.080462,-23.891249],[-54.101769,-23.951964],[-54.14026,-23.9884],[-54.174683,-24.001971],[-54.24946,-24.055904],[-54.28623,-24.068227],[-54.324191,-24.003823],[-54.351956,-24.007671],[-54.4147,-23.95811],[-54.44014,-23.904274],[-54.568581,-23.874465],[-54.584172,-23.837028],[-54.668652,-23.817192],[-54.705181,-23.864609],[-54.792796,-23.868074],[-54.849905,-23.908225],[-54.926873,-23.924816],[-54.92525,-23.960279],[-54.998593,-23.957589],[-55.062334,-23.99329],[-55.107175,-23.961945],[-55.118399,-23.977148],[-55.178659,-23.993795],[-55.198416,-23.986691],[-55.229041,-24.013963],[-55.304174,-23.965029],[-55.336091,-23.992956],[-55.402864,-23.974161],[-55.446336,-23.916934],[-55.43557,-23.872379],[-55.453888,-23.819273],[-55.430181,-23.790139],[-55.447237,-23.760209],[-55.436254,-23.716756],[-55.466478,-23.703501],[-55.474669,-23.650471],[-55.530425,-23.627824],[-55.52653,-23.567354],[-55.546685,-23.522607],[-55.544695,-23.449328],[-55.504481,-23.378469],[-55.555913,-23.316319],[-55.553081,-23.279534],[-55.522661,-23.259711],[-55.546199,-23.220194],[-55.523278,-23.197786],[-55.541889,-23.156133],[-55.596779,-23.152598],[-55.59973,-23.104165],[-55.617355,-23.081724],[-55.611318,-23.047662],[-55.639392,-23.025907],[-55.62193,-22.984498],[-55.651614,-22.931067],[-55.665854,-22.852462],[-55.650632,-22.793328],[-55.61306,-22.738942],[-55.614423,-22.655098],[-55.62516,-22.628249],[-55.723649,-22.55178],[-55.752847,-22.47475],[-55.735285,-22.458898],[-55.748709,-22.383418],[-55.803715,-22.372244],[-55.843126,-22.287106],[-55.916568,-22.277717],[-56.010152,-22.29463],[-56.063535,-22.276422],[-56.092677,-22.285644],[-56.124573,-22.270644],[-56.165736,-22.288306],[-56.209074,-22.278209],[-56.237457,-22.236618],[-56.316602,-22.21839],[-56.392729,-22.100901],[-56.392941,-22.074996],[-56.503371,-22.097395],[-56.557052,-22.169093],[-56.569109,-22.206634],[-56.643335,-22.246153],[-56.678633,-22.246695],[-56.682422,-22.221501],[-56.720304,-22.256669],[-56.744106,-22.241236],[-56.777369,-22.260126],[-56.793633,-22.242559],[-56.80133,-22.281234],[-56.843968,-22.301057],[-56.904455,-22.266595],[-57.059486,-22.229389],[-57.084113,-22.250865],[-57.104387,-22.227683],[-57.178782,-22.232959],[-57.194788,-22.212304],[-57.237756,-22.251281],[-57.295991,-22.219101],[-57.320161,-22.245607],[-57.407709,-22.197683],[-57.483547,-22.192283],[-57.521104,-22.169328],[-57.580765,-22.175335],[-57.610101,-22.09543],[-57.664299,-22.106409],[-57.70693,-22.091048],[-57.729939,-22.100138],[-57.747719,-22.139045],[-57.77927,-22.125173],[-57.798419,-22.14975],[-57.834122,-22.119604],[-57.863979,-22.131849],[-57.929718,-22.120275],[-57.942,-22.082917],[-57.995068,-22.088708],[-57.983269,-22.070695],[-58.009592,-22.045271],[-57.974947,-22.015408],[-57.936995,-21.927925],[-57.947989,-21.90039],[-57.916168,-21.876292],[-57.969783,-21.844251],[-57.931109,-21.824593],[-57.908496,-21.773973],[-57.940277,-21.758353],[-57.940896,-21.732905],[-57.885181,-21.683576],[-57.930034,-21.657331],[-57.943245,-21.628565],[-57.914559,-21.595612],[-57.961617,-21.562442],[-57.96049,-21.509916],[-57.934414,-21.484124],[-57.892452,-21.377947],[-57.86112,-21.350619],[-57.85474,-21.316872],[-57.894959,-21.307175],[-57.920967,-21.277648],[-57.853017,-21.227133],[-57.848962,-21.187859],[-57.864991,-21.136334],[-57.845889,-21.096931],[-57.866356,-21.039274],[-57.817532,-20.980584],[-57.819778,-20.938],[-57.863602,-20.948845],[-57.88653,-20.908644],[-57.928949,-20.895233],[-57.872683,-20.853902],[-57.859398,-20.824851],[-57.89329,-20.790779],[-57.95949,-20.797905],[-57.934151,-20.745958],[-57.864682,-20.746403],[-57.878072,-20.713705],[-57.929174,-20.664023],[-57.958247,-20.704897],[-57.98823,-20.686725],[-57.970388,-20.644192],[-58.013128,-20.608297],[-57.997182,-20.572368],[-58.019917,-20.514395],[-57.996449,-20.443404],[-58.024616,-20.400094],[-58.073191,-20.387987],[-58.103055,-20.321172],[-58.096648,-20.253925],[-58.144554,-20.271778],[-58.166415,-20.236635],[-58.121847,-20.194396],[-58.168642,-20.165782],[-58.116754,-20.146654],[-58.095418,-20.110368],[-58.053822,-20.10828],[-58.024044,-20.058877],[-57.978977,-20.055459],[-57.963402,-20.026964],[-57.930184,-20.022122],[-57.903614,-20.043267],[-57.8591,-19.971743],[-58.131378,-19.75936],[-57.783291,-19.035066],[-57.710443,-19.034665],[-57.697697,-19.011308],[-57.719237,-18.978138],[-57.719715,-18.899465],[-57.766691,-18.899467],[-57.558286,-18.240667],[-57.454795,-18.233366],[-57.481375,-18.197612],[-57.505136,-18.198615],[-57.574133,-18.131602],[-57.600387,-18.042677],[-57.721429,-17.828989],[-57.68399,-17.828994],[-57.684014,-17.80905],[-57.719306,-17.773081],[-57.711297,-17.728666],[-57.750018,-17.696138],[-57.783001,-17.636819],[-57.776699,-17.586748],[-57.800374,-17.559526],[-57.752296,-17.564464],[-57.883446,-17.449543],[-57.996372,-17.515602],[-58.043383,-17.492668],[-58.060148,-17.450723],[-58.089278,-17.461137],[-58.120726,-17.447641],[-58.122866,-17.414679],[-58.153174,-17.38364],[-58.198062,-17.386112],[-58.202198,-17.357031],[-58.246719,-17.355246],[-58.280455,-17.319082],[-58.278324,-17.299772],[-58.34661,-17.234082],[-58.367654,-17.199104],[-58.398938,-17.183985],[-58.392012,-17.04014],[-58.400462,-16.997783],[-58.43189,-16.991722],[-58.476815,-16.936665],[-58.460517,-16.901382],[-58.461767,-16.794333],[-58.472798,-16.748947],[-58.463102,-16.653193],[-58.436183,-16.592946],[-58.344096,-16.518396],[-58.334983,-16.478668],[-58.356354,-16.426023],[-58.342076,-16.388701],[-58.307309,-16.370744],[-58.30402,-16.309149],[-58.322164,-16.266356],[-58.365914,-16.273718],[-58.38866,-16.261395],[-58.400112,-16.303632],[-58.43065,-16.322681],[-59.472848,-16.27943],[-60.174059,-16.26692],[-60.239554,-15.474552],[-60.575701,-15.097521],[-60.244959,-15.097485],[-60.273652,-14.620994],[-60.323091,-14.610469],[-60.339579,-14.510365],[-60.365333,-14.488997],[-60.383727,-14.439224],[-60.407703,-14.413742],[-60.395896,-14.364173],[-60.45364,-14.314136],[-60.474155,-14.190966],[-60.493047,-14.188211],[-60.474241,-14.149711],[-60.480558,-14.095807],[-60.441512,-14.078728],[-60.407496,-14.03154],[-60.394633,-13.977245],[-60.415543,-13.980373],[-60.418843,-13.937188],[-60.450899,-13.936445],[-60.455402,-13.8571],[-60.492297,-13.852742],[-60.469046,-13.833231],[-60.472679,-13.793717],[-60.528506,-13.791845],[-60.522982,-13.768904],[-60.569415,-13.768702],[-60.574757,-13.747435],[-60.610956,-13.740354],[-60.623512,-13.719534],[-60.646159,-13.738705],[-60.693872,-13.715458],[-60.709315,-13.693005],[-60.713945,-13.676],[-60.686034,-13.625227],[-60.632202,-13.5717],[-60.577647,-13.565228],[-60.533061,-13.536251],[-60.510952,-13.5036],[-60.432004,-13.488432],[-60.387919,-13.454693],[-60.371878,-13.408868],[-60.373484,-13.32444],[-60.324813,-13.250489],[-60.329786,-13.235471],[-60.303838,-13.178367],[-60.268503,-13.144974],[-60.282988,-13.08055],[-60.267613,-13.077289],[-60.183346,-12.967632],[-60.117165,-12.959556],[-60.079113,-12.881139],[-60.08282,-12.852635],[-60.059219,-12.786949],[-60.07484,-12.734484],[-60.056056,-12.699127],[-60.059831,-12.664155],[-60.028942,-12.61857],[-59.981576,-12.592141],[-59.947653,-12.599263],[-59.896054,-12.536447],[-59.898178,-12.50164],[-59.844158,-12.467176],[-59.842546,-12.424845],[-59.79294,-12.345782],[-59.774358,-12.340956],[-59.886796,-12.245085],[-59.910808,-12.186459],[-59.899801,-12.117227],[-59.979362,-12.029551],[-59.967174,-12.002637],[-59.986991,-11.960085],[-59.984194,-11.914821],[-60.006888,-11.894679],[-60.065883,-11.890825],[-60.098871,-11.845558],[-60.096864,-11.795321],[-60.12241,-11.682405],[-60.11091,-11.582488],[-60.057473,-11.5421],[-60.031238,-11.493177],[-59.985408,-11.469337],[-59.976239,-11.43922],[-59.93441,-11.423668],[-59.920633,-11.398011],[-59.917191,-11.338439],[-59.927772,-11.310431],[-59.959467,-11.294732],[-59.979687,-11.239531],[-59.964021,-11.189112],[-59.99502,-11.1482],[-59.976774,-11.122388],[-60.066712,-11.125507],[-60.159274,-11.095652],[-60.191469,-11.114112],[-60.280829,-11.091531],[-60.301249,-11.057154],[-60.341976,-11.082636],[-60.350021,-11.10832],[-60.391555,-11.093793],[-60.411493,-11.046779],[-60.432511,-11.037627],[-60.460051,-10.989853],[-61.000597,-10.988347],[-61.000598,-10.992243],[-61.550256,-10.986097],[-61.530087,-10.979024],[-61.514811,-10.906431],[-61.525146,-10.855806],[-61.47656,-10.766644],[-61.488397,-10.736477],[-61.472393,-10.714974],[-61.499394,-10.698618],[-61.478954,-10.64304],[-61.480815,-10.487745],[-61.461797,-10.419905],[-61.495653,-10.390233],[-61.501722,-10.353779],[-61.553335,-10.307001],[-61.576729,-10.248577],[-61.574004,-10.208961],[-61.551719,-10.19778],[-61.562462,-10.171897],[-61.596804,-10.162375],[-61.58486,-10.061586],[-61.55587,-10.038956],[-61.527987,-9.970434],[-61.524986,-9.906579],[-61.507914,-9.861077],[-61.524913,-9.795731],[-61.54622,-9.788895],[-61.531501,-9.739915],[-61.574637,-9.717789],[-61.532426,-9.711772],[-61.502145,-9.682819],[-61.476963,-9.629857],[-61.5037,-9.612619],[-61.494923,-9.584926],[-61.513442,-9.528533],[-61.549119,-9.512489],[-61.526513,-9.501073],[-61.56274,-9.485771],[-61.581719,-9.459128],[-61.55672,-9.435613],[-61.553153,-9.389061],[-61.613637,-9.355776],[-61.611992,-9.280704],[-61.628339,-9.257093],[-61.568385,-9.237084],[-61.529301,-9.248677],[-61.52364,-9.179019],[-61.555385,-9.131501],[-61.555751,-9.092407],[-61.50573,-8.966187],[-61.469213,-8.920114],[-61.512464,-8.860556],[-61.527193,-8.81686],[-61.583135,-8.798691],[-60.420178,-8.79662],[-60.000524,-8.800885],[-59.481363,-8.803321],[-58.997404,-8.803079],[-58.442864,-8.799402],[-58.388006,-8.774789],[-58.328364,-8.712177],[-58.37585,-8.70371],[-58.411954,-8.720605],[-58.437297,-8.703352],[-58.389518,-8.59479],[-58.410467,-8.570389],[-58.405102,-8.537559],[-58.417803,-8.489523],[-58.354574,-8.392753],[-58.352529,-8.352633],[-58.314897,-8.323062],[-58.328079,-8.285832],[-58.312948,-8.209106],[-58.322464,-8.170042],[-58.29017,-8.135604],[-58.286367,-8.088474],[-58.321731,-8.024982],[-58.331506,-7.968767],[-58.375132,-7.899001],[-58.378216,-7.827441],[-58.29406,-7.771538],[-58.275991,-7.699669],[-58.202173,-7.620853],[-58.222727,-7.524041],[-58.213063,-7.458533],[-58.137886,-7.349025],[-58.061364,-7.395193],[-58.039838,-7.446345],[-58.002169,-7.488127],[-57.952058,-7.580144],[-57.939559,-7.653132],[-57.89675,-7.677888],[-57.879645,-7.781904],[-57.835024,-7.881411],[-57.831866,-7.961513],[-57.77653,-8.052177],[-57.732533,-8.08916],[-57.718751,-8.151222],[-57.672884,-8.172638],[-57.641669,-8.219882],[-57.680221,-8.326943],[-57.667802,-8.363938],[-57.686558,-8.407006],[-57.653997,-8.465072],[-57.659054,-8.50039],[-57.633418,-8.526809],[-57.650502,-8.553369],[-57.622246,-8.591185],[-57.622587,-8.645011],[-57.605302,-8.662835],[-57.592939,-8.756473],[-57.523001,-8.749738],[-57.463532,-8.784746],[-57.417502,-8.792612],[-57.416214,-8.858993],[-57.384383,-8.879555],[-57.317887,-8.885712],[-57.28948,-8.915825],[-57.235496,-8.907433],[-57.203771,-8.920816],[-57.138273,-8.994613],[-57.094601,-9.017112],[-57.090033,-9.038214],[-57.03924,-9.098294],[-57.06044,-9.137132],[-57.060132,-9.181964],[-56.995546,-9.233847],[-56.949324,-9.223989],[-56.820113,-9.246336],[-56.775518,-9.329527],[-56.772328,-9.390955],[-56.754268,-9.406368],[-56.708384,-9.373206],[-56.671887,-9.367396],[-55.487367,-9.46535],[-54.613455,-9.535826],[-54.106613,-9.571918],[-53.000472,-9.655271],[-51.304288,-9.772864],[-50.839909,-9.801023],[-50.224811,-9.841153],[-50.265532,-9.912678],[-50.302646,-10.035415],[-50.339843,-10.06094],[-50.377813,-10.110717],[-50.398262,-10.155466],[-50.381954,-10.212119],[-50.423062,-10.327441],[-50.418116,-10.354558],[-50.473728,-10.404905],[-50.482624,-10.490043],[-50.51679,-10.505544],[-50.519732,-10.562479],[-50.541429,-10.609323],[-50.563175,-10.611321],[-50.602895,-10.658234],[-50.570592,-10.752505],[-50.612195,-10.81032],[-50.619044,-10.864098],[-50.600793,-10.900685],[-50.632623,-10.93186],[-50.609454,-11.067449],[-50.664485,-11.151597],[-50.65473,-11.215031],[-50.671323,-11.286739],[-50.696811,-11.304661],[-50.728507,-11.382568],[-50.742068,-11.460347],[-50.738935,-11.544511],[-50.715989,-11.57895],[-50.672898,-11.580986],[-50.656927,-11.600858],[-50.663706,-11.677529],[-50.721596,-11.731712],[-50.686306,-11.858996],[-50.639284,-11.884563],[-50.668019,-11.930122],[-50.656836,-11.96685],[-50.682243,-11.990889],[-50.687076,-12.035633],[-50.667624,-12.064564],[-50.681379,-12.216948],[-50.643713,-12.222963],[-50.650817,-12.244946],[-50.631264,-12.284879],[-50.648918,-12.299093],[-50.626869,-12.38403],[-50.623576,-12.455288],[-50.653043,-12.460076],[-50.647095,-12.485527],[-50.686478,-12.569202],[-50.673876,-12.600121],[-50.700061,-12.595147],[-50.696397,-12.649689],[-50.656206,-12.645994],[-50.645123,-12.702235],[-50.622963,-12.734634],[-50.636119,-12.771146],[-50.611768,-12.775898],[-50.622734,-12.819737],[-50.566956,-12.843419],[-50.520343,-12.836391],[-50.510976,-12.860893],[-50.484169,-12.808875],[-50.493287,-12.783684]]]}}]}